run_id,seed,policy,dataset,step,x_index,y,mlflow_run_id,ts
grid-diag_pos-Z2-all-1000,1000,diag_pos,Z2/all,3000,0,0.5,,2026-10-04 06:45:12
grid-diag_pos-Z2-all-1001,1001,diag_pos,Z2/all,3000,0,0.5,,2026-10-04 06:45:12
grid-diag_pos-Z2-all-1002,1002,diag_pos,Z2/all,3000,0,0.5,,2026-10-04 06:45:12
grid-diag_pos-Z2-all-1003,1003,diag_pos,Z2/all,3000,0,0.5,,2026-10-04 06:45:12
grid-diag_pos-Z2-all-1004,1004,diag_pos,Z2/all,3000,0,0.5,,2026-10-04 06:45:12
grid-diag_pos-Z2-all-1005,1005,diag_pos,Z2/all,3000,0,0.5,,2026-10-04 06:45:12
grid-diag_pos-Z2-all-1006,1006,diag_pos,Z2/all,3000,0,0.5,,2026-10-04 06:45:12
grid-diag_pos-Z2-all-1007,1007,diag_pos,Z2/all,3000,0,0.49609,,2026-10-04 06:45:12
grid-diag_pos-Z2-all-1008,1008,diag_pos,Z2/all,3000,0,0.5,,2026-10-04 06:45:12
grid-diag_pos-Z2-all-1009,1009,diag_pos,Z2/all,3000,0,0.5,,2026-10-04 06:45:12
grid-diag_pos-Z2-all-1010,1010,diag_pos,Z2/all,3000,0,0.5,,2026-10-04 06:45:12
grid-diag_pos-Z2-all-1011,1011,diag_pos,Z2/all,3000,0,0.5,,2026-10-04 06:45:12
grid-diag_pos-Z2-all-1012,1012,diag_pos,Z2/all,3000,0,0.5,,2026-10-04 06:45:12
grid-diag_pos-Z2-all-1013,1013,diag_pos,Z2/all,3000,0,0.49609,,2026-10-04 06:45:12
grid-diag_pos-Z2-all-1014,1014,diag_pos,Z2/all,3000,0,0.5,,2026-10-04 06:45:12
grid-diag_pos-Z2-all-1015,1015,diag_pos,Z2/all,3000,0,0.5,,2026-10-04 06:45:12
grid-diag_pos-Z2-all-1016,1016,diag_pos,Z2/all,3000,0,0.5,,2026-10-04 06:45:12
grid-diag_pos-Z2-all-1017,1017,diag_pos,Z2/all,3000,0,0.5,,2026-10-04 06:45:12
grid-diag_pos-Z2-all-1018,1018,diag_pos,Z2/all,3000,0,0.5,,2026-10-04 06:45:12
grid-diag_pos-Z2-all-1019,1019,diag_pos,Z2/all,3000,0,0.5,,2026-10-04 06:45:12
grid-diag_pm-Z2-all-1000,1000,diag_pm,Z2/all,3000,0,1.0,,2026-10-04 05:54:30
grid-diag_pm-Z2-all-1001,1001,diag_pm,Z2/all,3000,0,1.0,,2026-10-04 05:54:30
grid-diag_pm-Z2-all-1002,1002,diag_pm,Z2/all,3000,0,1.0,,2026-10-04 05:54:30
grid-diag_pm-Z2-all-1003,1003,diag_pm,Z2/all,3000,0,1.0,,2026-10-04 05:54:30
grid-diag_pm-Z2-all-1004,1004,diag_pm,Z2/all,3000,0,1.0,,2026-10-04 05:54:30
grid-diag_pm-Z2-all-1005,1005,diag_pm,Z2/all,3000,0,1.0,,2026-10-04 05:54:30
grid-diag_pm-Z2-all-1006,1006,diag_pm,Z2/all,3000,0,1.0,,2026-10-04 05:54:30
grid-diag_pm-Z2-all-1007,1007,diag_pm,Z2/all,3000,0,1.0,,2026-10-04 05:54:30
grid-diag_pm-Z2-all-1008,1008,diag_pm,Z2/all,3000,0,1.0,,2026-10-04 05:54:30
grid-diag_pm-Z2-all-1009,1009,diag_pm,Z2/all,3000,0,1.0,,2026-10-04 05:54:30
grid-diag_pm-Z2-all-1010,1010,diag_pm,Z2/all,3000,0,1.0,,2026-10-04 05:54:30
grid-diag_pm-Z2-all-1011,1011,diag_pm,Z2/all,3000,0,1.0,,2026-10-04 05:54:30
grid-diag_pm-Z2-all-1012,1012,diag_pm,Z2/all,3000,0,1.0,,2026-10-04 05:54:30
grid-diag_pm-Z2-all-1013,1013,diag_pm,Z2/all,3000,0,0.88281,,2026-10-04 05:54:30
grid-diag_pm-Z2-all-1014,1014,diag_pm,Z2/all,3000,0,1.0,,2026-10-04 05:54:30
grid-diag_pm-Z2-all-1015,1015,diag_pm,Z2/all,3000,0,1.0,,2026-10-04 05:54:30
grid-diag_pm-Z2-all-1016,1016,diag_pm,Z2/all,3000,0,1.0,,2026-10-04 05:54:30
grid-diag_pm-Z2-all-1017,1017,diag_pm,Z2/all,3000,0,1.0,,2026-10-04 05:54:30
grid-diag_pm-Z2-all-1018,1018,diag_pm,Z2/all,3000,0,1.0,,2026-10-04 05:54:30
grid-diag_pm-Z2-all-1019,1019,diag_pm,Z2/all,3000,0,0.50391,,2026-10-04 05:54:30
grid-hh1-Z2-all-1000,1000,hh1,Z2/all,3000,0,0.49998,,2026-10-04 06:39:51
grid-hh1-Z2-all-1001,1001,hh1,Z2/all,3000,0,0.50099,,2026-10-04 06:39:51
grid-hh1-Z2-all-1002,1002,hh1,Z2/all,3000,0,0.50004,,2026-10-04 06:39:51
grid-hh1-Z2-all-1003,1003,hh1,Z2/all,3000,0,0.4985,,2026-10-04 06:39:51
grid-hh1-Z2-all-1004,1004,hh1,Z2/all,3000,0,0.50146,,2026-10-04 06:39:51
grid-hh1-Z2-all-1005,1005,hh1,Z2/all,3000,0,0.4997,,2026-10-04 06:39:51
grid-hh1-Z2-all-1006,1006,hh1,Z2/all,3000,0,0.50145,,2026-10-04 06:39:51
grid-hh1-Z2-all-1007,1007,hh1,Z2/all,3000,0,0.50052,,2026-10-04 06:39:51
grid-hh1-Z2-all-1008,1008,hh1,Z2/all,3000,0,0.5004,,2026-10-04 06:39:51
grid-hh1-Z2-all-1009,1009,hh1,Z2/all,3000,0,0.5007,,2026-10-04 06:39:51
grid-hh1-Z2-all-1010,1010,hh1,Z2/all,3000,0,0.49891,,2026-10-04 06:39:51
grid-hh1-Z2-all-1011,1011,hh1,Z2/all,3000,0,0.50014,,2026-10-04 06:39:51
grid-hh1-Z2-all-1012,1012,hh1,Z2/all,3000,0,0.50152,,2026-10-04 06:39:51
grid-hh1-Z2-all-1013,1013,hh1,Z2/all,3000,0,0.49925,,2026-10-04 06:39:51
grid-hh1-Z2-all-1014,1014,hh1,Z2/all,3000,0,0.49747,,2026-10-04 06:39:51
grid-hh1-Z2-all-1015,1015,hh1,Z2/all,3000,0,0.50128,,2026-10-04 06:39:51
grid-hh1-Z2-all-1016,1016,hh1,Z2/all,3000,0,0.50135,,2026-10-04 06:39:51
grid-hh1-Z2-all-1017,1017,hh1,Z2/all,3000,0,0.49904,,2026-10-04 06:39:51
grid-hh1-Z2-all-1018,1018,hh1,Z2/all,3000,0,0.502,,2026-10-04 06:39:51
grid-hh1-Z2-all-1019,1019,hh1,Z2/all,3000,0,0.49932,,2026-10-04 06:39:51
grid-hh2-Z2-all-1000,1000,hh2,Z2/all,3000,0,0.54688,,2026-10-04 05:16:00
grid-hh2-Z2-all-1001,1001,hh2,Z2/all,3000,0,0.56641,,2026-10-04 05:16:00
grid-hh2-Z2-all-1002,1002,hh2,Z2/all,3000,0,0.59766,,2026-10-04 05:16:00
grid-hh2-Z2-all-1003,1003,hh2,Z2/all,3000,0,0.59375,,2026-10-04 05:16:00
grid-hh2-Z2-all-1004,1004,hh2,Z2/all,3000,0,0.60938,,2026-10-04 05:16:00
grid-hh2-Z2-all-1005,1005,hh2,Z2/all,3000,0,0.48438,,2026-10-04 05:16:00
grid-hh2-Z2-all-1006,1006,hh2,Z2/all,3000,0,0.64453,,2026-10-04 05:16:00
grid-hh2-Z2-all-1007,1007,hh2,Z2/all,3000,0,1.0,,2026-10-04 05:16:00
grid-hh2-Z2-all-1008,1008,hh2,Z2/all,3000,0,0.53125,,2026-10-04 05:16:00
grid-hh2-Z2-all-1009,1009,hh2,Z2/all,3000,0,0.48438,,2026-10-04 05:16:00
grid-hh2-Z2-all-1010,1010,hh2,Z2/all,3000,0,1.0,,2026-10-04 05:16:00
grid-hh2-Z2-all-1011,1011,hh2,Z2/all,3000,0,1.0,,2026-10-04 05:16:00
grid-hh2-Z2-all-1012,1012,hh2,Z2/all,3000,0,0.14453,,2026-10-04 05:16:00
grid-hh2-Z2-all-1013,1013,hh2,Z2/all,3000,0,0.60938,,2026-10-04 05:16:00
grid-hh2-Z2-all-1014,1014,hh2,Z2/all,3000,0,0.16016,,2026-10-04 05:16:00
grid-hh2-Z2-all-1015,1015,hh2,Z2/all,3000,0,0.60156,,2026-10-04 05:16:00
grid-hh2-Z2-all-1016,1016,hh2,Z2/all,3000,0,0.58594,,2026-10-04 05:16:00
grid-hh2-Z2-all-1017,1017,hh2,Z2/all,3000,0,0.59375,,2026-10-04 05:16:00
grid-hh2-Z2-all-1018,1018,hh2,Z2/all,3000,0,0.57812,,2026-10-04 05:16:00
grid-hh2-Z2-all-1019,1019,hh2,Z2/all,3000,0,0.60938,,2026-10-04 05:16:00
grid-hh3-Z2-all-1000,1000,hh3,Z2/all,3000,0,1.0,,2026-10-04 04:16:57
grid-hh3-Z2-all-1001,1001,hh3,Z2/all,3000,0,1.0,,2026-10-04 04:16:57
grid-hh3-Z2-all-1002,1002,hh3,Z2/all,3000,0,1.0,,2026-10-04 04:16:57
grid-hh3-Z2-all-1003,1003,hh3,Z2/all,3000,0,1.0,,2026-10-04 04:16:57
grid-hh3-Z2-all-1004,1004,hh3,Z2/all,3000,0,1.0,,2026-10-04 04:16:57
grid-hh3-Z2-all-1005,1005,hh3,Z2/all,3000,0,1.0,,2026-10-04 04:16:57
grid-hh3-Z2-all-1006,1006,hh3,Z2/all,3000,0,1.0,,2026-10-04 04:16:57
grid-hh3-Z2-all-1007,1007,hh3,Z2/all,3000,0,1.0,,2026-10-04 04:16:57
grid-hh3-Z2-all-1008,1008,hh3,Z2/all,3000,0,0.91797,,2026-10-04 04:16:57
grid-hh3-Z2-all-1009,1009,hh3,Z2/all,3000,0,1.0,,2026-10-04 04:16:57
grid-hh3-Z2-all-1010,1010,hh3,Z2/all,3000,0,1.0,,2026-10-04 04:16:57
grid-hh3-Z2-all-1011,1011,hh3,Z2/all,3000,0,1.0,,2026-10-04 04:16:57
grid-hh3-Z2-all-1012,1012,hh3,Z2/all,3000,0,1.0,,2026-10-04 04:16:57
grid-hh3-Z2-all-1013,1013,hh3,Z2/all,3000,0,1.0,,2026-10-04 04:16:57
grid-hh3-Z2-all-1014,1014,hh3,Z2/all,3000,0,1.0,,2026-10-04 04:16:57
grid-hh3-Z2-all-1015,1015,hh3,Z2/all,3000,0,1.0,,2026-10-04 04:16:57
grid-hh3-Z2-all-1016,1016,hh3,Z2/all,3000,0,1.0,,2026-10-04 04:16:57
grid-hh3-Z2-all-1017,1017,hh3,Z2/all,3000,0,1.0,,2026-10-04 04:16:57
grid-hh3-Z2-all-1018,1018,hh3,Z2/all,3000,0,1.0,,2026-10-04 04:16:57
grid-hh3-Z2-all-1019,1019,hh3,Z2/all,3000,0,1.0,,2026-10-04 04:16:57
grid-hh4-Z2-all-1000,1000,hh4,Z2/all,3000,0,0.04297,,2026-10-04 04:44:07
grid-hh4-Z2-all-1001,1001,hh4,Z2/all,3000,0,0.89844,,2026-10-04 04:44:07
grid-hh4-Z2-all-1002,1002,hh4,Z2/all,3000,0,0.28516,,2026-10-04 04:44:07
grid-hh4-Z2-all-1003,1003,hh4,Z2/all,3000,0,0.22656,,2026-10-04 04:44:07
grid-hh4-Z2-all-1004,1004,hh4,Z2/all,3000,0,0.63672,,2026-10-04 04:44:07
grid-hh4-Z2-all-1005,1005,hh4,Z2/all,3000,0,0.17188,,2026-10-04 04:44:07
grid-hh4-Z2-all-1006,1006,hh4,Z2/all,3000,0,0.65625,,2026-10-04 04:44:07
grid-hh4-Z2-all-1007,1007,hh4,Z2/all,3000,0,1.0,,2026-10-04 04:44:07
grid-hh4-Z2-all-1008,1008,hh4,Z2/all,3000,0,0.11328,,2026-10-04 04:44:07
grid-hh4-Z2-all-1009,1009,hh4,Z2/all,3000,0,0.10938,,2026-10-04 04:44:07
grid-hh4-Z2-all-1010,1010,hh4,Z2/all,3000,0,1.0,,2026-10-04 04:44:07
grid-hh4-Z2-all-1011,1011,hh4,Z2/all,3000,0,0.5,,2026-10-04 04:44:07
grid-hh4-Z2-all-1012,1012,hh4,Z2/all,3000,0,0.23047,,2026-10-04 04:44:07
grid-hh4-Z2-all-1013,1013,hh4,Z2/all,3000,0,1.0,,2026-10-04 04:44:07
grid-hh4-Z2-all-1014,1014,hh4,Z2/all,3000,0,0.00391,,2026-10-04 04:44:07
grid-hh4-Z2-all-1015,1015,hh4,Z2/all,3000,0,1.0,,2026-10-04 04:44:07
grid-hh4-Z2-all-1016,1016,hh4,Z2/all,3000,0,1.0,,2026-10-04 04:44:07
grid-hh4-Z2-all-1017,1017,hh4,Z2/all,3000,0,1.0,,2026-10-04 04:44:07
grid-hh4-Z2-all-1018,1018,hh4,Z2/all,3000,0,0.40625,,2026-10-04 04:44:07
grid-hh4-Z2-all-1019,1019,hh4,Z2/all,3000,0,0.01172,,2026-10-04 04:44:07
grid-lstm-Z2-all-1000,1000,lstm,Z2/all,3000,0,1.0,,2026-10-04 07:19:28
grid-lstm-Z2-all-1001,1001,lstm,Z2/all,3000,0,1.0,,2026-10-04 07:19:28
grid-lstm-Z2-all-1002,1002,lstm,Z2/all,3000,0,1.0,,2026-10-04 07:19:28
grid-lstm-Z2-all-1003,1003,lstm,Z2/all,3000,0,1.0,,2026-10-04 07:19:28
grid-lstm-Z2-all-1004,1004,lstm,Z2/all,3000,0,1.0,,2026-10-04 07:19:28
grid-lstm-Z2-all-1005,1005,lstm,Z2/all,3000,0,1.0,,2026-10-04 07:19:28
grid-lstm-Z2-all-1006,1006,lstm,Z2/all,3000,0,1.0,,2026-10-04 07:19:28
grid-lstm-Z2-all-1007,1007,lstm,Z2/all,3000,0,1.0,,2026-10-04 07:19:28
grid-lstm-Z2-all-1008,1008,lstm,Z2/all,3000,0,1.0,,2026-10-04 07:19:28
grid-lstm-Z2-all-1009,1009,lstm,Z2/all,3000,0,1.0,,2026-10-04 07:19:28
grid-lstm-Z2-all-1010,1010,lstm,Z2/all,3000,0,1.0,,2026-10-04 07:19:28
grid-lstm-Z2-all-1011,1011,lstm,Z2/all,3000,0,1.0,,2026-10-04 07:19:28
grid-lstm-Z2-all-1012,1012,lstm,Z2/all,3000,0,1.0,,2026-10-04 07:19:28
grid-lstm-Z2-all-1013,1013,lstm,Z2/all,3000,0,1.0,,2026-10-04 07:19:28
grid-lstm-Z2-all-1014,1014,lstm,Z2/all,3000,0,1.0,,2026-10-04 07:19:28
grid-lstm-Z2-all-1015,1015,lstm,Z2/all,3000,0,1.0,,2026-10-04 07:19:28
grid-lstm-Z2-all-1016,1016,lstm,Z2/all,3000,0,1.0,,2026-10-04 07:19:28
grid-lstm-Z2-all-1017,1017,lstm,Z2/all,3000,0,1.0,,2026-10-04 07:19:28
grid-lstm-Z2-all-1018,1018,lstm,Z2/all,3000,0,1.0,,2026-10-04 07:19:28
grid-lstm-Z2-all-1019,1019,lstm,Z2/all,3000,0,1.0,,2026-10-04 07:19:28
grid-diag_pos-Z3-all-1000,1000,diag_pos,Z3/all,3000,0,0.47753,,2026-10-04 05:17:58
grid-diag_pos-Z3-all-1001,1001,diag_pos,Z3/all,3000,0,0.40525,,2026-10-04 05:17:58
grid-diag_pos-Z3-all-1002,1002,diag_pos,Z3/all,3000,0,0.47603,,2026-10-04 05:17:58
grid-diag_pos-Z3-all-1003,1003,diag_pos,Z3/all,3000,0,0.47093,,2026-10-04 05:17:58
grid-diag_pos-Z3-all-1004,1004,diag_pos,Z3/all,3000,0,0.4358,,2026-10-04 05:17:58
grid-diag_pos-Z3-all-1005,1005,diag_pos,Z3/all,3000,0,0.51431,,2026-10-04 05:17:58
grid-diag_pos-Z3-all-1006,1006,diag_pos,Z3/all,3000,0,0.49739,,2026-10-04 05:17:58
grid-diag_pos-Z3-all-1007,1007,diag_pos,Z3/all,3000,0,0.50534,,2026-10-04 05:17:58
grid-diag_pos-Z3-all-1008,1008,diag_pos,Z3/all,3000,0,0.52586,,2026-10-04 05:17:58
grid-diag_pos-Z3-all-1009,1009,diag_pos,Z3/all,3000,0,0.48177,,2026-10-04 05:17:58
grid-diag_pos-Z3-all-1010,1010,diag_pos,Z3/all,3000,0,0.47013,,2026-10-04 05:17:58
grid-diag_pos-Z3-all-1011,1011,diag_pos,Z3/all,3000,0,0.45366,,2026-10-04 05:17:58
grid-diag_pos-Z3-all-1012,1012,diag_pos,Z3/all,3000,0,0.48293,,2026-10-04 05:17:58
grid-diag_pos-Z3-all-1013,1013,diag_pos,Z3/all,3000,0,0.45745,,2026-10-04 05:17:58
grid-diag_pos-Z3-all-1014,1014,diag_pos,Z3/all,3000,0,0.47558,,2026-10-04 05:17:58
grid-diag_pos-Z3-all-1015,1015,diag_pos,Z3/all,3000,0,0.45255,,2026-10-04 05:17:58
grid-diag_pos-Z3-all-1016,1016,diag_pos,Z3/all,3000,0,0.32858,,2026-10-04 05:17:58
grid-diag_pos-Z3-all-1017,1017,diag_pos,Z3/all,3000,0,0.45965,,2026-10-04 05:17:58
grid-diag_pos-Z3-all-1018,1018,diag_pos,Z3/all,3000,0,0.46619,,2026-10-04 05:17:58
grid-diag_pos-Z3-all-1019,1019,diag_pos,Z3/all,3000,0,0.4892,,2026-10-04 05:17:58
grid-diag_pm-Z3-all-1000,1000,diag_pm,Z3/all,3000,0,0.5296,,2026-10-04 05:58:56
grid-diag_pm-Z3-all-1001,1001,diag_pm,Z3/all,3000,0,0.59288,,2026-10-04 05:58:56
grid-diag_pm-Z3-all-1002,1002,diag_pm,Z3/all,3000,0,0.65692,,2026-10-04 05:58:56
grid-diag_pm-Z3-all-1003,1003,diag_pm,Z3/all,3000,0,0.61199,,2026-10-04 05:58:56
grid-diag_pm-Z3-all-1004,1004,diag_pm,Z3/all,3000,0,0.56228,,2026-10-04 05:58:56
grid-diag_pm-Z3-all-1005,1005,diag_pm,Z3/all,3000,0,0.66043,,2026-10-04 05:58:56
grid-diag_pm-Z3-all-1006,1006,diag_pm,Z3/all,3000,0,0.63613,,2026-10-04 05:58:56
grid-diag_pm-Z3-all-1007,1007,diag_pm,Z3/all,3000,0,0.6412,,2026-10-04 05:58:56
grid-diag_pm-Z3-all-1008,1008,diag_pm,Z3/all,3000,0,0.54312,,2026-10-04 05:58:56
grid-diag_pm-Z3-all-1009,1009,diag_pm,Z3/all,3000,0,0.6332,,2026-10-04 05:58:56
grid-diag_pm-Z3-all-1010,1010,diag_pm,Z3/all,3000,0,0.59241,,2026-10-04 05:58:56
grid-diag_pm-Z3-all-1011,1011,diag_pm,Z3/all,3000,0,0.55863,,2026-10-04 05:58:56
grid-diag_pm-Z3-all-1012,1012,diag_pm,Z3/all,3000,0,0.63728,,2026-10-04 05:58:56
grid-diag_pm-Z3-all-1013,1013,diag_pm,Z3/all,3000,0,0.62248,,2026-10-04 05:58:56
grid-diag_pm-Z3-all-1014,1014,diag_pm,Z3/all,3000,0,0.6311,,2026-10-04 05:58:56
grid-diag_pm-Z3-all-1015,1015,diag_pm,Z3/all,3000,0,0.61937,,2026-10-04 05:58:56
grid-diag_pm-Z3-all-1016,1016,diag_pm,Z3/all,3000,0,0.57597,,2026-10-04 05:58:56
grid-diag_pm-Z3-all-1017,1017,diag_pm,Z3/all,3000,0,0.59184,,2026-10-04 05:58:56
grid-diag_pm-Z3-all-1018,1018,diag_pm,Z3/all,3000,0,0.61298,,2026-10-04 05:58:56
grid-diag_pm-Z3-all-1019,1019,diag_pm,Z3/all,3000,0,0.57344,,2026-10-04 05:58:56
grid-hh1-Z3-all-1000,1000,hh1,Z3/all,3000,0,0.33279,,2026-10-04 05:42:58
grid-hh1-Z3-all-1001,1001,hh1,Z3/all,3000,0,0.33264,,2026-10-04 05:42:58
grid-hh1-Z3-all-1002,1002,hh1,Z3/all,3000,0,0.33318,,2026-10-04 05:42:58
grid-hh1-Z3-all-1003,1003,hh1,Z3/all,3000,0,0.33412,,2026-10-04 05:42:58
grid-hh1-Z3-all-1004,1004,hh1,Z3/all,3000,0,0.33321,,2026-10-04 05:42:58
grid-hh1-Z3-all-1005,1005,hh1,Z3/all,3000,0,0.33242,,2026-10-04 05:42:58
grid-hh1-Z3-all-1006,1006,hh1,Z3/all,3000,0,0.3338,,2026-10-04 05:42:58
grid-hh1-Z3-all-1007,1007,hh1,Z3/all,3000,0,0.33363,,2026-10-04 05:42:58
grid-hh1-Z3-all-1008,1008,hh1,Z3/all,3000,0,0.3318,,2026-10-04 05:42:58
grid-hh1-Z3-all-1009,1009,hh1,Z3/all,3000,0,0.33282,,2026-10-04 05:42:58
grid-hh1-Z3-all-1010,1010,hh1,Z3/all,3000,0,0.33643,,2026-10-04 05:42:58
grid-hh1-Z3-all-1011,1011,hh1,Z3/all,3000,0,0.33348,,2026-10-04 05:42:58
grid-hh1-Z3-all-1012,1012,hh1,Z3/all,3000,0,0.33263,,2026-10-04 05:42:58
grid-hh1-Z3-all-1013,1013,hh1,Z3/all,3000,0,0.33286,,2026-10-04 05:42:58
grid-hh1-Z3-all-1014,1014,hh1,Z3/all,3000,0,0.33155,,2026-10-04 05:42:58
grid-hh1-Z3-all-1015,1015,hh1,Z3/all,3000,0,0.33302,,2026-10-04 05:42:58
grid-hh1-Z3-all-1016,1016,hh1,Z3/all,3000,0,0.33387,,2026-10-04 05:42:58
grid-hh1-Z3-all-1017,1017,hh1,Z3/all,3000,0,0.33305,,2026-10-04 05:42:58
grid-hh1-Z3-all-1018,1018,hh1,Z3/all,3000,0,0.33238,,2026-10-04 05:42:58
grid-hh1-Z3-all-1019,1019,hh1,Z3/all,3000,0,0.33363,,2026-10-04 05:42:58
grid-hh2-Z3-all-1000,1000,hh2,Z3/all,3000,0,0.03523,,2026-10-04 05:18:00
grid-hh2-Z3-all-1001,1001,hh2,Z3/all,3000,0,0.00375,,2026-10-04 05:18:00
grid-hh2-Z3-all-1002,1002,hh2,Z3/all,3000,0,0.99999,,2026-10-04 05:18:00
grid-hh2-Z3-all-1003,1003,hh2,Z3/all,3000,0,0.99503,,2026-10-04 05:18:00
grid-hh2-Z3-all-1004,1004,hh2,Z3/all,3000,0,0.98634,,2026-10-04 05:18:00
grid-hh2-Z3-all-1005,1005,hh2,Z3/all,3000,0,0.0,,2026-10-04 05:18:00
grid-hh2-Z3-all-1006,1006,hh2,Z3/all,3000,0,0.01392,,2026-10-04 05:18:00
grid-hh2-Z3-all-1007,1007,hh2,Z3/all,3000,0,0.94973,,2026-10-04 05:18:00
grid-hh2-Z3-all-1008,1008,hh2,Z3/all,3000,0,0.15116,,2026-10-04 05:18:00
grid-hh2-Z3-all-1009,1009,hh2,Z3/all,3000,0,0.99614,,2026-10-04 05:18:00
grid-hh2-Z3-all-1010,1010,hh2,Z3/all,3000,0,0.10195,,2026-10-04 05:18:00
grid-hh2-Z3-all-1011,1011,hh2,Z3/all,3000,0,0.99405,,2026-10-04 05:18:00
grid-hh2-Z3-all-1012,1012,hh2,Z3/all,3000,0,0.99961,,2026-10-04 05:18:00
grid-hh2-Z3-all-1013,1013,hh2,Z3/all,3000,0,0.97456,,2026-10-04 05:18:00
grid-hh2-Z3-all-1014,1014,hh2,Z3/all,3000,0,0.0813,,2026-10-04 05:18:00
grid-hh2-Z3-all-1015,1015,hh2,Z3/all,3000,0,0.9996,,2026-10-04 05:18:00
grid-hh2-Z3-all-1016,1016,hh2,Z3/all,3000,0,0.0013,,2026-10-04 05:18:00
grid-hh2-Z3-all-1017,1017,hh2,Z3/all,3000,0,0.04955,,2026-10-04 05:18:00
grid-hh2-Z3-all-1018,1018,hh2,Z3/all,3000,0,0.04807,,2026-10-04 05:18:00
grid-hh2-Z3-all-1019,1019,hh2,Z3/all,3000,0,0.99947,,2026-10-04 05:18:00
grid-hh3-Z3-all-1000,1000,hh3,Z3/all,3000,0,0.22892,,2026-10-04 04:15:30
grid-hh3-Z3-all-1001,1001,hh3,Z3/all,3000,0,0.99461,,2026-10-04 04:15:30
grid-hh3-Z3-all-1002,1002,hh3,Z3/all,3000,0,0.86921,,2026-10-04 04:15:30
grid-hh3-Z3-all-1003,1003,hh3,Z3/all,3000,0,0.00233,,2026-10-04 04:15:30
grid-hh3-Z3-all-1004,1004,hh3,Z3/all,3000,0,0.95307,,2026-10-04 04:15:30
grid-hh3-Z3-all-1005,1005,hh3,Z3/all,3000,0,0.0004,,2026-10-04 04:15:30
grid-hh3-Z3-all-1006,1006,hh3,Z3/all,3000,0,0.79581,,2026-10-04 04:15:30
grid-hh3-Z3-all-1007,1007,hh3,Z3/all,3000,0,4e-05,,2026-10-04 04:15:30
grid-hh3-Z3-all-1008,1008,hh3,Z3/all,3000,0,0.01482,,2026-10-04 04:15:30
grid-hh3-Z3-all-1009,1009,hh3,Z3/all,3000,0,0.02113,,2026-10-04 04:15:30
grid-hh3-Z3-all-1010,1010,hh3,Z3/all,3000,0,0.0133,,2026-10-04 04:15:30
grid-hh3-Z3-all-1011,1011,hh3,Z3/all,3000,0,0.6604,,2026-10-04 04:15:30
grid-hh3-Z3-all-1012,1012,hh3,Z3/all,3000,0,0.99888,,2026-10-04 04:15:30
grid-hh3-Z3-all-1013,1013,hh3,Z3/all,3000,0,0.0014,,2026-10-04 04:15:30
grid-hh3-Z3-all-1014,1014,hh3,Z3/all,3000,0,1.0,,2026-10-04 04:15:30
grid-hh3-Z3-all-1015,1015,hh3,Z3/all,3000,0,0.97854,,2026-10-04 04:15:30
grid-hh3-Z3-all-1016,1016,hh3,Z3/all,3000,0,0.0014,,2026-10-04 04:15:30
grid-hh3-Z3-all-1017,1017,hh3,Z3/all,3000,0,0.33478,,2026-10-04 04:15:30
grid-hh3-Z3-all-1018,1018,hh3,Z3/all,3000,0,0.99987,,2026-10-04 04:15:30
grid-hh3-Z3-all-1019,1019,hh3,Z3/all,3000,0,0.00424,,2026-10-04 04:15:30
grid-hh4-Z3-all-1000,1000,hh4,Z3/all,3000,0,0.90781,,2026-10-04 04:44:47
grid-hh4-Z3-all-1001,1001,hh4,Z3/all,3000,0,0.0042,,2026-10-04 04:44:47
grid-hh4-Z3-all-1002,1002,hh4,Z3/all,3000,0,1.0,,2026-10-04 04:44:47
grid-hh4-Z3-all-1003,1003,hh4,Z3/all,3000,0,0.01488,,2026-10-04 04:44:47
grid-hh4-Z3-all-1004,1004,hh4,Z3/all,3000,0,0.9883,,2026-10-04 04:44:47
grid-hh4-Z3-all-1005,1005,hh4,Z3/all,3000,0,0.97601,,2026-10-04 04:44:47
grid-hh4-Z3-all-1006,1006,hh4,Z3/all,3000,0,0.92039,,2026-10-04 04:44:47
grid-hh4-Z3-all-1007,1007,hh4,Z3/all,3000,0,0.99818,,2026-10-04 04:44:47
grid-hh4-Z3-all-1008,1008,hh4,Z3/all,3000,0,0.00291,,2026-10-04 04:44:47
grid-hh4-Z3-all-1009,1009,hh4,Z3/all,3000,0,1.0,,2026-10-04 04:44:47
grid-hh4-Z3-all-1010,1010,hh4,Z3/all,3000,0,0.99931,,2026-10-04 04:44:47
grid-hh4-Z3-all-1011,1011,hh4,Z3/all,3000,0,0.92307,,2026-10-04 04:44:47
grid-hh4-Z3-all-1012,1012,hh4,Z3/all,3000,0,1.0,,2026-10-04 04:44:47
grid-hh4-Z3-all-1013,1013,hh4,Z3/all,3000,0,1.0,,2026-10-04 04:44:47
grid-hh4-Z3-all-1014,1014,hh4,Z3/all,3000,0,0.28299,,2026-10-04 04:44:47
grid-hh4-Z3-all-1015,1015,hh4,Z3/all,3000,0,1.0,,2026-10-04 04:44:47
grid-hh4-Z3-all-1016,1016,hh4,Z3/all,3000,0,0.89742,,2026-10-04 04:44:47
grid-hh4-Z3-all-1017,1017,hh4,Z3/all,3000,0,0.4057,,2026-10-04 04:44:47
grid-hh4-Z3-all-1018,1018,hh4,Z3/all,3000,0,0.005,,2026-10-04 04:44:47
grid-hh4-Z3-all-1019,1019,hh4,Z3/all,3000,0,0.63306,,2026-10-04 04:44:47
grid-lstm-Z3-all-1000,1000,lstm,Z3/all,3000,0,0.92725,,2026-10-04 07:19:59
grid-lstm-Z3-all-1001,1001,lstm,Z3/all,3000,0,0.93333,,2026-10-04 07:19:59
grid-lstm-Z3-all-1002,1002,lstm,Z3/all,3000,0,0.92384,,2026-10-04 07:19:59
grid-lstm-Z3-all-1003,1003,lstm,Z3/all,3000,0,0.9995,,2026-10-04 07:19:59
grid-lstm-Z3-all-1004,1004,lstm,Z3/all,3000,0,0.99868,,2026-10-04 07:19:59
grid-lstm-Z3-all-1005,1005,lstm,Z3/all,3000,0,0.97839,,2026-10-04 07:19:59
grid-lstm-Z3-all-1006,1006,lstm,Z3/all,3000,0,0.93513,,2026-10-04 07:19:59
grid-lstm-Z3-all-1007,1007,lstm,Z3/all,3000,0,0.96272,,2026-10-04 07:19:59
grid-lstm-Z3-all-1008,1008,lstm,Z3/all,3000,0,0.9605,,2026-10-04 07:19:59
grid-lstm-Z3-all-1009,1009,lstm,Z3/all,3000,0,0.97545,,2026-10-04 07:19:59
grid-lstm-Z3-all-1010,1010,lstm,Z3/all,3000,0,0.91868,,2026-10-04 07:19:59
grid-lstm-Z3-all-1011,1011,lstm,Z3/all,3000,0,0.91534,,2026-10-04 07:19:59
grid-lstm-Z3-all-1012,1012,lstm,Z3/all,3000,0,0.85917,,2026-10-04 07:19:59
grid-lstm-Z3-all-1013,1013,lstm,Z3/all,3000,0,0.91889,,2026-10-04 07:19:59
grid-lstm-Z3-all-1014,1014,lstm,Z3/all,3000,0,0.90682,,2026-10-04 07:19:59
grid-lstm-Z3-all-1015,1015,lstm,Z3/all,3000,0,0.99209,,2026-10-04 07:19:59
grid-lstm-Z3-all-1016,1016,lstm,Z3/all,3000,0,0.94501,,2026-10-04 07:19:59
grid-lstm-Z3-all-1017,1017,lstm,Z3/all,3000,0,0.9961,,2026-10-04 07:19:59
grid-lstm-Z3-all-1018,1018,lstm,Z3/all,3000,0,0.97759,,2026-10-04 07:19:59
grid-lstm-Z3-all-1019,1019,lstm,Z3/all,3000,0,0.98286,,2026-10-04 07:19:59
grid-diag_pos-Z2p3-all-1000,1000,diag_pos,Z2^3/all,3000,0,0.12653,,2026-10-04 05:23:03
grid-diag_pos-Z2p3-all-1001,1001,diag_pos,Z2^3/all,3000,0,0.1292,,2026-10-04 05:23:03
grid-diag_pos-Z2p3-all-1002,1002,diag_pos,Z2^3/all,3000,0,0.12503,,2026-10-04 05:23:03
grid-diag_pos-Z2p3-all-1003,1003,diag_pos,Z2^3/all,3000,0,0.12567,,2026-10-04 05:23:03
grid-diag_pos-Z2p3-all-1004,1004,diag_pos,Z2^3/all,3000,0,0.12525,,2026-10-04 05:23:03
grid-diag_pos-Z2p3-all-1005,1005,diag_pos,Z2^3/all,3000,0,0.12456,,2026-10-04 05:23:03
grid-diag_pos-Z2p3-all-1006,1006,diag_pos,Z2^3/all,3000,0,0.12757,,2026-10-04 05:23:03
grid-diag_pos-Z2p3-all-1007,1007,diag_pos,Z2^3/all,3000,0,0.12538,,2026-10-04 05:23:03
grid-diag_pos-Z2p3-all-1008,1008,diag_pos,Z2^3/all,3000,0,0.12457,,2026-10-04 05:23:03
grid-diag_pos-Z2p3-all-1009,1009,diag_pos,Z2^3/all,3000,0,0.1276,,2026-10-04 05:23:03
grid-diag_pos-Z2p3-all-1010,1010,diag_pos,Z2^3/all,3000,0,0.12896,,2026-10-04 05:23:03
grid-diag_pos-Z2p3-all-1011,1011,diag_pos,Z2^3/all,3000,0,0.12483,,2026-10-04 05:23:03
grid-diag_pos-Z2p3-all-1012,1012,diag_pos,Z2^3/all,3000,0,0.12548,,2026-10-04 05:23:03
grid-diag_pos-Z2p3-all-1013,1013,diag_pos,Z2^3/all,3000,0,0.12511,,2026-10-04 05:23:03
grid-diag_pos-Z2p3-all-1014,1014,diag_pos,Z2^3/all,3000,0,0.12568,,2026-10-04 05:23:03
grid-diag_pos-Z2p3-all-1015,1015,diag_pos,Z2^3/all,3000,0,0.12516,,2026-10-04 05:23:03
grid-diag_pos-Z2p3-all-1016,1016,diag_pos,Z2^3/all,3000,0,0.12472,,2026-10-04 05:23:03
grid-diag_pos-Z2p3-all-1017,1017,diag_pos,Z2^3/all,3000,0,0.12595,,2026-10-04 05:23:03
grid-diag_pos-Z2p3-all-1018,1018,diag_pos,Z2^3/all,3000,0,0.12527,,2026-10-04 05:23:03
grid-diag_pos-Z2p3-all-1019,1019,diag_pos,Z2^3/all,3000,0,0.12414,,2026-10-04 05:23:03
grid-diag_pm-Z2p3-all-1000,1000,diag_pm,Z2^3/all,3000,0,0.95766,,2026-10-04 06:03:09
grid-diag_pm-Z2p3-all-1001,1001,diag_pm,Z2^3/all,3000,0,0.97279,,2026-10-04 06:03:09
grid-diag_pm-Z2p3-all-1002,1002,diag_pm,Z2^3/all,3000,0,0.99438,,2026-10-04 06:03:09
grid-diag_pm-Z2p3-all-1003,1003,diag_pm,Z2^3/all,3000,0,0.97596,,2026-10-04 06:03:09
grid-diag_pm-Z2p3-all-1004,1004,diag_pm,Z2^3/all,3000,0,0.97028,,2026-10-04 06:03:09
grid-diag_pm-Z2p3-all-1005,1005,diag_pm,Z2^3/all,3000,0,0.96968,,2026-10-04 06:03:09
grid-diag_pm-Z2p3-all-1006,1006,diag_pm,Z2^3/all,3000,0,0.97757,,2026-10-04 06:03:09
grid-diag_pm-Z2p3-all-1007,1007,diag_pm,Z2^3/all,3000,0,0.98994,,2026-10-04 06:03:09
grid-diag_pm-Z2p3-all-1008,1008,diag_pm,Z2^3/all,3000,0,0.94632,,2026-10-04 06:03:09
grid-diag_pm-Z2p3-all-1009,1009,diag_pm,Z2^3/all,3000,0,0.99397,,2026-10-04 06:03:09
grid-diag_pm-Z2p3-all-1010,1010,diag_pm,Z2^3/all,3000,0,0.99742,,2026-10-04 06:03:09
grid-diag_pm-Z2p3-all-1011,1011,diag_pm,Z2^3/all,3000,0,0.98007,,2026-10-04 06:03:09
grid-diag_pm-Z2p3-all-1012,1012,diag_pm,Z2^3/all,3000,0,0.96614,,2026-10-04 06:03:09
grid-diag_pm-Z2p3-all-1013,1013,diag_pm,Z2^3/all,3000,0,0.98628,,2026-10-04 06:03:09
grid-diag_pm-Z2p3-all-1014,1014,diag_pm,Z2^3/all,3000,0,0.93182,,2026-10-04 06:03:09
grid-diag_pm-Z2p3-all-1015,1015,diag_pm,Z2^3/all,3000,0,0.98315,,2026-10-04 06:03:09
grid-diag_pm-Z2p3-all-1016,1016,diag_pm,Z2^3/all,3000,0,0.93755,,2026-10-04 06:03:09
grid-diag_pm-Z2p3-all-1017,1017,diag_pm,Z2^3/all,3000,0,0.95618,,2026-10-04 06:03:09
grid-diag_pm-Z2p3-all-1018,1018,diag_pm,Z2^3/all,3000,0,0.9842,,2026-10-04 06:03:09
grid-diag_pm-Z2p3-all-1019,1019,diag_pm,Z2^3/all,3000,0,0.99527,,2026-10-04 06:03:09
grid-hh1-Z2p3-all-1000,1000,hh1,Z2^3/all,3000,0,0.31694,,2026-10-04 05:50:03
grid-hh1-Z2p3-all-1001,1001,hh1,Z2^3/all,3000,0,0.66299,,2026-10-04 05:50:03
grid-hh1-Z2p3-all-1002,1002,hh1,Z2^3/all,3000,0,0.6787,,2026-10-04 05:50:03
grid-hh1-Z2p3-all-1003,1003,hh1,Z2^3/all,3000,0,0.67439,,2026-10-04 05:50:03
grid-hh1-Z2p3-all-1004,1004,hh1,Z2^3/all,3000,0,0.76917,,2026-10-04 05:50:03
grid-hh1-Z2p3-all-1005,1005,hh1,Z2^3/all,3000,0,0.73743,,2026-10-04 05:50:03
grid-hh1-Z2p3-all-1006,1006,hh1,Z2^3/all,3000,0,0.40413,,2026-10-04 05:50:03
grid-hh1-Z2p3-all-1007,1007,hh1,Z2^3/all,3000,0,0.97121,,2026-10-04 05:50:03
grid-hh1-Z2p3-all-1008,1008,hh1,Z2^3/all,3000,0,0.58044,,2026-10-04 05:50:03
grid-hh1-Z2p3-all-1009,1009,hh1,Z2^3/all,3000,0,0.78661,,2026-10-04 05:50:03
grid-hh1-Z2p3-all-1010,1010,hh1,Z2^3/all,3000,0,0.72303,,2026-10-04 05:50:03
grid-hh1-Z2p3-all-1011,1011,hh1,Z2^3/all,3000,0,0.70815,,2026-10-04 05:50:03
grid-hh1-Z2p3-all-1012,1012,hh1,Z2^3/all,3000,0,0.67961,,2026-10-04 05:50:03
grid-hh1-Z2p3-all-1013,1013,hh1,Z2^3/all,3000,0,0.75173,,2026-10-04 05:50:03
grid-hh1-Z2p3-all-1014,1014,hh1,Z2^3/all,3000,0,0.48772,,2026-10-04 05:50:03
grid-hh1-Z2p3-all-1015,1015,hh1,Z2^3/all,3000,0,0.7179,,2026-10-04 05:50:03
grid-hh1-Z2p3-all-1016,1016,hh1,Z2^3/all,3000,0,0.72526,,2026-10-04 05:50:03
grid-hh1-Z2p3-all-1017,1017,hh1,Z2^3/all,3000,0,0.42973,,2026-10-04 05:50:03
grid-hh1-Z2p3-all-1018,1018,hh1,Z2^3/all,3000,0,0.63215,,2026-10-04 05:50:03
grid-hh1-Z2p3-all-1019,1019,hh1,Z2^3/all,3000,0,0.76691,,2026-10-04 05:50:03
grid-hh2-Z2p3-all-1000,1000,hh2,Z2^3/all,3000,0,1.0,,2026-10-04 05:36:46
grid-hh2-Z2p3-all-1001,1001,hh2,Z2^3/all,3000,0,0.99935,,2026-10-04 05:36:46
grid-hh2-Z2p3-all-1002,1002,hh2,Z2^3/all,3000,0,0.95263,,2026-10-04 05:36:46
grid-hh2-Z2p3-all-1003,1003,hh2,Z2^3/all,3000,0,0.9896,,2026-10-04 05:36:46
grid-hh2-Z2p3-all-1004,1004,hh2,Z2^3/all,3000,0,0.93082,,2026-10-04 05:36:46
grid-hh2-Z2p3-all-1005,1005,hh2,Z2^3/all,3000,0,0.99105,,2026-10-04 05:36:46
grid-hh2-Z2p3-all-1006,1006,hh2,Z2^3/all,3000,0,0.99912,,2026-10-04 05:36:46
grid-hh2-Z2p3-all-1007,1007,hh2,Z2^3/all,3000,0,1.0,,2026-10-04 05:36:46
grid-hh2-Z2p3-all-1008,1008,hh2,Z2^3/all,3000,0,0.99715,,2026-10-04 05:36:46
grid-hh2-Z2p3-all-1009,1009,hh2,Z2^3/all,3000,0,1.0,,2026-10-04 05:36:46
grid-hh2-Z2p3-all-1010,1010,hh2,Z2^3/all,3000,0,0.99796,,2026-10-04 05:36:46
grid-hh2-Z2p3-all-1011,1011,hh2,Z2^3/all,3000,0,1.0,,2026-10-04 05:36:46
grid-hh2-Z2p3-all-1012,1012,hh2,Z2^3/all,3000,0,0.99386,,2026-10-04 05:36:46
grid-hh2-Z2p3-all-1013,1013,hh2,Z2^3/all,3000,0,0.99892,,2026-10-04 05:36:46
grid-hh2-Z2p3-all-1014,1014,hh2,Z2^3/all,3000,0,1.0,,2026-10-04 05:36:46
grid-hh2-Z2p3-all-1015,1015,hh2,Z2^3/all,3000,0,0.99993,,2026-10-04 05:36:46
grid-hh2-Z2p3-all-1016,1016,hh2,Z2^3/all,3000,0,0.99478,,2026-10-04 05:36:46
grid-hh2-Z2p3-all-1017,1017,hh2,Z2^3/all,3000,0,0.99384,,2026-10-04 05:36:46
grid-hh2-Z2p3-all-1018,1018,hh2,Z2^3/all,3000,0,0.99798,,2026-10-04 05:36:46
grid-hh2-Z2p3-all-1019,1019,hh2,Z2^3/all,3000,0,0.99143,,2026-10-04 05:36:46
grid-hh3-Z2p3-all-1000,1000,hh3,Z2^3/all,3000,0,0.99434,,2026-10-04 04:17:45
grid-hh3-Z2p3-all-1001,1001,hh3,Z2^3/all,3000,0,0.97952,,2026-10-04 04:17:45
grid-hh3-Z2p3-all-1002,1002,hh3,Z2^3/all,3000,0,0.99354,,2026-10-04 04:17:45
grid-hh3-Z2p3-all-1003,1003,hh3,Z2^3/all,3000,0,0.96472,,2026-10-04 04:17:45
grid-hh3-Z2p3-all-1004,1004,hh3,Z2^3/all,3000,0,0.99561,,2026-10-04 04:17:45
grid-hh3-Z2p3-all-1005,1005,hh3,Z2^3/all,3000,0,0.98979,,2026-10-04 04:17:45
grid-hh3-Z2p3-all-1006,1006,hh3,Z2^3/all,3000,0,0.99428,,2026-10-04 04:17:45
grid-hh3-Z2p3-all-1007,1007,hh3,Z2^3/all,3000,0,0.99515,,2026-10-04 04:17:45
grid-hh3-Z2p3-all-1008,1008,hh3,Z2^3/all,3000,0,0.99483,,2026-10-04 04:17:45
grid-hh3-Z2p3-all-1009,1009,hh3,Z2^3/all,3000,0,0.99682,,2026-10-04 04:17:45
grid-hh3-Z2p3-all-1010,1010,hh3,Z2^3/all,3000,0,0.98299,,2026-10-04 04:17:45
grid-hh3-Z2p3-all-1011,1011,hh3,Z2^3/all,3000,0,0.99489,,2026-10-04 04:17:45
grid-hh3-Z2p3-all-1012,1012,hh3,Z2^3/all,3000,0,0.99255,,2026-10-04 04:17:45
grid-hh3-Z2p3-all-1013,1013,hh3,Z2^3/all,3000,0,0.98933,,2026-10-04 04:17:45
grid-hh3-Z2p3-all-1014,1014,hh3,Z2^3/all,3000,0,0.98892,,2026-10-04 04:17:45
grid-hh3-Z2p3-all-1015,1015,hh3,Z2^3/all,3000,0,0.97978,,2026-10-04 04:17:45
grid-hh3-Z2p3-all-1016,1016,hh3,Z2^3/all,3000,0,0.9854,,2026-10-04 04:17:45
grid-hh3-Z2p3-all-1017,1017,hh3,Z2^3/all,3000,0,0.98624,,2026-10-04 04:17:45
grid-hh3-Z2p3-all-1018,1018,hh3,Z2^3/all,3000,0,0.99578,,2026-10-04 04:17:45
grid-hh3-Z2p3-all-1019,1019,hh3,Z2^3/all,3000,0,0.98418,,2026-10-04 04:17:45
grid-hh4-Z2p3-all-1000,1000,hh4,Z2^3/all,3000,0,0.97549,,2026-10-04 04:44:59
grid-hh4-Z2p3-all-1001,1001,hh4,Z2^3/all,3000,0,0.97417,,2026-10-04 04:44:59
grid-hh4-Z2p3-all-1002,1002,hh4,Z2^3/all,3000,0,0.96587,,2026-10-04 04:44:59
grid-hh4-Z2p3-all-1003,1003,hh4,Z2^3/all,3000,0,0.95177,,2026-10-04 04:44:59
grid-hh4-Z2p3-all-1004,1004,hh4,Z2^3/all,3000,0,0.98343,,2026-10-04 04:44:59
grid-hh4-Z2p3-all-1005,1005,hh4,Z2^3/all,3000,0,0.98305,,2026-10-04 04:44:59
grid-hh4-Z2p3-all-1006,1006,hh4,Z2^3/all,3000,0,0.99149,,2026-10-04 04:44:59
grid-hh4-Z2p3-all-1007,1007,hh4,Z2^3/all,3000,0,0.99516,,2026-10-04 04:44:59
grid-hh4-Z2p3-all-1008,1008,hh4,Z2^3/all,3000,0,0.98501,,2026-10-04 04:44:59
grid-hh4-Z2p3-all-1009,1009,hh4,Z2^3/all,3000,0,0.96952,,2026-10-04 04:44:59
grid-hh4-Z2p3-all-1010,1010,hh4,Z2^3/all,3000,0,0.9998,,2026-10-04 04:44:59
grid-hh4-Z2p3-all-1011,1011,hh4,Z2^3/all,3000,0,0.97878,,2026-10-04 04:44:59
grid-hh4-Z2p3-all-1012,1012,hh4,Z2^3/all,3000,0,0.99243,,2026-10-04 04:44:59
grid-hh4-Z2p3-all-1013,1013,hh4,Z2^3/all,3000,0,0.98549,,2026-10-04 04:44:59
grid-hh4-Z2p3-all-1014,1014,hh4,Z2^3/all,3000,0,0.96737,,2026-10-04 04:44:59
grid-hh4-Z2p3-all-1015,1015,hh4,Z2^3/all,3000,0,0.99451,,2026-10-04 04:44:59
grid-hh4-Z2p3-all-1016,1016,hh4,Z2^3/all,3000,0,0.97772,,2026-10-04 04:44:59
grid-hh4-Z2p3-all-1017,1017,hh4,Z2^3/all,3000,0,0.98856,,2026-10-04 04:44:59
grid-hh4-Z2p3-all-1018,1018,hh4,Z2^3/all,3000,0,0.98589,,2026-10-04 04:44:59
grid-hh4-Z2p3-all-1019,1019,hh4,Z2^3/all,3000,0,0.97659,,2026-10-04 04:44:59
grid-lstm-Z2p3-all-1000,1000,lstm,Z2^3/all,3000,0,1.0,,2026-10-04 07:25:34
grid-lstm-Z2p3-all-1001,1001,lstm,Z2^3/all,3000,0,1.0,,2026-10-04 07:25:34
grid-lstm-Z2p3-all-1002,1002,lstm,Z2^3/all,3000,0,1.0,,2026-10-04 07:25:34
grid-lstm-Z2p3-all-1003,1003,lstm,Z2^3/all,3000,0,1.0,,2026-10-04 07:25:34
grid-lstm-Z2p3-all-1004,1004,lstm,Z2^3/all,3000,0,1.0,,2026-10-04 07:25:34
grid-lstm-Z2p3-all-1005,1005,lstm,Z2^3/all,3000,0,1.0,,2026-10-04 07:25:34
grid-lstm-Z2p3-all-1006,1006,lstm,Z2^3/all,3000,0,1.0,,2026-10-04 07:25:34
grid-lstm-Z2p3-all-1007,1007,lstm,Z2^3/all,3000,0,1.0,,2026-10-04 07:25:34
grid-lstm-Z2p3-all-1008,1008,lstm,Z2^3/all,3000,0,1.0,,2026-10-04 07:25:34
grid-lstm-Z2p3-all-1009,1009,lstm,Z2^3/all,3000,0,1.0,,2026-10-04 07:25:34
grid-lstm-Z2p3-all-1010,1010,lstm,Z2^3/all,3000,0,1.0,,2026-10-04 07:25:34
grid-lstm-Z2p3-all-1011,1011,lstm,Z2^3/all,3000,0,1.0,,2026-10-04 07:25:34
grid-lstm-Z2p3-all-1012,1012,lstm,Z2^3/all,3000,0,1.0,,2026-10-04 07:25:34
grid-lstm-Z2p3-all-1013,1013,lstm,Z2^3/all,3000,0,1.0,,2026-10-04 07:25:34
grid-lstm-Z2p3-all-1014,1014,lstm,Z2^3/all,3000,0,1.0,,2026-10-04 07:25:34
grid-lstm-Z2p3-all-1015,1015,lstm,Z2^3/all,3000,0,1.0,,2026-10-04 07:25:34
grid-lstm-Z2p3-all-1016,1016,lstm,Z2^3/all,3000,0,1.0,,2026-10-04 07:25:34
grid-lstm-Z2p3-all-1017,1017,lstm,Z2^3/all,3000,0,1.0,,2026-10-04 07:25:34
grid-lstm-Z2p3-all-1018,1018,lstm,Z2^3/all,3000,0,1.0,,2026-10-04 07:25:34
grid-lstm-Z2p3-all-1019,1019,lstm,Z2^3/all,3000,0,1.0,,2026-10-04 07:25:34
grid-diag_pos-S3-transpositions-1000,1000,diag_pos,S3/transpositions,3000,0,0.16671,,2026-10-04 05:27:15
grid-diag_pos-S3-transpositions-1001,1001,diag_pos,S3/transpositions,3000,0,0.16761,,2026-10-04 05:27:15
grid-diag_pos-S3-transpositions-1002,1002,diag_pos,S3/transpositions,3000,0,0.16614,,2026-10-04 05:27:15
grid-diag_pos-S3-transpositions-1003,1003,diag_pos,S3/transpositions,3000,0,0.16767,,2026-10-04 05:27:15
grid-diag_pos-S3-transpositions-1004,1004,diag_pos,S3/transpositions,3000,0,0.16737,,2026-10-04 05:27:15
grid-diag_pos-S3-transpositions-1005,1005,diag_pos,S3/transpositions,3000,0,0.16731,,2026-10-04 05:27:15
grid-diag_pos-S3-transpositions-1006,1006,diag_pos,S3/transpositions,3000,0,0.16722,,2026-10-04 05:27:15
grid-diag_pos-S3-transpositions-1007,1007,diag_pos,S3/transpositions,3000,0,0.16367,,2026-10-04 05:27:15
grid-diag_pos-S3-transpositions-1008,1008,diag_pos,S3/transpositions,3000,0,0.16753,,2026-10-04 05:27:15
grid-diag_pos-S3-transpositions-1009,1009,diag_pos,S3/transpositions,3000,0,0.16444,,2026-10-04 05:27:15
grid-diag_pos-S3-transpositions-1010,1010,diag_pos,S3/transpositions,3000,0,0.16691,,2026-10-04 05:27:15
grid-diag_pos-S3-transpositions-1011,1011,diag_pos,S3/transpositions,3000,0,0.16692,,2026-10-04 05:27:15
grid-diag_pos-S3-transpositions-1012,1012,diag_pos,S3/transpositions,3000,0,0.16608,,2026-10-04 05:27:15
grid-diag_pos-S3-transpositions-1013,1013,diag_pos,S3/transpositions,3000,0,0.16404,,2026-10-04 05:27:15
grid-diag_pos-S3-transpositions-1014,1014,diag_pos,S3/transpositions,3000,0,0.16537,,2026-10-04 05:27:15
grid-diag_pos-S3-transpositions-1015,1015,diag_pos,S3/transpositions,3000,0,0.16624,,2026-10-04 05:27:15
grid-diag_pos-S3-transpositions-1016,1016,diag_pos,S3/transpositions,3000,0,0.16649,,2026-10-04 05:27:15
grid-diag_pos-S3-transpositions-1017,1017,diag_pos,S3/transpositions,3000,0,0.16653,,2026-10-04 05:27:15
grid-diag_pos-S3-transpositions-1018,1018,diag_pos,S3/transpositions,3000,0,0.16797,,2026-10-04 05:27:15
grid-diag_pos-S3-transpositions-1019,1019,diag_pos,S3/transpositions,3000,0,0.16695,,2026-10-04 05:27:15
grid-diag_pm-S3-transpositions-1000,1000,diag_pm,S3/transpositions,3000,0,0.72527,,2026-10-04 06:07:24
grid-diag_pm-S3-transpositions-1001,1001,diag_pm,S3/transpositions,3000,0,0.64872,,2026-10-04 06:07:24
grid-diag_pm-S3-transpositions-1002,1002,diag_pm,S3/transpositions,3000,0,0.69032,,2026-10-04 06:07:24
grid-diag_pm-S3-transpositions-1003,1003,diag_pm,S3/transpositions,3000,0,0.64342,,2026-10-04 06:07:24
grid-diag_pm-S3-transpositions-1004,1004,diag_pm,S3/transpositions,3000,0,0.72639,,2026-10-04 06:07:24
grid-diag_pm-S3-transpositions-1005,1005,diag_pm,S3/transpositions,3000,0,0.67036,,2026-10-04 06:07:24
grid-diag_pm-S3-transpositions-1006,1006,diag_pm,S3/transpositions,3000,0,0.68733,,2026-10-04 06:07:24
grid-diag_pm-S3-transpositions-1007,1007,diag_pm,S3/transpositions,3000,0,0.65498,,2026-10-04 06:07:24
grid-diag_pm-S3-transpositions-1008,1008,diag_pm,S3/transpositions,3000,0,0.70214,,2026-10-04 06:07:24
grid-diag_pm-S3-transpositions-1009,1009,diag_pm,S3/transpositions,3000,0,0.7001,,2026-10-04 06:07:24
grid-diag_pm-S3-transpositions-1010,1010,diag_pm,S3/transpositions,3000,0,0.73049,,2026-10-04 06:07:24
grid-diag_pm-S3-transpositions-1011,1011,diag_pm,S3/transpositions,3000,0,0.64636,,2026-10-04 06:07:24
grid-diag_pm-S3-transpositions-1012,1012,diag_pm,S3/transpositions,3000,0,0.71159,,2026-10-04 06:07:24
grid-diag_pm-S3-transpositions-1013,1013,diag_pm,S3/transpositions,3000,0,0.6779,,2026-10-04 06:07:24
grid-diag_pm-S3-transpositions-1014,1014,diag_pm,S3/transpositions,3000,0,0.74496,,2026-10-04 06:07:24
grid-diag_pm-S3-transpositions-1015,1015,diag_pm,S3/transpositions,3000,0,0.69591,,2026-10-04 06:07:24
grid-diag_pm-S3-transpositions-1016,1016,diag_pm,S3/transpositions,3000,0,0.66205,,2026-10-04 06:07:24
grid-diag_pm-S3-transpositions-1017,1017,diag_pm,S3/transpositions,3000,0,0.66943,,2026-10-04 06:07:24
grid-diag_pm-S3-transpositions-1018,1018,diag_pm,S3/transpositions,3000,0,0.74644,,2026-10-04 06:07:24
grid-diag_pm-S3-transpositions-1019,1019,diag_pm,S3/transpositions,3000,0,0.72201,,2026-10-04 06:07:24
grid-hh1-S3-transpositions-1000,1000,hh1,S3/transpositions,3000,0,0.99802,,2026-10-04 05:56:28
grid-hh1-S3-transpositions-1001,1001,hh1,S3/transpositions,3000,0,0.99222,,2026-10-04 05:56:28
grid-hh1-S3-transpositions-1002,1002,hh1,S3/transpositions,3000,0,0.99676,,2026-10-04 05:56:28
grid-hh1-S3-transpositions-1003,1003,hh1,S3/transpositions,3000,0,0.99739,,2026-10-04 05:56:28
grid-hh1-S3-transpositions-1004,1004,hh1,S3/transpositions,3000,0,0.99519,,2026-10-04 05:56:28
grid-hh1-S3-transpositions-1005,1005,hh1,S3/transpositions,3000,0,1.0,,2026-10-04 05:56:28
grid-hh1-S3-transpositions-1006,1006,hh1,S3/transpositions,3000,0,0.99089,,2026-10-04 05:56:28
grid-hh1-S3-transpositions-1007,1007,hh1,S3/transpositions,3000,0,1.0,,2026-10-04 05:56:28
grid-hh1-S3-transpositions-1008,1008,hh1,S3/transpositions,3000,0,0.9986,,2026-10-04 05:56:28
grid-hh1-S3-transpositions-1009,1009,hh1,S3/transpositions,3000,0,0.99708,,2026-10-04 05:56:28
grid-hh1-S3-transpositions-1010,1010,hh1,S3/transpositions,3000,0,1.0,,2026-10-04 05:56:28
grid-hh1-S3-transpositions-1011,1011,hh1,S3/transpositions,3000,0,0.99445,,2026-10-04 05:56:28
grid-hh1-S3-transpositions-1012,1012,hh1,S3/transpositions,3000,0,0.99946,,2026-10-04 05:56:28
grid-hh1-S3-transpositions-1013,1013,hh1,S3/transpositions,3000,0,0.99816,,2026-10-04 05:56:28
grid-hh1-S3-transpositions-1014,1014,hh1,S3/transpositions,3000,0,1.0,,2026-10-04 05:56:28
grid-hh1-S3-transpositions-1015,1015,hh1,S3/transpositions,3000,0,0.99617,,2026-10-04 05:56:28
grid-hh1-S3-transpositions-1016,1016,hh1,S3/transpositions,3000,0,1.0,,2026-10-04 05:56:28
grid-hh1-S3-transpositions-1017,1017,hh1,S3/transpositions,3000,0,1.0,,2026-10-04 05:56:28
grid-hh1-S3-transpositions-1018,1018,hh1,S3/transpositions,3000,0,0.99966,,2026-10-04 05:56:28
grid-hh1-S3-transpositions-1019,1019,hh1,S3/transpositions,3000,0,1.0,,2026-10-04 05:56:28
grid-hh2-S3-transpositions-1000,1000,hh2,S3/transpositions,3000,0,0.48586,,2026-10-04 05:37:19
grid-hh2-S3-transpositions-1001,1001,hh2,S3/transpositions,3000,0,1.0,,2026-10-04 05:37:19
grid-hh2-S3-transpositions-1002,1002,hh2,S3/transpositions,3000,0,0.99993,,2026-10-04 05:37:19
grid-hh2-S3-transpositions-1003,1003,hh2,S3/transpositions,3000,0,0.99999,,2026-10-04 05:37:19
grid-hh2-S3-transpositions-1004,1004,hh2,S3/transpositions,3000,0,0.99372,,2026-10-04 05:37:19
grid-hh2-S3-transpositions-1005,1005,hh2,S3/transpositions,3000,0,0.21621,,2026-10-04 05:37:19
grid-hh2-S3-transpositions-1006,1006,hh2,S3/transpositions,3000,0,0.0547,,2026-10-04 05:37:19
grid-hh2-S3-transpositions-1007,1007,hh2,S3/transpositions,3000,0,0.50122,,2026-10-04 05:37:19
grid-hh2-S3-transpositions-1008,1008,hh2,S3/transpositions,3000,0,0.50148,,2026-10-04 05:37:19
grid-hh2-S3-transpositions-1009,1009,hh2,S3/transpositions,3000,0,0.99989,,2026-10-04 05:37:19
grid-hh2-S3-transpositions-1010,1010,hh2,S3/transpositions,3000,0,1.0,,2026-10-04 05:37:19
grid-hh2-S3-transpositions-1011,1011,hh2,S3/transpositions,3000,0,0.30013,,2026-10-04 05:37:19
grid-hh2-S3-transpositions-1012,1012,hh2,S3/transpositions,3000,0,0.99993,,2026-10-04 05:37:19
grid-hh2-S3-transpositions-1013,1013,hh2,S3/transpositions,3000,0,0.50025,,2026-10-04 05:37:19
grid-hh2-S3-transpositions-1014,1014,hh2,S3/transpositions,3000,0,0.24273,,2026-10-04 05:37:19
grid-hh2-S3-transpositions-1015,1015,hh2,S3/transpositions,3000,0,0.99916,,2026-10-04 05:37:19
grid-hh2-S3-transpositions-1016,1016,hh2,S3/transpositions,3000,0,0.41887,,2026-10-04 05:37:19
grid-hh2-S3-transpositions-1017,1017,hh2,S3/transpositions,3000,0,0.01757,,2026-10-04 05:37:19
grid-hh2-S3-transpositions-1018,1018,hh2,S3/transpositions,3000,0,0.99998,,2026-10-04 05:37:19
grid-hh2-S3-transpositions-1019,1019,hh2,S3/transpositions,3000,0,0.99905,,2026-10-04 05:37:19
grid-hh3-S3-transpositions-1000,1000,hh3,S3/transpositions,3000,0,1.0,,2026-10-04 05:23:17
grid-hh3-S3-transpositions-1001,1001,hh3,S3/transpositions,3000,0,0.999,,2026-10-04 05:23:17
grid-hh3-S3-transpositions-1002,1002,hh3,S3/transpositions,3000,0,1.0,,2026-10-04 05:23:17
grid-hh3-S3-transpositions-1003,1003,hh3,S3/transpositions,3000,0,1.0,,2026-10-04 05:23:17
grid-hh3-S3-transpositions-1004,1004,hh3,S3/transpositions,3000,0,1.0,,2026-10-04 05:23:17
grid-hh3-S3-transpositions-1005,1005,hh3,S3/transpositions,3000,0,0.39336,,2026-10-04 05:23:17
grid-hh3-S3-transpositions-1006,1006,hh3,S3/transpositions,3000,0,0.99997,,2026-10-04 05:23:17
grid-hh3-S3-transpositions-1007,1007,hh3,S3/transpositions,3000,0,0.99999,,2026-10-04 05:23:17
grid-hh3-S3-transpositions-1008,1008,hh3,S3/transpositions,3000,0,0.99993,,2026-10-04 05:23:17
grid-hh3-S3-transpositions-1009,1009,hh3,S3/transpositions,3000,0,0.99654,,2026-10-04 05:23:17
grid-hh3-S3-transpositions-1010,1010,hh3,S3/transpositions,3000,0,1.0,,2026-10-04 05:23:17
grid-hh3-S3-transpositions-1011,1011,hh3,S3/transpositions,3000,0,0.99988,,2026-10-04 05:23:17
grid-hh3-S3-transpositions-1012,1012,hh3,S3/transpositions,3000,0,0.99998,,2026-10-04 05:23:17
grid-hh3-S3-transpositions-1013,1013,hh3,S3/transpositions,3000,0,0.99935,,2026-10-04 05:23:17
grid-hh3-S3-transpositions-1014,1014,hh3,S3/transpositions,3000,0,1.0,,2026-10-04 05:23:17
grid-hh3-S3-transpositions-1015,1015,hh3,S3/transpositions,3000,0,0.99976,,2026-10-04 05:23:17
grid-hh3-S3-transpositions-1016,1016,hh3,S3/transpositions,3000,0,1.0,,2026-10-04 05:23:17
grid-hh3-S3-transpositions-1017,1017,hh3,S3/transpositions,3000,0,0.99985,,2026-10-04 05:23:17
grid-hh3-S3-transpositions-1018,1018,hh3,S3/transpositions,3000,0,0.99986,,2026-10-04 05:23:17
grid-hh3-S3-transpositions-1019,1019,hh3,S3/transpositions,3000,0,0.99727,,2026-10-04 05:23:17
grid-hh4-S3-transpositions-1000,1000,hh4,S3/transpositions,3000,0,0.99949,,2026-10-04 04:43:26
grid-hh4-S3-transpositions-1001,1001,hh4,S3/transpositions,3000,0,0.99786,,2026-10-04 04:43:26
grid-hh4-S3-transpositions-1002,1002,hh4,S3/transpositions,3000,0,1.0,,2026-10-04 04:43:26
grid-hh4-S3-transpositions-1003,1003,hh4,S3/transpositions,3000,0,0.99944,,2026-10-04 04:43:26
grid-hh4-S3-transpositions-1004,1004,hh4,S3/transpositions,3000,0,0.99913,,2026-10-04 04:43:26
grid-hh4-S3-transpositions-1005,1005,hh4,S3/transpositions,3000,0,1.0,,2026-10-04 04:43:26
grid-hh4-S3-transpositions-1006,1006,hh4,S3/transpositions,3000,0,0.96214,,2026-10-04 04:43:26
grid-hh4-S3-transpositions-1007,1007,hh4,S3/transpositions,3000,0,0.7357,,2026-10-04 04:43:26
grid-hh4-S3-transpositions-1008,1008,hh4,S3/transpositions,3000,0,0.99925,,2026-10-04 04:43:26
grid-hh4-S3-transpositions-1009,1009,hh4,S3/transpositions,3000,0,0.99992,,2026-10-04 04:43:26
grid-hh4-S3-transpositions-1010,1010,hh4,S3/transpositions,3000,0,0.99936,,2026-10-04 04:43:26
grid-hh4-S3-transpositions-1011,1011,hh4,S3/transpositions,3000,0,0.99927,,2026-10-04 04:43:26
grid-hh4-S3-transpositions-1012,1012,hh4,S3/transpositions,3000,0,0.06252,,2026-10-04 04:43:26
grid-hh4-S3-transpositions-1013,1013,hh4,S3/transpositions,3000,0,1.0,,2026-10-04 04:43:26
grid-hh4-S3-transpositions-1014,1014,hh4,S3/transpositions,3000,0,1.0,,2026-10-04 04:43:26
grid-hh4-S3-transpositions-1015,1015,hh4,S3/transpositions,3000,0,0.99345,,2026-10-04 04:43:26
grid-hh4-S3-transpositions-1016,1016,hh4,S3/transpositions,3000,0,1.0,,2026-10-04 04:43:26
grid-hh4-S3-transpositions-1017,1017,hh4,S3/transpositions,3000,0,1.0,,2026-10-04 04:43:26
grid-hh4-S3-transpositions-1018,1018,hh4,S3/transpositions,3000,0,0.99959,,2026-10-04 04:43:26
grid-hh4-S3-transpositions-1019,1019,hh4,S3/transpositions,3000,0,0.99722,,2026-10-04 04:43:26
grid-lstm-S3-transpositions-1000,1000,lstm,S3/transpositions,3000,0,1.0,,2026-10-04 07:25:17
grid-lstm-S3-transpositions-1001,1001,lstm,S3/transpositions,3000,0,1.0,,2026-10-04 07:25:17
grid-lstm-S3-transpositions-1002,1002,lstm,S3/transpositions,3000,0,1.0,,2026-10-04 07:25:17
grid-lstm-S3-transpositions-1003,1003,lstm,S3/transpositions,3000,0,1.0,,2026-10-04 07:25:17
grid-lstm-S3-transpositions-1004,1004,lstm,S3/transpositions,3000,0,1.0,,2026-10-04 07:25:17
grid-lstm-S3-transpositions-1005,1005,lstm,S3/transpositions,3000,0,1.0,,2026-10-04 07:25:17
grid-lstm-S3-transpositions-1006,1006,lstm,S3/transpositions,3000,0,1.0,,2026-10-04 07:25:17
grid-lstm-S3-transpositions-1007,1007,lstm,S3/transpositions,3000,0,1.0,,2026-10-04 07:25:17
grid-lstm-S3-transpositions-1008,1008,lstm,S3/transpositions,3000,0,1.0,,2026-10-04 07:25:17
grid-lstm-S3-transpositions-1009,1009,lstm,S3/transpositions,3000,0,1.0,,2026-10-04 07:25:17
grid-lstm-S3-transpositions-1010,1010,lstm,S3/transpositions,3000,0,1.0,,2026-10-04 07:25:17
grid-lstm-S3-transpositions-1011,1011,lstm,S3/transpositions,3000,0,1.0,,2026-10-04 07:25:17
grid-lstm-S3-transpositions-1012,1012,lstm,S3/transpositions,3000,0,1.0,,2026-10-04 07:25:17
grid-lstm-S3-transpositions-1013,1013,lstm,S3/transpositions,3000,0,1.0,,2026-10-04 07:25:17
grid-lstm-S3-transpositions-1014,1014,lstm,S3/transpositions,3000,0,1.0,,2026-10-04 07:25:17
grid-lstm-S3-transpositions-1015,1015,lstm,S3/transpositions,3000,0,1.0,,2026-10-04 07:25:17
grid-lstm-S3-transpositions-1016,1016,lstm,S3/transpositions,3000,0,1.0,,2026-10-04 07:25:17
grid-lstm-S3-transpositions-1017,1017,lstm,S3/transpositions,3000,0,1.0,,2026-10-04 07:25:17
grid-lstm-S3-transpositions-1018,1018,lstm,S3/transpositions,3000,0,1.0,,2026-10-04 07:25:17
grid-lstm-S3-transpositions-1019,1019,lstm,S3/transpositions,3000,0,1.0,,2026-10-04 07:25:17
grid-diag_pos-S3-all-1000,1000,diag_pos,S3/all,3000,0,0.16719,,2026-10-04 05:31:26
grid-diag_pos-S3-all-1001,1001,diag_pos,S3/all,3000,0,0.16573,,2026-10-04 05:31:26
grid-diag_pos-S3-all-1002,1002,diag_pos,S3/all,3000,0,0.16614,,2026-10-04 05:31:26
grid-diag_pos-S3-all-1003,1003,diag_pos,S3/all,3000,0,0.16542,,2026-10-04 05:31:26
grid-diag_pos-S3-all-1004,1004,diag_pos,S3/all,3000,0,0.16679,,2026-10-04 05:31:26
grid-diag_pos-S3-all-1005,1005,diag_pos,S3/all,3000,0,0.16634,,2026-10-04 05:31:26
grid-diag_pos-S3-all-1006,1006,diag_pos,S3/all,3000,0,0.16805,,2026-10-04 05:31:26
grid-diag_pos-S3-all-1007,1007,diag_pos,S3/all,3000,0,0.16578,,2026-10-04 05:31:26
grid-diag_pos-S3-all-1008,1008,diag_pos,S3/all,3000,0,0.1664,,2026-10-04 05:31:26
grid-diag_pos-S3-all-1009,1009,diag_pos,S3/all,3000,0,0.16689,,2026-10-04 05:31:26
grid-diag_pos-S3-all-1010,1010,diag_pos,S3/all,3000,0,0.16721,,2026-10-04 05:31:26
grid-diag_pos-S3-all-1011,1011,diag_pos,S3/all,3000,0,0.16552,,2026-10-04 05:31:26
grid-diag_pos-S3-all-1012,1012,diag_pos,S3/all,3000,0,0.16739,,2026-10-04 05:31:26
grid-diag_pos-S3-all-1013,1013,diag_pos,S3/all,3000,0,0.16677,,2026-10-04 05:31:26
grid-diag_pos-S3-all-1014,1014,diag_pos,S3/all,3000,0,0.16502,,2026-10-04 05:31:26
grid-diag_pos-S3-all-1015,1015,diag_pos,S3/all,3000,0,0.16538,,2026-10-04 05:31:26
grid-diag_pos-S3-all-1016,1016,diag_pos,S3/all,3000,0,0.16714,,2026-10-04 05:31:26
grid-diag_pos-S3-all-1017,1017,diag_pos,S3/all,3000,0,0.16576,,2026-10-04 05:31:26
grid-diag_pos-S3-all-1018,1018,diag_pos,S3/all,3000,0,0.16824,,2026-10-04 05:31:26
grid-diag_pos-S3-all-1019,1019,diag_pos,S3/all,3000,0,0.16587,,2026-10-04 05:31:26
grid-diag_pm-S3-all-1000,1000,diag_pm,S3/all,3000,0,0.60509,,2026-10-04 06:11:33
grid-diag_pm-S3-all-1001,1001,diag_pm,S3/all,3000,0,0.673,,2026-10-04 06:11:33
grid-diag_pm-S3-all-1002,1002,diag_pm,S3/all,3000,0,0.64301,,2026-10-04 06:11:33
grid-diag_pm-S3-all-1003,1003,diag_pm,S3/all,3000,0,0.59456,,2026-10-04 06:11:33
grid-diag_pm-S3-all-1004,1004,diag_pm,S3/all,3000,0,0.6332,,2026-10-04 06:11:33
grid-diag_pm-S3-all-1005,1005,diag_pm,S3/all,3000,0,0.67909,,2026-10-04 06:11:33
grid-diag_pm-S3-all-1006,1006,diag_pm,S3/all,3000,0,0.64411,,2026-10-04 06:11:33
grid-diag_pm-S3-all-1007,1007,diag_pm,S3/all,3000,0,0.71223,,2026-10-04 06:11:33
grid-diag_pm-S3-all-1008,1008,diag_pm,S3/all,3000,0,0.68513,,2026-10-04 06:11:33
grid-diag_pm-S3-all-1009,1009,diag_pm,S3/all,3000,0,0.67413,,2026-10-04 06:11:33
grid-diag_pm-S3-all-1010,1010,diag_pm,S3/all,3000,0,0.60675,,2026-10-04 06:11:33
grid-diag_pm-S3-all-1011,1011,diag_pm,S3/all,3000,0,0.67992,,2026-10-04 06:11:33
grid-diag_pm-S3-all-1012,1012,diag_pm,S3/all,3000,0,0.6502,,2026-10-04 06:11:33
grid-diag_pm-S3-all-1013,1013,diag_pm,S3/all,3000,0,0.65556,,2026-10-04 06:11:33
grid-diag_pm-S3-all-1014,1014,diag_pm,S3/all,3000,0,0.616,,2026-10-04 06:11:33
grid-diag_pm-S3-all-1015,1015,diag_pm,S3/all,3000,0,0.6258,,2026-10-04 06:11:33
grid-diag_pm-S3-all-1016,1016,diag_pm,S3/all,3000,0,0.62767,,2026-10-04 06:11:33
grid-diag_pm-S3-all-1017,1017,diag_pm,S3/all,3000,0,0.67005,,2026-10-04 06:11:33
grid-diag_pm-S3-all-1018,1018,diag_pm,S3/all,3000,0,0.64713,,2026-10-04 06:11:33
grid-diag_pm-S3-all-1019,1019,diag_pm,S3/all,3000,0,0.62719,,2026-10-04 06:11:33
grid-hh1-S3-all-1000,1000,hh1,S3/all,3000,0,0.33123,,2026-10-04 06:02:50
grid-hh1-S3-all-1001,1001,hh1,S3/all,3000,0,0.20759,,2026-10-04 06:02:50
grid-hh1-S3-all-1002,1002,hh1,S3/all,3000,0,0.32317,,2026-10-04 06:02:50
grid-hh1-S3-all-1003,1003,hh1,S3/all,3000,0,0.32228,,2026-10-04 06:02:50
grid-hh1-S3-all-1004,1004,hh1,S3/all,3000,0,0.32639,,2026-10-04 06:02:50
grid-hh1-S3-all-1005,1005,hh1,S3/all,3000,0,0.31817,,2026-10-04 06:02:50
grid-hh1-S3-all-1006,1006,hh1,S3/all,3000,0,0.31924,,2026-10-04 06:02:50
grid-hh1-S3-all-1007,1007,hh1,S3/all,3000,0,0.32006,,2026-10-04 06:02:50
grid-hh1-S3-all-1008,1008,hh1,S3/all,3000,0,0.24358,,2026-10-04 06:02:50
grid-hh1-S3-all-1009,1009,hh1,S3/all,3000,0,0.31445,,2026-10-04 06:02:50
grid-hh1-S3-all-1010,1010,hh1,S3/all,3000,0,0.33097,,2026-10-04 06:02:50
grid-hh1-S3-all-1011,1011,hh1,S3/all,3000,0,0.30773,,2026-10-04 06:02:50
grid-hh1-S3-all-1012,1012,hh1,S3/all,3000,0,0.31555,,2026-10-04 06:02:50
grid-hh1-S3-all-1013,1013,hh1,S3/all,3000,0,0.20574,,2026-10-04 06:02:50
grid-hh1-S3-all-1014,1014,hh1,S3/all,3000,0,0.31557,,2026-10-04 06:02:50
grid-hh1-S3-all-1015,1015,hh1,S3/all,3000,0,0.3337,,2026-10-04 06:02:50
grid-hh1-S3-all-1016,1016,hh1,S3/all,3000,0,0.30779,,2026-10-04 06:02:50
grid-hh1-S3-all-1017,1017,hh1,S3/all,3000,0,0.29717,,2026-10-04 06:02:50
grid-hh1-S3-all-1018,1018,hh1,S3/all,3000,0,0.31759,,2026-10-04 06:02:50
grid-hh1-S3-all-1019,1019,hh1,S3/all,3000,0,0.30405,,2026-10-04 06:02:50
grid-hh2-S3-all-1000,1000,hh2,S3/all,3000,0,0.98225,,2026-10-04 05:39:06
grid-hh2-S3-all-1001,1001,hh2,S3/all,3000,0,0.99474,,2026-10-04 05:39:06
grid-hh2-S3-all-1002,1002,hh2,S3/all,3000,0,0.97586,,2026-10-04 05:39:06
grid-hh2-S3-all-1003,1003,hh2,S3/all,3000,0,0.98519,,2026-10-04 05:39:06
grid-hh2-S3-all-1004,1004,hh2,S3/all,3000,0,0.9547,,2026-10-04 05:39:06
grid-hh2-S3-all-1005,1005,hh2,S3/all,3000,0,0.99512,,2026-10-04 05:39:06
grid-hh2-S3-all-1006,1006,hh2,S3/all,3000,0,0.97551,,2026-10-04 05:39:06
grid-hh2-S3-all-1007,1007,hh2,S3/all,3000,0,0.99796,,2026-10-04 05:39:06
grid-hh2-S3-all-1008,1008,hh2,S3/all,3000,0,0.99523,,2026-10-04 05:39:06
grid-hh2-S3-all-1009,1009,hh2,S3/all,3000,0,0.99023,,2026-10-04 05:39:06
grid-hh2-S3-all-1010,1010,hh2,S3/all,3000,0,0.99255,,2026-10-04 05:39:06
grid-hh2-S3-all-1011,1011,hh2,S3/all,3000,0,0.98833,,2026-10-04 05:39:06
grid-hh2-S3-all-1012,1012,hh2,S3/all,3000,0,0.98681,,2026-10-04 05:39:06
grid-hh2-S3-all-1013,1013,hh2,S3/all,3000,0,0.98763,,2026-10-04 05:39:06
grid-hh2-S3-all-1014,1014,hh2,S3/all,3000,0,0.97927,,2026-10-04 05:39:06
grid-hh2-S3-all-1015,1015,hh2,S3/all,3000,0,0.98271,,2026-10-04 05:39:06
grid-hh2-S3-all-1016,1016,hh2,S3/all,3000,0,0.9502,,2026-10-04 05:39:06
grid-hh2-S3-all-1017,1017,hh2,S3/all,3000,0,0.26824,,2026-10-04 05:39:06
grid-hh2-S3-all-1018,1018,hh2,S3/all,3000,0,0.9874,,2026-10-04 05:39:06
grid-hh2-S3-all-1019,1019,hh2,S3/all,3000,0,0.98499,,2026-10-04 05:39:06
grid-hh3-S3-all-1000,1000,hh3,S3/all,3000,0,0.9677,,2026-10-04 05:23:53
grid-hh3-S3-all-1001,1001,hh3,S3/all,3000,0,0.98767,,2026-10-04 05:23:53
grid-hh3-S3-all-1002,1002,hh3,S3/all,3000,0,0.9958,,2026-10-04 05:23:53
grid-hh3-S3-all-1003,1003,hh3,S3/all,3000,0,0.99892,,2026-10-04 05:23:53
grid-hh3-S3-all-1004,1004,hh3,S3/all,3000,0,0.99431,,2026-10-04 05:23:53
grid-hh3-S3-all-1005,1005,hh3,S3/all,3000,0,0.98816,,2026-10-04 05:23:53
grid-hh3-S3-all-1006,1006,hh3,S3/all,3000,0,0.99881,,2026-10-04 05:23:53
grid-hh3-S3-all-1007,1007,hh3,S3/all,3000,0,0.98216,,2026-10-04 05:23:53
grid-hh3-S3-all-1008,1008,hh3,S3/all,3000,0,0.99445,,2026-10-04 05:23:53
grid-hh3-S3-all-1009,1009,hh3,S3/all,3000,0,0.96682,,2026-10-04 05:23:53
grid-hh3-S3-all-1010,1010,hh3,S3/all,3000,0,0.98892,,2026-10-04 05:23:53
grid-hh3-S3-all-1011,1011,hh3,S3/all,3000,0,0.99685,,2026-10-04 05:23:53
grid-hh3-S3-all-1012,1012,hh3,S3/all,3000,0,0.98235,,2026-10-04 05:23:53
grid-hh3-S3-all-1013,1013,hh3,S3/all,3000,0,0.97804,,2026-10-04 05:23:53
grid-hh3-S3-all-1014,1014,hh3,S3/all,3000,0,0.99416,,2026-10-04 05:23:53
grid-hh3-S3-all-1015,1015,hh3,S3/all,3000,0,0.98448,,2026-10-04 05:23:53
grid-hh3-S3-all-1016,1016,hh3,S3/all,3000,0,0.95158,,2026-10-04 05:23:53
grid-hh3-S3-all-1017,1017,hh3,S3/all,3000,0,0.97887,,2026-10-04 05:23:53
grid-hh3-S3-all-1018,1018,hh3,S3/all,3000,0,0.97814,,2026-10-04 05:23:53
grid-hh3-S3-all-1019,1019,hh3,S3/all,3000,0,0.98783,,2026-10-04 05:23:53
grid-hh4-S3-all-1000,1000,hh4,S3/all,3000,0,0.99457,,2026-10-04 04:44:37
grid-hh4-S3-all-1001,1001,hh4,S3/all,3000,0,0.50385,,2026-10-04 04:44:37
grid-hh4-S3-all-1002,1002,hh4,S3/all,3000,0,0.99883,,2026-10-04 04:44:37
grid-hh4-S3-all-1003,1003,hh4,S3/all,3000,0,0.99622,,2026-10-04 04:44:37
grid-hh4-S3-all-1004,1004,hh4,S3/all,3000,0,0.99901,,2026-10-04 04:44:37
grid-hh4-S3-all-1005,1005,hh4,S3/all,3000,0,0.99874,,2026-10-04 04:44:37
grid-hh4-S3-all-1006,1006,hh4,S3/all,3000,0,0.99172,,2026-10-04 04:44:37
grid-hh4-S3-all-1007,1007,hh4,S3/all,3000,0,0.99954,,2026-10-04 04:44:37
grid-hh4-S3-all-1008,1008,hh4,S3/all,3000,0,0.99217,,2026-10-04 04:44:37
grid-hh4-S3-all-1009,1009,hh4,S3/all,3000,0,0.99984,,2026-10-04 04:44:37
grid-hh4-S3-all-1010,1010,hh4,S3/all,3000,0,0.99432,,2026-10-04 04:44:37
grid-hh4-S3-all-1011,1011,hh4,S3/all,3000,0,0.99747,,2026-10-04 04:44:37
grid-hh4-S3-all-1012,1012,hh4,S3/all,3000,0,0.99355,,2026-10-04 04:44:37
grid-hh4-S3-all-1013,1013,hh4,S3/all,3000,0,0.99645,,2026-10-04 04:44:37
grid-hh4-S3-all-1014,1014,hh4,S3/all,3000,0,1.0,,2026-10-04 04:44:37
grid-hh4-S3-all-1015,1015,hh4,S3/all,3000,0,0.99704,,2026-10-04 04:44:37
grid-hh4-S3-all-1016,1016,hh4,S3/all,3000,0,0.99583,,2026-10-04 04:44:37
grid-hh4-S3-all-1017,1017,hh4,S3/all,3000,0,0.99309,,2026-10-04 04:44:37
grid-hh4-S3-all-1018,1018,hh4,S3/all,3000,0,0.99027,,2026-10-04 04:44:37
grid-hh4-S3-all-1019,1019,hh4,S3/all,3000,0,0.99738,,2026-10-04 04:44:37
grid-lstm-S3-all-1000,1000,lstm,S3/all,3000,0,1.0,,2026-10-04 07:25:51
grid-lstm-S3-all-1001,1001,lstm,S3/all,3000,0,1.0,,2026-10-04 07:25:51
grid-lstm-S3-all-1002,1002,lstm,S3/all,3000,0,1.0,,2026-10-04 07:25:51
grid-lstm-S3-all-1003,1003,lstm,S3/all,3000,0,1.0,,2026-10-04 07:25:51
grid-lstm-S3-all-1004,1004,lstm,S3/all,3000,0,1.0,,2026-10-04 07:25:51
grid-lstm-S3-all-1005,1005,lstm,S3/all,3000,0,1.0,,2026-10-04 07:25:51
grid-lstm-S3-all-1006,1006,lstm,S3/all,3000,0,1.0,,2026-10-04 07:25:51
grid-lstm-S3-all-1007,1007,lstm,S3/all,3000,0,1.0,,2026-10-04 07:25:51
grid-lstm-S3-all-1008,1008,lstm,S3/all,3000,0,1.0,,2026-10-04 07:25:51
grid-lstm-S3-all-1009,1009,lstm,S3/all,3000,0,1.0,,2026-10-04 07:25:51
grid-lstm-S3-all-1010,1010,lstm,S3/all,3000,0,1.0,,2026-10-04 07:25:51
grid-lstm-S3-all-1011,1011,lstm,S3/all,3000,0,1.0,,2026-10-04 07:25:51
grid-lstm-S3-all-1012,1012,lstm,S3/all,3000,0,1.0,,2026-10-04 07:25:51
grid-lstm-S3-all-1013,1013,lstm,S3/all,3000,0,1.0,,2026-10-04 07:25:51
grid-lstm-S3-all-1014,1014,lstm,S3/all,3000,0,1.0,,2026-10-04 07:25:51
grid-lstm-S3-all-1015,1015,lstm,S3/all,3000,0,1.0,,2026-10-04 07:25:51
grid-lstm-S3-all-1016,1016,lstm,S3/all,3000,0,1.0,,2026-10-04 07:25:51
grid-lstm-S3-all-1017,1017,lstm,S3/all,3000,0,1.0,,2026-10-04 07:25:51
grid-lstm-S3-all-1018,1018,lstm,S3/all,3000,0,1.0,,2026-10-04 07:25:51
grid-lstm-S3-all-1019,1019,lstm,S3/all,3000,0,1.0,,2026-10-04 07:25:51
grid-diag_pos-A5-involutions-1000,1000,diag_pos,A5/involutions,3000,0,0.01685,,2026-10-04 05:35:53
grid-diag_pos-A5-involutions-1001,1001,diag_pos,A5/involutions,3000,0,0.01676,,2026-10-04 05:35:53
grid-diag_pos-A5-involutions-1002,1002,diag_pos,A5/involutions,3000,0,0.01614,,2026-10-04 05:35:53
grid-diag_pos-A5-involutions-1003,1003,diag_pos,A5/involutions,3000,0,0.01627,,2026-10-04 05:35:53
grid-diag_pos-A5-involutions-1004,1004,diag_pos,A5/involutions,3000,0,0.01654,,2026-10-04 05:35:53
grid-diag_pos-A5-involutions-1005,1005,diag_pos,A5/involutions,3000,0,0.01679,,2026-10-04 05:35:53
grid-diag_pos-A5-involutions-1006,1006,diag_pos,A5/involutions,3000,0,0.01671,,2026-10-04 05:35:53
grid-diag_pos-A5-involutions-1007,1007,diag_pos,A5/involutions,3000,0,0.01701,,2026-10-04 05:35:53
grid-diag_pos-A5-involutions-1008,1008,diag_pos,A5/involutions,3000,0,0.01659,,2026-10-04 05:35:53
grid-diag_pos-A5-involutions-1009,1009,diag_pos,A5/involutions,3000,0,0.01621,,2026-10-04 05:35:53
grid-diag_pos-A5-involutions-1010,1010,diag_pos,A5/involutions,3000,0,0.01689,,2026-10-04 05:35:53
grid-diag_pos-A5-involutions-1011,1011,diag_pos,A5/involutions,3000,0,0.01655,,2026-10-04 05:35:53
grid-diag_pos-A5-involutions-1012,1012,diag_pos,A5/involutions,3000,0,0.0168,,2026-10-04 05:35:53
grid-diag_pos-A5-involutions-1013,1013,diag_pos,A5/involutions,3000,0,0.01626,,2026-10-04 05:35:53
grid-diag_pos-A5-involutions-1014,1014,diag_pos,A5/involutions,3000,0,0.01687,,2026-10-04 05:35:53
grid-diag_pos-A5-involutions-1015,1015,diag_pos,A5/involutions,3000,0,0.01656,,2026-10-04 05:35:53
grid-diag_pos-A5-involutions-1016,1016,diag_pos,A5/involutions,3000,0,0.01651,,2026-10-04 05:35:53
grid-diag_pos-A5-involutions-1017,1017,diag_pos,A5/involutions,3000,0,0.01685,,2026-10-04 05:35:53
grid-diag_pos-A5-involutions-1018,1018,diag_pos,A5/involutions,3000,0,0.01772,,2026-10-04 05:35:53
grid-diag_pos-A5-involutions-1019,1019,diag_pos,A5/involutions,3000,0,0.01682,,2026-10-04 05:35:53
grid-diag_pm-A5-involutions-1000,1000,diag_pm,A5/involutions,3000,0,0.01686,,2026-10-04 06:16:15
grid-diag_pm-A5-involutions-1001,1001,diag_pm,A5/involutions,3000,0,0.01676,,2026-10-04 06:16:15
grid-diag_pm-A5-involutions-1002,1002,diag_pm,A5/involutions,3000,0,0.01614,,2026-10-04 06:16:15
grid-diag_pm-A5-involutions-1003,1003,diag_pm,A5/involutions,3000,0,0.01627,,2026-10-04 06:16:15
grid-diag_pm-A5-involutions-1004,1004,diag_pm,A5/involutions,3000,0,0.01654,,2026-10-04 06:16:15
grid-diag_pm-A5-involutions-1005,1005,diag_pm,A5/involutions,3000,0,0.01679,,2026-10-04 06:16:15
grid-diag_pm-A5-involutions-1006,1006,diag_pm,A5/involutions,3000,0,0.01671,,2026-10-04 06:16:15
grid-diag_pm-A5-involutions-1007,1007,diag_pm,A5/involutions,3000,0,0.01701,,2026-10-04 06:16:15
grid-diag_pm-A5-involutions-1008,1008,diag_pm,A5/involutions,3000,0,0.01659,,2026-10-04 06:16:15
grid-diag_pm-A5-involutions-1009,1009,diag_pm,A5/involutions,3000,0,0.01621,,2026-10-04 06:16:15
grid-diag_pm-A5-involutions-1010,1010,diag_pm,A5/involutions,3000,0,0.01688,,2026-10-04 06:16:15
grid-diag_pm-A5-involutions-1011,1011,diag_pm,A5/involutions,3000,0,0.01655,,2026-10-04 06:16:15
grid-diag_pm-A5-involutions-1012,1012,diag_pm,A5/involutions,3000,0,0.0168,,2026-10-04 06:16:15
grid-diag_pm-A5-involutions-1013,1013,diag_pm,A5/involutions,3000,0,0.01669,,2026-10-04 06:16:15
grid-diag_pm-A5-involutions-1014,1014,diag_pm,A5/involutions,3000,0,0.01629,,2026-10-04 06:16:15
grid-diag_pm-A5-involutions-1015,1015,diag_pm,A5/involutions,3000,0,0.01656,,2026-10-04 06:16:15
grid-diag_pm-A5-involutions-1016,1016,diag_pm,A5/involutions,3000,0,0.01651,,2026-10-04 06:16:15
grid-diag_pm-A5-involutions-1017,1017,diag_pm,A5/involutions,3000,0,0.01685,,2026-10-04 06:16:15
grid-diag_pm-A5-involutions-1018,1018,diag_pm,A5/involutions,3000,0,0.01772,,2026-10-04 06:16:15
grid-diag_pm-A5-involutions-1019,1019,diag_pm,A5/involutions,3000,0,0.01701,,2026-10-04 06:16:15
grid-hh1-A5-involutions-1000,1000,hh1,A5/involutions,3000,0,0.01675,,2026-10-04 06:08:25
grid-hh1-A5-involutions-1001,1001,hh1,A5/involutions,3000,0,0.01652,,2026-10-04 06:08:25
grid-hh1-A5-involutions-1002,1002,hh1,A5/involutions,3000,0,0.01618,,2026-10-04 06:08:25
grid-hh1-A5-involutions-1003,1003,hh1,A5/involutions,3000,0,0.01688,,2026-10-04 06:08:25
grid-hh1-A5-involutions-1004,1004,hh1,A5/involutions,3000,0,0.01649,,2026-10-04 06:08:25
grid-hh1-A5-involutions-1005,1005,hh1,A5/involutions,3000,0,0.01678,,2026-10-04 06:08:25
grid-hh1-A5-involutions-1006,1006,hh1,A5/involutions,3000,0,0.01743,,2026-10-04 06:08:25
grid-hh1-A5-involutions-1007,1007,hh1,A5/involutions,3000,0,0.01702,,2026-10-04 06:08:25
grid-hh1-A5-involutions-1008,1008,hh1,A5/involutions,3000,0,0.01659,,2026-10-04 06:08:25
grid-hh1-A5-involutions-1009,1009,hh1,A5/involutions,3000,0,0.01603,,2026-10-04 06:08:25
grid-hh1-A5-involutions-1010,1010,hh1,A5/involutions,3000,0,0.0171,,2026-10-04 06:08:25
grid-hh1-A5-involutions-1011,1011,hh1,A5/involutions,3000,0,0.01656,,2026-10-04 06:08:25
grid-hh1-A5-involutions-1012,1012,hh1,A5/involutions,3000,0,0.01682,,2026-10-04 06:08:25
grid-hh1-A5-involutions-1013,1013,hh1,A5/involutions,3000,0,0.01626,,2026-10-04 06:08:25
grid-hh1-A5-involutions-1014,1014,hh1,A5/involutions,3000,0,0.01676,,2026-10-04 06:08:25
grid-hh1-A5-involutions-1015,1015,hh1,A5/involutions,3000,0,0.01661,,2026-10-04 06:08:25
grid-hh1-A5-involutions-1016,1016,hh1,A5/involutions,3000,0,0.01651,,2026-10-04 06:08:25
grid-hh1-A5-involutions-1017,1017,hh1,A5/involutions,3000,0,0.01745,,2026-10-04 06:08:25
grid-hh1-A5-involutions-1018,1018,hh1,A5/involutions,3000,0,0.01772,,2026-10-04 06:08:25
grid-hh1-A5-involutions-1019,1019,hh1,A5/involutions,3000,0,0.01717,,2026-10-04 06:08:25
grid-hh2-A5-involutions-1000,1000,hh2,A5/involutions,3000,0,0.0173,,2026-10-04 05:40:29
grid-hh2-A5-involutions-1001,1001,hh2,A5/involutions,3000,0,0.01696,,2026-10-04 05:40:29
grid-hh2-A5-involutions-1002,1002,hh2,A5/involutions,3000,0,0.01647,,2026-10-04 05:40:29
grid-hh2-A5-involutions-1003,1003,hh2,A5/involutions,3000,0,0.01621,,2026-10-04 05:40:29
grid-hh2-A5-involutions-1004,1004,hh2,A5/involutions,3000,0,0.01698,,2026-10-04 05:40:29
grid-hh2-A5-involutions-1005,1005,hh2,A5/involutions,3000,0,0.01682,,2026-10-04 05:40:29
grid-hh2-A5-involutions-1006,1006,hh2,A5/involutions,3000,0,0.01613,,2026-10-04 05:40:29
grid-hh2-A5-involutions-1007,1007,hh2,A5/involutions,3000,0,0.01688,,2026-10-04 05:40:29
grid-hh2-A5-involutions-1008,1008,hh2,A5/involutions,3000,0,0.01722,,2026-10-04 05:40:29
grid-hh2-A5-involutions-1009,1009,hh2,A5/involutions,3000,0,0.01652,,2026-10-04 05:40:29
grid-hh2-A5-involutions-1010,1010,hh2,A5/involutions,3000,0,0.01685,,2026-10-04 05:40:29
grid-hh2-A5-involutions-1011,1011,hh2,A5/involutions,3000,0,0.01698,,2026-10-04 05:40:29
grid-hh2-A5-involutions-1012,1012,hh2,A5/involutions,3000,0,0.01662,,2026-10-04 05:40:29
grid-hh2-A5-involutions-1013,1013,hh2,A5/involutions,3000,0,0.01631,,2026-10-04 05:40:29
grid-hh2-A5-involutions-1014,1014,hh2,A5/involutions,3000,0,0.01664,,2026-10-04 05:40:29
grid-hh2-A5-involutions-1015,1015,hh2,A5/involutions,3000,0,0.01639,,2026-10-04 05:40:29
grid-hh2-A5-involutions-1016,1016,hh2,A5/involutions,3000,0,0.01694,,2026-10-04 05:40:29
grid-hh2-A5-involutions-1017,1017,hh2,A5/involutions,3000,0,0.01665,,2026-10-04 05:40:29
grid-hh2-A5-involutions-1018,1018,hh2,A5/involutions,3000,0,0.01642,,2026-10-04 05:40:29
grid-hh2-A5-involutions-1019,1019,hh2,A5/involutions,3000,0,0.01663,,2026-10-04 05:40:29
grid-hh3-A5-involutions-1000,1000,hh3,A5/involutions,3000,0,0.98499,,2026-10-04 05:26:58
grid-hh3-A5-involutions-1001,1001,hh3,A5/involutions,3000,0,0.99864,,2026-10-04 05:26:58
grid-hh3-A5-involutions-1002,1002,hh3,A5/involutions,3000,0,0.99838,,2026-10-04 05:26:58
grid-hh3-A5-involutions-1003,1003,hh3,A5/involutions,3000,0,0.99702,,2026-10-04 05:26:58
grid-hh3-A5-involutions-1004,1004,hh3,A5/involutions,3000,0,0.99789,,2026-10-04 05:26:58
grid-hh3-A5-involutions-1005,1005,hh3,A5/involutions,3000,0,0.99615,,2026-10-04 05:26:58
grid-hh3-A5-involutions-1006,1006,hh3,A5/involutions,3000,0,0.99845,,2026-10-04 05:26:58
grid-hh3-A5-involutions-1007,1007,hh3,A5/involutions,3000,0,0.99495,,2026-10-04 05:26:58
grid-hh3-A5-involutions-1008,1008,hh3,A5/involutions,3000,0,0.99842,,2026-10-04 05:26:58
grid-hh3-A5-involutions-1009,1009,hh3,A5/involutions,3000,0,0.99939,,2026-10-04 05:26:58
grid-hh3-A5-involutions-1010,1010,hh3,A5/involutions,3000,0,0.99702,,2026-10-04 05:26:58
grid-hh3-A5-involutions-1011,1011,hh3,A5/involutions,3000,0,0.9986,,2026-10-04 05:26:58
grid-hh3-A5-involutions-1012,1012,hh3,A5/involutions,3000,0,0.99255,,2026-10-04 05:26:58
grid-hh3-A5-involutions-1013,1013,hh3,A5/involutions,3000,0,0.99044,,2026-10-04 05:26:58
grid-hh3-A5-involutions-1014,1014,hh3,A5/involutions,3000,0,0.9995,,2026-10-04 05:26:58
grid-hh3-A5-involutions-1015,1015,hh3,A5/involutions,3000,0,0.99567,,2026-10-04 05:26:58
grid-hh3-A5-involutions-1016,1016,hh3,A5/involutions,3000,0,0.99914,,2026-10-04 05:26:58
grid-hh3-A5-involutions-1017,1017,hh3,A5/involutions,3000,0,0.99773,,2026-10-04 05:26:58
grid-hh3-A5-involutions-1018,1018,hh3,A5/involutions,3000,0,0.99572,,2026-10-04 05:26:58
grid-hh3-A5-involutions-1019,1019,hh3,A5/involutions,3000,0,0.99828,,2026-10-04 05:26:58
grid-hh4-A5-involutions-1000,1000,hh4,A5/involutions,3000,0,0.99246,,2026-10-04 04:55:06
grid-hh4-A5-involutions-1001,1001,hh4,A5/involutions,3000,0,0.99689,,2026-10-04 04:55:06
grid-hh4-A5-involutions-1002,1002,hh4,A5/involutions,3000,0,0.99725,,2026-10-04 04:55:06
grid-hh4-A5-involutions-1003,1003,hh4,A5/involutions,3000,0,0.99739,,2026-10-04 04:55:06
grid-hh4-A5-involutions-1004,1004,hh4,A5/involutions,3000,0,0.99813,,2026-10-04 04:55:06
grid-hh4-A5-involutions-1005,1005,hh4,A5/involutions,3000,0,0.97271,,2026-10-04 04:55:06
grid-hh4-A5-involutions-1006,1006,hh4,A5/involutions,3000,0,0.97253,,2026-10-04 04:55:06
grid-hh4-A5-involutions-1007,1007,hh4,A5/involutions,3000,0,0.99625,,2026-10-04 04:55:06
grid-hh4-A5-involutions-1008,1008,hh4,A5/involutions,3000,0,0.99738,,2026-10-04 04:55:06
grid-hh4-A5-involutions-1009,1009,hh4,A5/involutions,3000,0,0.9956,,2026-10-04 04:55:06
grid-hh4-A5-involutions-1010,1010,hh4,A5/involutions,3000,0,0.9971,,2026-10-04 04:55:06
grid-hh4-A5-involutions-1011,1011,hh4,A5/involutions,3000,0,0.99501,,2026-10-04 04:55:06
grid-hh4-A5-involutions-1012,1012,hh4,A5/involutions,3000,0,0.9724,,2026-10-04 04:55:06
grid-hh4-A5-involutions-1013,1013,hh4,A5/involutions,3000,0,0.99128,,2026-10-04 04:55:06
grid-hh4-A5-involutions-1014,1014,hh4,A5/involutions,3000,0,0.9953,,2026-10-04 04:55:06
grid-hh4-A5-involutions-1015,1015,hh4,A5/involutions,3000,0,0.99584,,2026-10-04 04:55:06
grid-hh4-A5-involutions-1016,1016,hh4,A5/involutions,3000,0,0.97259,,2026-10-04 04:55:06
grid-hh4-A5-involutions-1017,1017,hh4,A5/involutions,3000,0,0.99701,,2026-10-04 04:55:06
grid-hh4-A5-involutions-1018,1018,hh4,A5/involutions,3000,0,0.98354,,2026-10-04 04:55:06
grid-hh4-A5-involutions-1019,1019,hh4,A5/involutions,3000,0,0.99312,,2026-10-04 04:55:06
grid-lstm-A5-involutions-1000,1000,lstm,A5/involutions,3000,0,0.01729,,2026-10-04 07:28:25
grid-lstm-A5-involutions-1001,1001,lstm,A5/involutions,3000,0,0.01694,,2026-10-04 07:28:25
grid-lstm-A5-involutions-1002,1002,lstm,A5/involutions,3000,0,0.01646,,2026-10-04 07:28:25
grid-lstm-A5-involutions-1003,1003,lstm,A5/involutions,3000,0,0.01622,,2026-10-04 07:28:25
grid-lstm-A5-involutions-1004,1004,lstm,A5/involutions,3000,0,0.017,,2026-10-04 07:28:25
grid-lstm-A5-involutions-1005,1005,lstm,A5/involutions,3000,0,0.01682,,2026-10-04 07:28:25
grid-lstm-A5-involutions-1006,1006,lstm,A5/involutions,3000,0,0.01612,,2026-10-04 07:28:25
grid-lstm-A5-involutions-1007,1007,lstm,A5/involutions,3000,0,0.01686,,2026-10-04 07:28:25
grid-lstm-A5-involutions-1008,1008,lstm,A5/involutions,3000,0,0.01718,,2026-10-04 07:28:25
grid-lstm-A5-involutions-1009,1009,lstm,A5/involutions,3000,0,0.01651,,2026-10-04 07:28:25
grid-lstm-A5-involutions-1010,1010,lstm,A5/involutions,3000,0,0.01685,,2026-10-04 07:28:25
grid-lstm-A5-involutions-1011,1011,lstm,A5/involutions,3000,0,0.01698,,2026-10-04 07:28:25
grid-lstm-A5-involutions-1012,1012,lstm,A5/involutions,3000,0,0.01665,,2026-10-04 07:28:25
grid-lstm-A5-involutions-1013,1013,lstm,A5/involutions,3000,0,0.01633,,2026-10-04 07:28:25
grid-lstm-A5-involutions-1014,1014,lstm,A5/involutions,3000,0,0.01665,,2026-10-04 07:28:25
grid-lstm-A5-involutions-1015,1015,lstm,A5/involutions,3000,0,0.01639,,2026-10-04 07:28:25
grid-lstm-A5-involutions-1016,1016,lstm,A5/involutions,3000,0,0.01698,,2026-10-04 07:28:25
grid-lstm-A5-involutions-1017,1017,lstm,A5/involutions,3000,0,0.01666,,2026-10-04 07:28:25
grid-lstm-A5-involutions-1018,1018,lstm,A5/involutions,3000,0,0.01642,,2026-10-04 07:28:25
grid-lstm-A5-involutions-1019,1019,lstm,A5/involutions,3000,0,0.0166,,2026-10-04 07:28:25
grid-diag_pos-A5-all-1000,1000,diag_pos,A5/all,3000,0,0.01652,,2026-10-04 05:40:01
grid-diag_pos-A5-all-1001,1001,diag_pos,A5/all,3000,0,0.01699,,2026-10-04 05:40:01
grid-diag_pos-A5-all-1002,1002,diag_pos,A5/all,3000,0,0.01637,,2026-10-04 05:40:01
grid-diag_pos-A5-all-1003,1003,diag_pos,A5/all,3000,0,0.01697,,2026-10-04 05:40:01
grid-diag_pos-A5-all-1004,1004,diag_pos,A5/all,3000,0,0.01667,,2026-10-04 05:40:01
grid-diag_pos-A5-all-1005,1005,diag_pos,A5/all,3000,0,0.01572,,2026-10-04 05:40:01
grid-diag_pos-A5-all-1006,1006,diag_pos,A5/all,3000,0,0.01698,,2026-10-04 05:40:01
grid-diag_pos-A5-all-1007,1007,diag_pos,A5/all,3000,0,0.01677,,2026-10-04 05:40:01
grid-diag_pos-A5-all-1008,1008,diag_pos,A5/all,3000,0,0.01656,,2026-10-04 05:40:01
grid-diag_pos-A5-all-1009,1009,diag_pos,A5/all,3000,0,0.0163,,2026-10-04 05:40:01
grid-diag_pos-A5-all-1010,1010,diag_pos,A5/all,3000,0,0.01629,,2026-10-04 05:40:01
grid-diag_pos-A5-all-1011,1011,diag_pos,A5/all,3000,0,0.0162,,2026-10-04 05:40:01
grid-diag_pos-A5-all-1012,1012,diag_pos,A5/all,3000,0,0.01712,,2026-10-04 05:40:01
grid-diag_pos-A5-all-1013,1013,diag_pos,A5/all,3000,0,0.01692,,2026-10-04 05:40:01
grid-diag_pos-A5-all-1014,1014,diag_pos,A5/all,3000,0,0.0166,,2026-10-04 05:40:01
grid-diag_pos-A5-all-1015,1015,diag_pos,A5/all,3000,0,0.01652,,2026-10-04 05:40:01
grid-diag_pos-A5-all-1016,1016,diag_pos,A5/all,3000,0,0.01665,,2026-10-04 05:40:01
grid-diag_pos-A5-all-1017,1017,diag_pos,A5/all,3000,0,0.01666,,2026-10-04 05:40:01
grid-diag_pos-A5-all-1018,1018,diag_pos,A5/all,3000,0,0.01601,,2026-10-04 05:40:01
grid-diag_pos-A5-all-1019,1019,diag_pos,A5/all,3000,0,0.01746,,2026-10-04 05:40:01
grid-diag_pm-A5-all-1000,1000,diag_pm,A5/all,3000,0,0.01652,,2026-10-04 06:20:37
grid-diag_pm-A5-all-1001,1001,diag_pm,A5/all,3000,0,0.01699,,2026-10-04 06:20:37
grid-diag_pm-A5-all-1002,1002,diag_pm,A5/all,3000,0,0.01637,,2026-10-04 06:20:37
grid-diag_pm-A5-all-1003,1003,diag_pm,A5/all,3000,0,0.01697,,2026-10-04 06:20:37
grid-diag_pm-A5-all-1004,1004,diag_pm,A5/all,3000,0,0.01721,,2026-10-04 06:20:37
grid-diag_pm-A5-all-1005,1005,diag_pm,A5/all,3000,0,0.01628,,2026-10-04 06:20:37
grid-diag_pm-A5-all-1006,1006,diag_pm,A5/all,3000,0,0.01698,,2026-10-04 06:20:37
grid-diag_pm-A5-all-1007,1007,diag_pm,A5/all,3000,0,0.01677,,2026-10-04 06:20:37
grid-diag_pm-A5-all-1008,1008,diag_pm,A5/all,3000,0,0.01656,,2026-10-04 06:20:37
grid-diag_pm-A5-all-1009,1009,diag_pm,A5/all,3000,0,0.0163,,2026-10-04 06:20:37
grid-diag_pm-A5-all-1010,1010,diag_pm,A5/all,3000,0,0.01629,,2026-10-04 06:20:37
grid-diag_pm-A5-all-1011,1011,diag_pm,A5/all,3000,0,0.0162,,2026-10-04 06:20:37
grid-diag_pm-A5-all-1012,1012,diag_pm,A5/all,3000,0,0.0165,,2026-10-04 06:20:37
grid-diag_pm-A5-all-1013,1013,diag_pm,A5/all,3000,0,0.01692,,2026-10-04 06:20:37
grid-diag_pm-A5-all-1014,1014,diag_pm,A5/all,3000,0,0.0166,,2026-10-04 06:20:37
grid-diag_pm-A5-all-1015,1015,diag_pm,A5/all,3000,0,0.01652,,2026-10-04 06:20:37
grid-diag_pm-A5-all-1016,1016,diag_pm,A5/all,3000,0,0.01665,,2026-10-04 06:20:37
grid-diag_pm-A5-all-1017,1017,diag_pm,A5/all,3000,0,0.01591,,2026-10-04 06:20:37
grid-diag_pm-A5-all-1018,1018,diag_pm,A5/all,3000,0,0.01601,,2026-10-04 06:20:37
grid-diag_pm-A5-all-1019,1019,diag_pm,A5/all,3000,0,0.01657,,2026-10-04 06:20:37
grid-hh1-A5-all-1000,1000,hh1,A5/all,3000,0,0.01652,,2026-10-04 06:14:43
grid-hh1-A5-all-1001,1001,hh1,A5/all,3000,0,0.01699,,2026-10-04 06:14:43
grid-hh1-A5-all-1002,1002,hh1,A5/all,3000,0,0.01636,,2026-10-04 06:14:43
grid-hh1-A5-all-1003,1003,hh1,A5/all,3000,0,0.01697,,2026-10-04 06:14:43
grid-hh1-A5-all-1004,1004,hh1,A5/all,3000,0,0.01721,,2026-10-04 06:14:43
grid-hh1-A5-all-1005,1005,hh1,A5/all,3000,0,0.01628,,2026-10-04 06:14:43
grid-hh1-A5-all-1006,1006,hh1,A5/all,3000,0,0.01733,,2026-10-04 06:14:43
grid-hh1-A5-all-1007,1007,hh1,A5/all,3000,0,0.01677,,2026-10-04 06:14:43
grid-hh1-A5-all-1008,1008,hh1,A5/all,3000,0,0.01656,,2026-10-04 06:14:43
grid-hh1-A5-all-1009,1009,hh1,A5/all,3000,0,0.01656,,2026-10-04 06:14:43
grid-hh1-A5-all-1010,1010,hh1,A5/all,3000,0,0.01629,,2026-10-04 06:14:43
grid-hh1-A5-all-1011,1011,hh1,A5/all,3000,0,0.0162,,2026-10-04 06:14:43
grid-hh1-A5-all-1012,1012,hh1,A5/all,3000,0,0.0165,,2026-10-04 06:14:43
grid-hh1-A5-all-1013,1013,hh1,A5/all,3000,0,0.01692,,2026-10-04 06:14:43
grid-hh1-A5-all-1014,1014,hh1,A5/all,3000,0,0.01668,,2026-10-04 06:14:43
grid-hh1-A5-all-1015,1015,hh1,A5/all,3000,0,0.01652,,2026-10-04 06:14:43
grid-hh1-A5-all-1016,1016,hh1,A5/all,3000,0,0.0169,,2026-10-04 06:14:43
grid-hh1-A5-all-1017,1017,hh1,A5/all,3000,0,0.01591,,2026-10-04 06:14:43
grid-hh1-A5-all-1018,1018,hh1,A5/all,3000,0,0.01601,,2026-10-04 06:14:43
grid-hh1-A5-all-1019,1019,hh1,A5/all,3000,0,0.01698,,2026-10-04 06:14:43
grid-hh2-A5-all-1000,1000,hh2,A5/all,3000,0,0.01652,,2026-10-04 05:49:30
grid-hh2-A5-all-1001,1001,hh2,A5/all,3000,0,0.01699,,2026-10-04 05:49:30
grid-hh2-A5-all-1002,1002,hh2,A5/all,3000,0,0.01637,,2026-10-04 05:49:30
grid-hh2-A5-all-1003,1003,hh2,A5/all,3000,0,0.01697,,2026-10-04 05:49:30
grid-hh2-A5-all-1004,1004,hh2,A5/all,3000,0,0.01707,,2026-10-04 05:49:30
grid-hh2-A5-all-1005,1005,hh2,A5/all,3000,0,0.01642,,2026-10-04 05:49:30
grid-hh2-A5-all-1006,1006,hh2,A5/all,3000,0,0.01733,,2026-10-04 05:49:30
grid-hh2-A5-all-1007,1007,hh2,A5/all,3000,0,0.01677,,2026-10-04 05:49:30
grid-hh2-A5-all-1008,1008,hh2,A5/all,3000,0,0.01655,,2026-10-04 05:49:30
grid-hh2-A5-all-1009,1009,hh2,A5/all,3000,0,0.01644,,2026-10-04 05:49:30
grid-hh2-A5-all-1010,1010,hh2,A5/all,3000,0,0.01629,,2026-10-04 05:49:30
grid-hh2-A5-all-1011,1011,hh2,A5/all,3000,0,0.0162,,2026-10-04 05:49:30
grid-hh2-A5-all-1012,1012,hh2,A5/all,3000,0,0.0165,,2026-10-04 05:49:30
grid-hh2-A5-all-1013,1013,hh2,A5/all,3000,0,0.01692,,2026-10-04 05:49:30
grid-hh2-A5-all-1014,1014,hh2,A5/all,3000,0,0.01615,,2026-10-04 05:49:30
grid-hh2-A5-all-1015,1015,hh2,A5/all,3000,0,0.01652,,2026-10-04 05:49:30
grid-hh2-A5-all-1016,1016,hh2,A5/all,3000,0,0.01665,,2026-10-04 05:49:30
grid-hh2-A5-all-1017,1017,hh2,A5/all,3000,0,0.01591,,2026-10-04 05:49:30
grid-hh2-A5-all-1018,1018,hh2,A5/all,3000,0,0.01601,,2026-10-04 05:49:30
grid-hh2-A5-all-1019,1019,hh2,A5/all,3000,0,0.0169,,2026-10-04 05:49:30
grid-hh3-A5-all-1000,1000,hh3,A5/all,3000,0,0.01652,,2026-10-04 05:47:44
grid-hh3-A5-all-1001,1001,hh3,A5/all,3000,0,0.01665,,2026-10-04 05:47:44
grid-hh3-A5-all-1002,1002,hh3,A5/all,3000,0,0.01636,,2026-10-04 05:47:44
grid-hh3-A5-all-1003,1003,hh3,A5/all,3000,0,0.01697,,2026-10-04 05:47:44
grid-hh3-A5-all-1004,1004,hh3,A5/all,3000,0,0.01722,,2026-10-04 05:47:44
grid-hh3-A5-all-1005,1005,hh3,A5/all,3000,0,0.01572,,2026-10-04 05:47:44
grid-hh3-A5-all-1006,1006,hh3,A5/all,3000,0,0.01698,,2026-10-04 05:47:44
grid-hh3-A5-all-1007,1007,hh3,A5/all,3000,0,0.01676,,2026-10-04 05:47:44
grid-hh3-A5-all-1008,1008,hh3,A5/all,3000,0,0.01656,,2026-10-04 05:47:44
grid-hh3-A5-all-1009,1009,hh3,A5/all,3000,0,0.01762,,2026-10-04 05:47:44
grid-hh3-A5-all-1010,1010,hh3,A5/all,3000,0,0.01629,,2026-10-04 05:47:44
grid-hh3-A5-all-1011,1011,hh3,A5/all,3000,0,0.0162,,2026-10-04 05:47:44
grid-hh3-A5-all-1012,1012,hh3,A5/all,3000,0,0.01651,,2026-10-04 05:47:44
grid-hh3-A5-all-1013,1013,hh3,A5/all,3000,0,0.0169,,2026-10-04 05:47:44
grid-hh3-A5-all-1014,1014,hh3,A5/all,3000,0,0.01667,,2026-10-04 05:47:44
grid-hh3-A5-all-1015,1015,hh3,A5/all,3000,0,0.01652,,2026-10-04 05:47:44
grid-hh3-A5-all-1016,1016,hh3,A5/all,3000,0,0.01665,,2026-10-04 05:47:44
grid-hh3-A5-all-1017,1017,hh3,A5/all,3000,0,0.0159,,2026-10-04 05:47:44
grid-hh3-A5-all-1018,1018,hh3,A5/all,3000,0,0.01601,,2026-10-04 05:47:44
grid-hh3-A5-all-1019,1019,hh3,A5/all,3000,0,0.01691,,2026-10-04 05:47:44
grid-hh4-A5-all-1000,1000,hh4,A5/all,3000,0,0.01651,,2026-10-04 04:54:15
grid-hh4-A5-all-1001,1001,hh4,A5/all,3000,0,0.01667,,2026-10-04 04:54:15
grid-hh4-A5-all-1002,1002,hh4,A5/all,3000,0,0.01637,,2026-10-04 04:54:15
grid-hh4-A5-all-1003,1003,hh4,A5/all,3000,0,0.01698,,2026-10-04 04:54:15
grid-hh4-A5-all-1004,1004,hh4,A5/all,3000,0,0.01719,,2026-10-04 04:54:15
grid-hh4-A5-all-1005,1005,hh4,A5/all,3000,0,0.01707,,2026-10-04 04:54:15
grid-hh4-A5-all-1006,1006,hh4,A5/all,3000,0,0.01666,,2026-10-04 04:54:15
grid-hh4-A5-all-1007,1007,hh4,A5/all,3000,0,0.01676,,2026-10-04 04:54:15
grid-hh4-A5-all-1008,1008,hh4,A5/all,3000,0,0.01656,,2026-10-04 04:54:15
grid-hh4-A5-all-1009,1009,hh4,A5/all,3000,0,0.01631,,2026-10-04 04:54:15
grid-hh4-A5-all-1010,1010,hh4,A5/all,3000,0,0.01628,,2026-10-04 04:54:15
grid-hh4-A5-all-1011,1011,hh4,A5/all,3000,0,0.01622,,2026-10-04 04:54:15
grid-hh4-A5-all-1012,1012,hh4,A5/all,3000,0,0.01649,,2026-10-04 04:54:15
grid-hh4-A5-all-1013,1013,hh4,A5/all,3000,0,0.0169,,2026-10-04 04:54:15
grid-hh4-A5-all-1014,1014,hh4,A5/all,3000,0,0.01616,,2026-10-04 04:54:15
grid-hh4-A5-all-1015,1015,hh4,A5/all,3000,0,0.01653,,2026-10-04 04:54:15
grid-hh4-A5-all-1016,1016,hh4,A5/all,3000,0,0.01665,,2026-10-04 04:54:15
grid-hh4-A5-all-1017,1017,hh4,A5/all,3000,0,0.01592,,2026-10-04 04:54:15
grid-hh4-A5-all-1018,1018,hh4,A5/all,3000,0,0.016,,2026-10-04 04:54:15
grid-hh4-A5-all-1019,1019,hh4,A5/all,3000,0,0.01686,,2026-10-04 04:54:15
grid-lstm-A5-all-1000,1000,lstm,A5/all,3000,0,0.01652,,2026-10-04 07:35:29
grid-lstm-A5-all-1001,1001,lstm,A5/all,3000,0,0.01699,,2026-10-04 07:35:29
grid-lstm-A5-all-1002,1002,lstm,A5/all,3000,0,0.0171,,2026-10-04 07:35:29
grid-lstm-A5-all-1003,1003,lstm,A5/all,3000,0,0.01696,,2026-10-04 07:35:29
grid-lstm-A5-all-1004,1004,lstm,A5/all,3000,0,0.0172,,2026-10-04 07:35:29
grid-lstm-A5-all-1005,1005,lstm,A5/all,3000,0,0.01628,,2026-10-04 07:35:29
grid-lstm-A5-all-1006,1006,lstm,A5/all,3000,0,0.01733,,2026-10-04 07:35:29
grid-lstm-A5-all-1007,1007,lstm,A5/all,3000,0,0.01684,,2026-10-04 07:35:29
grid-lstm-A5-all-1008,1008,lstm,A5/all,3000,0,0.01656,,2026-10-04 07:35:29
grid-lstm-A5-all-1009,1009,lstm,A5/all,3000,0,0.01639,,2026-10-04 07:35:29
grid-lstm-A5-all-1010,1010,lstm,A5/all,3000,0,0.01628,,2026-10-04 07:35:29
grid-lstm-A5-all-1011,1011,lstm,A5/all,3000,0,0.0162,,2026-10-04 07:35:29
grid-lstm-A5-all-1012,1012,lstm,A5/all,3000,0,0.0165,,2026-10-04 07:35:29
grid-lstm-A5-all-1013,1013,lstm,A5/all,3000,0,0.01692,,2026-10-04 07:35:29
grid-lstm-A5-all-1014,1014,lstm,A5/all,3000,0,0.01668,,2026-10-04 07:35:29
grid-lstm-A5-all-1015,1015,lstm,A5/all,3000,0,0.01652,,2026-10-04 07:35:29
grid-lstm-A5-all-1016,1016,lstm,A5/all,3000,0,0.01667,,2026-10-04 07:35:29
grid-lstm-A5-all-1017,1017,lstm,A5/all,3000,0,0.01591,,2026-10-04 07:35:29
grid-lstm-A5-all-1018,1018,lstm,A5/all,3000,0,0.01598,,2026-10-04 07:35:29
grid-lstm-A5-all-1019,1019,lstm,A5/all,3000,0,0.01691,,2026-10-04 07:35:29
grid-diag_pos-S5-transpositions-1000,1000,diag_pos,S5/transpositions,3000,0,0.00818,,2026-10-04 05:44:25
grid-diag_pos-S5-transpositions-1001,1001,diag_pos,S5/transpositions,3000,0,0.00831,,2026-10-04 05:44:25
grid-diag_pos-S5-transpositions-1002,1002,diag_pos,S5/transpositions,3000,0,0.00796,,2026-10-04 05:44:25
grid-diag_pos-S5-transpositions-1003,1003,diag_pos,S5/transpositions,3000,0,0.0088,,2026-10-04 05:44:25
grid-diag_pos-S5-transpositions-1004,1004,diag_pos,S5/transpositions,3000,0,0.00845,,2026-10-04 05:44:25
grid-diag_pos-S5-transpositions-1005,1005,diag_pos,S5/transpositions,3000,0,0.00809,,2026-10-04 05:44:25
grid-diag_pos-S5-transpositions-1006,1006,diag_pos,S5/transpositions,3000,0,0.00815,,2026-10-04 05:44:25
grid-diag_pos-S5-transpositions-1007,1007,diag_pos,S5/transpositions,3000,0,0.00848,,2026-10-04 05:44:25
grid-diag_pos-S5-transpositions-1008,1008,diag_pos,S5/transpositions,3000,0,0.00845,,2026-10-04 05:44:25
grid-diag_pos-S5-transpositions-1009,1009,diag_pos,S5/transpositions,3000,0,0.00845,,2026-10-04 05:44:25
grid-diag_pos-S5-transpositions-1010,1010,diag_pos,S5/transpositions,3000,0,0.00787,,2026-10-04 05:44:25
grid-diag_pos-S5-transpositions-1011,1011,diag_pos,S5/transpositions,3000,0,0.00832,,2026-10-04 05:44:25
grid-diag_pos-S5-transpositions-1012,1012,diag_pos,S5/transpositions,3000,0,0.00822,,2026-10-04 05:44:25
grid-diag_pos-S5-transpositions-1013,1013,diag_pos,S5/transpositions,3000,0,0.00876,,2026-10-04 05:44:25
grid-diag_pos-S5-transpositions-1014,1014,diag_pos,S5/transpositions,3000,0,0.00821,,2026-10-04 05:44:25
grid-diag_pos-S5-transpositions-1015,1015,diag_pos,S5/transpositions,3000,0,0.00821,,2026-10-04 05:44:25
grid-diag_pos-S5-transpositions-1016,1016,diag_pos,S5/transpositions,3000,0,0.00825,,2026-10-04 05:44:25
grid-diag_pos-S5-transpositions-1017,1017,diag_pos,S5/transpositions,3000,0,0.00843,,2026-10-04 05:44:25
grid-diag_pos-S5-transpositions-1018,1018,diag_pos,S5/transpositions,3000,0,0.00806,,2026-10-04 05:44:25
grid-diag_pos-S5-transpositions-1019,1019,diag_pos,S5/transpositions,3000,0,0.00876,,2026-10-04 05:44:25
grid-diag_pm-S5-transpositions-1000,1000,diag_pm,S5/transpositions,3000,0,0.01706,,2026-10-04 06:25:39
grid-diag_pm-S5-transpositions-1001,1001,diag_pm,S5/transpositions,3000,0,0.01705,,2026-10-04 06:25:39
grid-diag_pm-S5-transpositions-1002,1002,diag_pm,S5/transpositions,3000,0,0.01469,,2026-10-04 06:25:39
grid-diag_pm-S5-transpositions-1003,1003,diag_pm,S5/transpositions,3000,0,0.01357,,2026-10-04 06:25:39
grid-diag_pm-S5-transpositions-1004,1004,diag_pm,S5/transpositions,3000,0,0.01701,,2026-10-04 06:25:39
grid-diag_pm-S5-transpositions-1005,1005,diag_pm,S5/transpositions,3000,0,0.01645,,2026-10-04 06:25:39
grid-diag_pm-S5-transpositions-1006,1006,diag_pm,S5/transpositions,3000,0,0.01572,,2026-10-04 06:25:39
grid-diag_pm-S5-transpositions-1007,1007,diag_pm,S5/transpositions,3000,0,0.01662,,2026-10-04 06:25:39
grid-diag_pm-S5-transpositions-1008,1008,diag_pm,S5/transpositions,3000,0,0.01642,,2026-10-04 06:25:39
grid-diag_pm-S5-transpositions-1009,1009,diag_pm,S5/transpositions,3000,0,0.01711,,2026-10-04 06:25:39
grid-diag_pm-S5-transpositions-1010,1010,diag_pm,S5/transpositions,3000,0,0.0173,,2026-10-04 06:25:39
grid-diag_pm-S5-transpositions-1011,1011,diag_pm,S5/transpositions,3000,0,0.01362,,2026-10-04 06:25:39
grid-diag_pm-S5-transpositions-1012,1012,diag_pm,S5/transpositions,3000,0,0.01687,,2026-10-04 06:25:39
grid-diag_pm-S5-transpositions-1013,1013,diag_pm,S5/transpositions,3000,0,0.01628,,2026-10-04 06:25:39
grid-diag_pm-S5-transpositions-1014,1014,diag_pm,S5/transpositions,3000,0,0.0173,,2026-10-04 06:25:39
grid-diag_pm-S5-transpositions-1015,1015,diag_pm,S5/transpositions,3000,0,0.01403,,2026-10-04 06:25:39
grid-diag_pm-S5-transpositions-1016,1016,diag_pm,S5/transpositions,3000,0,0.01631,,2026-10-04 06:25:39
grid-diag_pm-S5-transpositions-1017,1017,diag_pm,S5/transpositions,3000,0,0.01433,,2026-10-04 06:25:39
grid-diag_pm-S5-transpositions-1018,1018,diag_pm,S5/transpositions,3000,0,0.01704,,2026-10-04 06:25:39
grid-diag_pm-S5-transpositions-1019,1019,diag_pm,S5/transpositions,3000,0,0.01561,,2026-10-04 06:25:39
grid-hh1-S5-transpositions-1000,1000,hh1,S5/transpositions,3000,0,0.99914,,2026-10-04 06:21:05
grid-hh1-S5-transpositions-1001,1001,hh1,S5/transpositions,3000,0,0.99845,,2026-10-04 06:21:05
grid-hh1-S5-transpositions-1002,1002,hh1,S5/transpositions,3000,0,0.99873,,2026-10-04 06:21:05
grid-hh1-S5-transpositions-1003,1003,hh1,S5/transpositions,3000,0,0.99923,,2026-10-04 06:21:05
grid-hh1-S5-transpositions-1004,1004,hh1,S5/transpositions,3000,0,0.99903,,2026-10-04 06:21:05
grid-hh1-S5-transpositions-1005,1005,hh1,S5/transpositions,3000,0,0.99933,,2026-10-04 06:21:05
grid-hh1-S5-transpositions-1006,1006,hh1,S5/transpositions,3000,0,0.99892,,2026-10-04 06:21:05
grid-hh1-S5-transpositions-1007,1007,hh1,S5/transpositions,3000,0,0.99925,,2026-10-04 06:21:05
grid-hh1-S5-transpositions-1008,1008,hh1,S5/transpositions,3000,0,0.99892,,2026-10-04 06:21:05
grid-hh1-S5-transpositions-1009,1009,hh1,S5/transpositions,3000,0,0.99978,,2026-10-04 06:21:05
grid-hh1-S5-transpositions-1010,1010,hh1,S5/transpositions,3000,0,0.99792,,2026-10-04 06:21:05
grid-hh1-S5-transpositions-1011,1011,hh1,S5/transpositions,3000,0,0.99796,,2026-10-04 06:21:05
grid-hh1-S5-transpositions-1012,1012,hh1,S5/transpositions,3000,0,0.99921,,2026-10-04 06:21:05
grid-hh1-S5-transpositions-1013,1013,hh1,S5/transpositions,3000,0,0.99853,,2026-10-04 06:21:05
grid-hh1-S5-transpositions-1014,1014,hh1,S5/transpositions,3000,0,0.99937,,2026-10-04 06:21:05
grid-hh1-S5-transpositions-1015,1015,hh1,S5/transpositions,3000,0,0.99839,,2026-10-04 06:21:05
grid-hh1-S5-transpositions-1016,1016,hh1,S5/transpositions,3000,0,0.99882,,2026-10-04 06:21:05
grid-hh1-S5-transpositions-1017,1017,hh1,S5/transpositions,3000,0,0.99901,,2026-10-04 06:21:05
grid-hh1-S5-transpositions-1018,1018,hh1,S5/transpositions,3000,0,0.99842,,2026-10-04 06:21:05
grid-hh1-S5-transpositions-1019,1019,hh1,S5/transpositions,3000,0,0.99971,,2026-10-04 06:21:05
grid-hh2-S5-transpositions-1000,1000,hh2,S5/transpositions,3000,0,1.0,,2026-10-04 06:09:10
grid-hh2-S5-transpositions-1001,1001,hh2,S5/transpositions,3000,0,1.0,,2026-10-04 06:09:10
grid-hh2-S5-transpositions-1002,1002,hh2,S5/transpositions,3000,0,1.0,,2026-10-04 06:09:10
grid-hh2-S5-transpositions-1003,1003,hh2,S5/transpositions,3000,0,1.0,,2026-10-04 06:09:10
grid-hh2-S5-transpositions-1004,1004,hh2,S5/transpositions,3000,0,1.0,,2026-10-04 06:09:10
grid-hh2-S5-transpositions-1005,1005,hh2,S5/transpositions,3000,0,0.97272,,2026-10-04 06:09:10
grid-hh2-S5-transpositions-1006,1006,hh2,S5/transpositions,3000,0,0.99998,,2026-10-04 06:09:10
grid-hh2-S5-transpositions-1007,1007,hh2,S5/transpositions,3000,0,0.13098,,2026-10-04 06:09:10
grid-hh2-S5-transpositions-1008,1008,hh2,S5/transpositions,3000,0,1.0,,2026-10-04 06:09:10
grid-hh2-S5-transpositions-1009,1009,hh2,S5/transpositions,3000,0,0.99999,,2026-10-04 06:09:10
grid-hh2-S5-transpositions-1010,1010,hh2,S5/transpositions,3000,0,0.99997,,2026-10-04 06:09:10
grid-hh2-S5-transpositions-1011,1011,hh2,S5/transpositions,3000,0,0.99979,,2026-10-04 06:09:10
grid-hh2-S5-transpositions-1012,1012,hh2,S5/transpositions,3000,0,0.99976,,2026-10-04 06:09:10
grid-hh2-S5-transpositions-1013,1013,hh2,S5/transpositions,3000,0,0.99985,,2026-10-04 06:09:10
grid-hh2-S5-transpositions-1014,1014,hh2,S5/transpositions,3000,0,0.99995,,2026-10-04 06:09:10
grid-hh2-S5-transpositions-1015,1015,hh2,S5/transpositions,3000,0,1.0,,2026-10-04 06:09:10
grid-hh2-S5-transpositions-1016,1016,hh2,S5/transpositions,3000,0,1.0,,2026-10-04 06:09:10
grid-hh2-S5-transpositions-1017,1017,hh2,S5/transpositions,3000,0,0.99998,,2026-10-04 06:09:10
grid-hh2-S5-transpositions-1018,1018,hh2,S5/transpositions,3000,0,0.99999,,2026-10-04 06:09:10
grid-hh2-S5-transpositions-1019,1019,hh2,S5/transpositions,3000,0,0.99995,,2026-10-04 06:09:10
grid-hh3-S5-transpositions-1000,1000,hh3,S5/transpositions,3000,0,0.99963,,2026-10-04 05:52:59
grid-hh3-S5-transpositions-1001,1001,hh3,S5/transpositions,3000,0,1.0,,2026-10-04 05:52:59
grid-hh3-S5-transpositions-1002,1002,hh3,S5/transpositions,3000,0,0.99961,,2026-10-04 05:52:59
grid-hh3-S5-transpositions-1003,1003,hh3,S5/transpositions,3000,0,0.99998,,2026-10-04 05:52:59
grid-hh3-S5-transpositions-1004,1004,hh3,S5/transpositions,3000,0,0.99998,,2026-10-04 05:52:59
grid-hh3-S5-transpositions-1005,1005,hh3,S5/transpositions,3000,0,1.0,,2026-10-04 05:52:59
grid-hh3-S5-transpositions-1006,1006,hh3,S5/transpositions,3000,0,0.99948,,2026-10-04 05:52:59
grid-hh3-S5-transpositions-1007,1007,hh3,S5/transpositions,3000,0,0.99997,,2026-10-04 05:52:59
grid-hh3-S5-transpositions-1008,1008,hh3,S5/transpositions,3000,0,0.99982,,2026-10-04 05:52:59
grid-hh3-S5-transpositions-1009,1009,hh3,S5/transpositions,3000,0,0.99962,,2026-10-04 05:52:59
grid-hh3-S5-transpositions-1010,1010,hh3,S5/transpositions,3000,0,0.99992,,2026-10-04 05:52:59
grid-hh3-S5-transpositions-1011,1011,hh3,S5/transpositions,3000,0,1.0,,2026-10-04 05:52:59
grid-hh3-S5-transpositions-1012,1012,hh3,S5/transpositions,3000,0,1.0,,2026-10-04 05:52:59
grid-hh3-S5-transpositions-1013,1013,hh3,S5/transpositions,3000,0,0.99952,,2026-10-04 05:52:59
grid-hh3-S5-transpositions-1014,1014,hh3,S5/transpositions,3000,0,1.0,,2026-10-04 05:52:59
grid-hh3-S5-transpositions-1015,1015,hh3,S5/transpositions,3000,0,0.99966,,2026-10-04 05:52:59
grid-hh3-S5-transpositions-1016,1016,hh3,S5/transpositions,3000,0,0.99998,,2026-10-04 05:52:59
grid-hh3-S5-transpositions-1017,1017,hh3,S5/transpositions,3000,0,0.9998,,2026-10-04 05:52:59
grid-hh3-S5-transpositions-1018,1018,hh3,S5/transpositions,3000,0,0.99999,,2026-10-04 05:52:59
grid-hh3-S5-transpositions-1019,1019,hh3,S5/transpositions,3000,0,1.0,,2026-10-04 05:52:59
grid-hh4-S5-transpositions-1000,1000,hh4,S5/transpositions,3000,0,0.99992,,2026-10-04 04:55:20
grid-hh4-S5-transpositions-1001,1001,hh4,S5/transpositions,3000,0,0.99995,,2026-10-04 04:55:20
grid-hh4-S5-transpositions-1002,1002,hh4,S5/transpositions,3000,0,0.9979,,2026-10-04 04:55:20
grid-hh4-S5-transpositions-1003,1003,hh4,S5/transpositions,3000,0,0.99966,,2026-10-04 04:55:20
grid-hh4-S5-transpositions-1004,1004,hh4,S5/transpositions,3000,0,0.99863,,2026-10-04 04:55:20
grid-hh4-S5-transpositions-1005,1005,hh4,S5/transpositions,3000,0,0.99998,,2026-10-04 04:55:20
grid-hh4-S5-transpositions-1006,1006,hh4,S5/transpositions,3000,0,0.99907,,2026-10-04 04:55:20
grid-hh4-S5-transpositions-1007,1007,hh4,S5/transpositions,3000,0,1.0,,2026-10-04 04:55:20
grid-hh4-S5-transpositions-1008,1008,hh4,S5/transpositions,3000,0,0.99931,,2026-10-04 04:55:20
grid-hh4-S5-transpositions-1009,1009,hh4,S5/transpositions,3000,0,0.99992,,2026-10-04 04:55:20
grid-hh4-S5-transpositions-1010,1010,hh4,S5/transpositions,3000,0,0.99799,,2026-10-04 04:55:20
grid-hh4-S5-transpositions-1011,1011,hh4,S5/transpositions,3000,0,0.99998,,2026-10-04 04:55:20
grid-hh4-S5-transpositions-1012,1012,hh4,S5/transpositions,3000,0,0.99903,,2026-10-04 04:55:20
grid-hh4-S5-transpositions-1013,1013,hh4,S5/transpositions,3000,0,0.99815,,2026-10-04 04:55:20
grid-hh4-S5-transpositions-1014,1014,hh4,S5/transpositions,3000,0,0.99996,,2026-10-04 04:55:20
grid-hh4-S5-transpositions-1015,1015,hh4,S5/transpositions,3000,0,0.29935,,2026-10-04 04:55:20
grid-hh4-S5-transpositions-1016,1016,hh4,S5/transpositions,3000,0,0.99997,,2026-10-04 04:55:20
grid-hh4-S5-transpositions-1017,1017,hh4,S5/transpositions,3000,0,0.99922,,2026-10-04 04:55:20
grid-hh4-S5-transpositions-1018,1018,hh4,S5/transpositions,3000,0,0.99983,,2026-10-04 04:55:20
grid-hh4-S5-transpositions-1019,1019,hh4,S5/transpositions,3000,0,0.99992,,2026-10-04 04:55:20
grid-lstm-S5-transpositions-1000,1000,lstm,S5/transpositions,3000,0,0.92574,,2026-10-04 07:37:50
grid-lstm-S5-transpositions-1001,1001,lstm,S5/transpositions,3000,0,0.79484,,2026-10-04 07:37:50
grid-lstm-S5-transpositions-1002,1002,lstm,S5/transpositions,3000,0,0.86407,,2026-10-04 07:37:50
grid-lstm-S5-transpositions-1003,1003,lstm,S5/transpositions,3000,0,0.94989,,2026-10-04 07:37:50
grid-lstm-S5-transpositions-1004,1004,lstm,S5/transpositions,3000,0,0.79936,,2026-10-04 07:37:50
grid-lstm-S5-transpositions-1005,1005,lstm,S5/transpositions,3000,0,0.91785,,2026-10-04 07:37:50
grid-lstm-S5-transpositions-1006,1006,lstm,S5/transpositions,3000,0,0.9306,,2026-10-04 07:37:50
grid-lstm-S5-transpositions-1007,1007,lstm,S5/transpositions,3000,0,0.69489,,2026-10-04 07:37:50
grid-lstm-S5-transpositions-1008,1008,lstm,S5/transpositions,3000,0,0.76498,,2026-10-04 07:37:50
grid-lstm-S5-transpositions-1009,1009,lstm,S5/transpositions,3000,0,0.91436,,2026-10-04 07:37:50
grid-lstm-S5-transpositions-1010,1010,lstm,S5/transpositions,3000,0,0.90645,,2026-10-04 07:37:50
grid-lstm-S5-transpositions-1011,1011,lstm,S5/transpositions,3000,0,0.96938,,2026-10-04 07:37:50
grid-lstm-S5-transpositions-1012,1012,lstm,S5/transpositions,3000,0,0.87065,,2026-10-04 07:37:50
grid-lstm-S5-transpositions-1013,1013,lstm,S5/transpositions,3000,0,0.7762,,2026-10-04 07:37:50
grid-lstm-S5-transpositions-1014,1014,lstm,S5/transpositions,3000,0,0.61127,,2026-10-04 07:37:50
grid-lstm-S5-transpositions-1015,1015,lstm,S5/transpositions,3000,0,0.84869,,2026-10-04 07:37:50
grid-lstm-S5-transpositions-1016,1016,lstm,S5/transpositions,3000,0,0.86732,,2026-10-04 07:37:50
grid-lstm-S5-transpositions-1017,1017,lstm,S5/transpositions,3000,0,0.82883,,2026-10-04 07:37:50
grid-lstm-S5-transpositions-1018,1018,lstm,S5/transpositions,3000,0,0.89306,,2026-10-04 07:37:50
grid-lstm-S5-transpositions-1019,1019,lstm,S5/transpositions,3000,0,0.9414,,2026-10-04 07:37:50
grid-diag_pos-S5-all-1000,1000,diag_pos,S5/all,3000,0,0.00837,,2026-10-04 05:49:35
grid-diag_pos-S5-all-1001,1001,diag_pos,S5/all,3000,0,0.00854,,2026-10-04 05:49:35
grid-diag_pos-S5-all-1002,1002,diag_pos,S5/all,3000,0,0.00862,,2026-10-04 05:49:35
grid-diag_pos-S5-all-1003,1003,diag_pos,S5/all,3000,0,0.00809,,2026-10-04 05:49:35
grid-diag_pos-S5-all-1004,1004,diag_pos,S5/all,3000,0,0.00825,,2026-10-04 05:49:35
grid-diag_pos-S5-all-1005,1005,diag_pos,S5/all,3000,0,0.0075,,2026-10-04 05:49:35
grid-diag_pos-S5-all-1006,1006,diag_pos,S5/all,3000,0,0.00835,,2026-10-04 05:49:35
grid-diag_pos-S5-all-1007,1007,diag_pos,S5/all,3000,0,0.00835,,2026-10-04 05:49:35
grid-diag_pos-S5-all-1008,1008,diag_pos,S5/all,3000,0,0.00827,,2026-10-04 05:49:35
grid-diag_pos-S5-all-1009,1009,diag_pos,S5/all,3000,0,0.00816,,2026-10-04 05:49:35
grid-diag_pos-S5-all-1010,1010,diag_pos,S5/all,3000,0,0.00887,,2026-10-04 05:49:35
grid-diag_pos-S5-all-1011,1011,diag_pos,S5/all,3000,0,0.00854,,2026-10-04 05:49:35
grid-diag_pos-S5-all-1012,1012,diag_pos,S5/all,3000,0,0.00813,,2026-10-04 05:49:35
grid-diag_pos-S5-all-1013,1013,diag_pos,S5/all,3000,0,0.00872,,2026-10-04 05:49:35
grid-diag_pos-S5-all-1014,1014,diag_pos,S5/all,3000,0,0.00877,,2026-10-04 05:49:35
grid-diag_pos-S5-all-1015,1015,diag_pos,S5/all,3000,0,0.00823,,2026-10-04 05:49:35
grid-diag_pos-S5-all-1016,1016,diag_pos,S5/all,3000,0,0.0083,,2026-10-04 05:49:35
grid-diag_pos-S5-all-1017,1017,diag_pos,S5/all,3000,0,0.00856,,2026-10-04 05:49:35
grid-diag_pos-S5-all-1018,1018,diag_pos,S5/all,3000,0,0.00785,,2026-10-04 05:49:35
grid-diag_pos-S5-all-1019,1019,diag_pos,S5/all,3000,0,0.00822,,2026-10-04 05:49:35
grid-diag_pm-S5-all-1000,1000,diag_pm,S5/all,3000,0,0.00837,,2026-10-04 06:31:32
grid-diag_pm-S5-all-1001,1001,diag_pm,S5/all,3000,0,0.00854,,2026-10-04 06:31:32
grid-diag_pm-S5-all-1002,1002,diag_pm,S5/all,3000,0,0.00862,,2026-10-04 06:31:32
grid-diag_pm-S5-all-1003,1003,diag_pm,S5/all,3000,0,0.00809,,2026-10-04 06:31:32
grid-diag_pm-S5-all-1004,1004,diag_pm,S5/all,3000,0,0.00822,,2026-10-04 06:31:32
grid-diag_pm-S5-all-1005,1005,diag_pm,S5/all,3000,0,0.0075,,2026-10-04 06:31:32
grid-diag_pm-S5-all-1006,1006,diag_pm,S5/all,3000,0,0.00832,,2026-10-04 06:31:32
grid-diag_pm-S5-all-1007,1007,diag_pm,S5/all,3000,0,0.00859,,2026-10-04 06:31:32
grid-diag_pm-S5-all-1008,1008,diag_pm,S5/all,3000,0,0.00814,,2026-10-04 06:31:32
grid-diag_pm-S5-all-1009,1009,diag_pm,S5/all,3000,0,0.00874,,2026-10-04 06:31:32
grid-diag_pm-S5-all-1010,1010,diag_pm,S5/all,3000,0,0.00887,,2026-10-04 06:31:32
grid-diag_pm-S5-all-1011,1011,diag_pm,S5/all,3000,0,0.00829,,2026-10-04 06:31:32
grid-diag_pm-S5-all-1012,1012,diag_pm,S5/all,3000,0,0.00813,,2026-10-04 06:31:32
grid-diag_pm-S5-all-1013,1013,diag_pm,S5/all,3000,0,0.00872,,2026-10-04 06:31:32
grid-diag_pm-S5-all-1014,1014,diag_pm,S5/all,3000,0,0.00877,,2026-10-04 06:31:32
grid-diag_pm-S5-all-1015,1015,diag_pm,S5/all,3000,0,0.00823,,2026-10-04 06:31:32
grid-diag_pm-S5-all-1016,1016,diag_pm,S5/all,3000,0,0.0083,,2026-10-04 06:31:32
grid-diag_pm-S5-all-1017,1017,diag_pm,S5/all,3000,0,0.00828,,2026-10-04 06:31:32
grid-diag_pm-S5-all-1018,1018,diag_pm,S5/all,3000,0,0.00785,,2026-10-04 06:31:32
grid-diag_pm-S5-all-1019,1019,diag_pm,S5/all,3000,0,0.00822,,2026-10-04 06:31:32
grid-hh1-S5-all-1000,1000,hh1,S5/all,3000,0,0.00837,,2026-10-04 06:29:12
grid-hh1-S5-all-1001,1001,hh1,S5/all,3000,0,0.00854,,2026-10-04 06:29:12
grid-hh1-S5-all-1002,1002,hh1,S5/all,3000,0,0.00862,,2026-10-04 06:29:12
grid-hh1-S5-all-1003,1003,hh1,S5/all,3000,0,0.00806,,2026-10-04 06:29:12
grid-hh1-S5-all-1004,1004,hh1,S5/all,3000,0,0.00796,,2026-10-04 06:29:12
grid-hh1-S5-all-1005,1005,hh1,S5/all,3000,0,0.00838,,2026-10-04 06:29:12
grid-hh1-S5-all-1006,1006,hh1,S5/all,3000,0,0.00835,,2026-10-04 06:29:12
grid-hh1-S5-all-1007,1007,hh1,S5/all,3000,0,0.00848,,2026-10-04 06:29:12
grid-hh1-S5-all-1008,1008,hh1,S5/all,3000,0,0.00827,,2026-10-04 06:29:12
grid-hh1-S5-all-1009,1009,hh1,S5/all,3000,0,0.00816,,2026-10-04 06:29:12
grid-hh1-S5-all-1010,1010,hh1,S5/all,3000,0,0.00887,,2026-10-04 06:29:12
grid-hh1-S5-all-1011,1011,hh1,S5/all,3000,0,0.00829,,2026-10-04 06:29:12
grid-hh1-S5-all-1012,1012,hh1,S5/all,3000,0,0.00813,,2026-10-04 06:29:12
grid-hh1-S5-all-1013,1013,hh1,S5/all,3000,0,0.00882,,2026-10-04 06:29:12
grid-hh1-S5-all-1014,1014,hh1,S5/all,3000,0,0.00877,,2026-10-04 06:29:12
grid-hh1-S5-all-1015,1015,hh1,S5/all,3000,0,0.00823,,2026-10-04 06:29:12
grid-hh1-S5-all-1016,1016,hh1,S5/all,3000,0,0.0083,,2026-10-04 06:29:12
grid-hh1-S5-all-1017,1017,hh1,S5/all,3000,0,0.00831,,2026-10-04 06:29:12
grid-hh1-S5-all-1018,1018,hh1,S5/all,3000,0,0.00785,,2026-10-04 06:29:12
grid-hh1-S5-all-1019,1019,hh1,S5/all,3000,0,0.00822,,2026-10-04 06:29:12
grid-hh2-S5-all-1000,1000,hh2,S5/all,3000,0,0.00837,,2026-10-04 06:10:43
grid-hh2-S5-all-1001,1001,hh2,S5/all,3000,0,0.00854,,2026-10-04 06:10:43
grid-hh2-S5-all-1002,1002,hh2,S5/all,3000,0,0.00861,,2026-10-04 06:10:43
grid-hh2-S5-all-1003,1003,hh2,S5/all,3000,0,0.00807,,2026-10-04 06:10:43
grid-hh2-S5-all-1004,1004,hh2,S5/all,3000,0,0.00826,,2026-10-04 06:10:43
grid-hh2-S5-all-1005,1005,hh2,S5/all,3000,0,0.00869,,2026-10-04 06:10:43
grid-hh2-S5-all-1006,1006,hh2,S5/all,3000,0,0.00834,,2026-10-04 06:10:43
grid-hh2-S5-all-1007,1007,hh2,S5/all,3000,0,0.00859,,2026-10-04 06:10:43
grid-hh2-S5-all-1008,1008,hh2,S5/all,3000,0,0.00826,,2026-10-04 06:10:43
grid-hh2-S5-all-1009,1009,hh2,S5/all,3000,0,0.00816,,2026-10-04 06:10:43
grid-hh2-S5-all-1010,1010,hh2,S5/all,3000,0,0.00887,,2026-10-04 06:10:43
grid-hh2-S5-all-1011,1011,hh2,S5/all,3000,0,0.00854,,2026-10-04 06:10:43
grid-hh2-S5-all-1012,1012,hh2,S5/all,3000,0,0.00812,,2026-10-04 06:10:43
grid-hh2-S5-all-1013,1013,hh2,S5/all,3000,0,0.00872,,2026-10-04 06:10:43
grid-hh2-S5-all-1014,1014,hh2,S5/all,3000,0,0.00878,,2026-10-04 06:10:43
grid-hh2-S5-all-1015,1015,hh2,S5/all,3000,0,0.00823,,2026-10-04 06:10:43
grid-hh2-S5-all-1016,1016,hh2,S5/all,3000,0,0.0083,,2026-10-04 06:10:43
grid-hh2-S5-all-1017,1017,hh2,S5/all,3000,0,0.00828,,2026-10-04 06:10:43
grid-hh2-S5-all-1018,1018,hh2,S5/all,3000,0,0.00785,,2026-10-04 06:10:43
grid-hh2-S5-all-1019,1019,hh2,S5/all,3000,0,0.00822,,2026-10-04 06:10:43
grid-hh3-S5-all-1000,1000,hh3,S5/all,3000,0,0.00837,,2026-10-04 05:54:23
grid-hh3-S5-all-1001,1001,hh3,S5/all,3000,0,0.00856,,2026-10-04 05:54:23
grid-hh3-S5-all-1002,1002,hh3,S5/all,3000,0,0.00862,,2026-10-04 05:54:23
grid-hh3-S5-all-1003,1003,hh3,S5/all,3000,0,0.0081,,2026-10-04 05:54:23
grid-hh3-S5-all-1004,1004,hh3,S5/all,3000,0,0.00826,,2026-10-04 05:54:23
grid-hh3-S5-all-1005,1005,hh3,S5/all,3000,0,0.00838,,2026-10-04 05:54:23
grid-hh3-S5-all-1006,1006,hh3,S5/all,3000,0,0.00837,,2026-10-04 05:54:23
grid-hh3-S5-all-1007,1007,hh3,S5/all,3000,0,0.00848,,2026-10-04 05:54:23
grid-hh3-S5-all-1008,1008,hh3,S5/all,3000,0,0.00814,,2026-10-04 05:54:23
grid-hh3-S5-all-1009,1009,hh3,S5/all,3000,0,0.00816,,2026-10-04 05:54:23
grid-hh3-S5-all-1010,1010,hh3,S5/all,3000,0,0.00887,,2026-10-04 05:54:23
grid-hh3-S5-all-1011,1011,hh3,S5/all,3000,0,0.00854,,2026-10-04 05:54:23
grid-hh3-S5-all-1012,1012,hh3,S5/all,3000,0,0.00815,,2026-10-04 05:54:23
grid-hh3-S5-all-1013,1013,hh3,S5/all,3000,0,0.00872,,2026-10-04 05:54:23
grid-hh3-S5-all-1014,1014,hh3,S5/all,3000,0,0.00877,,2026-10-04 05:54:23
grid-hh3-S5-all-1015,1015,hh3,S5/all,3000,0,0.00826,,2026-10-04 05:54:23
grid-hh3-S5-all-1016,1016,hh3,S5/all,3000,0,0.0083,,2026-10-04 05:54:23
grid-hh3-S5-all-1017,1017,hh3,S5/all,3000,0,0.00827,,2026-10-04 05:54:23
grid-hh3-S5-all-1018,1018,hh3,S5/all,3000,0,0.00785,,2026-10-04 05:54:23
grid-hh3-S5-all-1019,1019,hh3,S5/all,3000,0,0.00822,,2026-10-04 05:54:23
grid-hh4-S5-all-1000,1000,hh4,S5/all,3000,0,0.00835,,2026-10-04 04:54:31
grid-hh4-S5-all-1001,1001,hh4,S5/all,3000,0,0.00852,,2026-10-04 04:54:31
grid-hh4-S5-all-1002,1002,hh4,S5/all,3000,0,0.00863,,2026-10-04 04:54:31
grid-hh4-S5-all-1003,1003,hh4,S5/all,3000,0,0.00806,,2026-10-04 04:54:31
grid-hh4-S5-all-1004,1004,hh4,S5/all,3000,0,0.00825,,2026-10-04 04:54:31
grid-hh4-S5-all-1005,1005,hh4,S5/all,3000,0,0.00839,,2026-10-04 04:54:31
grid-hh4-S5-all-1006,1006,hh4,S5/all,3000,0,0.00834,,2026-10-04 04:54:31
grid-hh4-S5-all-1007,1007,hh4,S5/all,3000,0,0.00847,,2026-10-04 04:54:31
grid-hh4-S5-all-1008,1008,hh4,S5/all,3000,0,0.00815,,2026-10-04 04:54:31
grid-hh4-S5-all-1009,1009,hh4,S5/all,3000,0,0.00832,,2026-10-04 04:54:31
grid-hh4-S5-all-1010,1010,hh4,S5/all,3000,0,0.00886,,2026-10-04 04:54:31
grid-hh4-S5-all-1011,1011,hh4,S5/all,3000,0,0.00853,,2026-10-04 04:54:31
grid-hh4-S5-all-1012,1012,hh4,S5/all,3000,0,0.00812,,2026-10-04 04:54:31
grid-hh4-S5-all-1013,1013,hh4,S5/all,3000,0,0.00872,,2026-10-04 04:54:31
grid-hh4-S5-all-1014,1014,hh4,S5/all,3000,0,0.00877,,2026-10-04 04:54:31
grid-hh4-S5-all-1015,1015,hh4,S5/all,3000,0,0.00822,,2026-10-04 04:54:31
grid-hh4-S5-all-1016,1016,hh4,S5/all,3000,0,0.00828,,2026-10-04 04:54:31
grid-hh4-S5-all-1017,1017,hh4,S5/all,3000,0,0.00833,,2026-10-04 04:54:31
grid-hh4-S5-all-1018,1018,hh4,S5/all,3000,0,0.00787,,2026-10-04 04:54:31
grid-hh4-S5-all-1019,1019,hh4,S5/all,3000,0,0.00823,,2026-10-04 04:54:31
grid-lstm-S5-all-1000,1000,lstm,S5/all,3000,0,0.00837,,2026-10-04 07:38:32
grid-lstm-S5-all-1001,1001,lstm,S5/all,3000,0,0.00853,,2026-10-04 07:38:32
grid-lstm-S5-all-1002,1002,lstm,S5/all,3000,0,0.00862,,2026-10-04 07:38:32
grid-lstm-S5-all-1003,1003,lstm,S5/all,3000,0,0.00809,,2026-10-04 07:38:32
grid-lstm-S5-all-1004,1004,lstm,S5/all,3000,0,0.00824,,2026-10-04 07:38:32
grid-lstm-S5-all-1005,1005,lstm,S5/all,3000,0,0.00749,,2026-10-04 07:38:32
grid-lstm-S5-all-1006,1006,lstm,S5/all,3000,0,0.00835,,2026-10-04 07:38:32
grid-lstm-S5-all-1007,1007,lstm,S5/all,3000,0,0.00848,,2026-10-04 07:38:32
grid-lstm-S5-all-1008,1008,lstm,S5/all,3000,0,0.00814,,2026-10-04 07:38:32
grid-lstm-S5-all-1009,1009,lstm,S5/all,3000,0,0.0083,,2026-10-04 07:38:32
grid-lstm-S5-all-1010,1010,lstm,S5/all,3000,0,0.00887,,2026-10-04 07:38:32
grid-lstm-S5-all-1011,1011,lstm,S5/all,3000,0,0.00856,,2026-10-04 07:38:32
grid-lstm-S5-all-1012,1012,lstm,S5/all,3000,0,0.00813,,2026-10-04 07:38:32
grid-lstm-S5-all-1013,1013,lstm,S5/all,3000,0,0.00871,,2026-10-04 07:38:32
grid-lstm-S5-all-1014,1014,lstm,S5/all,3000,0,0.00877,,2026-10-04 07:38:32
grid-lstm-S5-all-1015,1015,lstm,S5/all,3000,0,0.00823,,2026-10-04 07:38:32
grid-lstm-S5-all-1016,1016,lstm,S5/all,3000,0,0.0083,,2026-10-04 07:38:32
grid-lstm-S5-all-1017,1017,lstm,S5/all,3000,0,0.00828,,2026-10-04 07:38:32
grid-lstm-S5-all-1018,1018,lstm,S5/all,3000,0,0.00785,,2026-10-04 07:38:32
grid-lstm-S5-all-1019,1019,lstm,S5/all,3000,0,0.00822,,2026-10-04 07:38:32
negctl-hh4-S5-all-1000,1000,hh4,S5/all/random-targets,3000,0,0.00872,,2026-10-04 04:55:20
negctl-hh4-S5-all-1001,1001,hh4,S5/all/random-targets,3000,0,0.00836,,2026-10-04 04:55:20
negctl-hh4-S5-all-1002,1002,hh4,S5/all/random-targets,3000,0,0.00804,,2026-10-04 04:55:20
negctl-hh4-S5-all-1003,1003,hh4,S5/all/random-targets,3000,0,0.00822,,2026-10-04 04:55:20
negctl-hh4-S5-all-1004,1004,hh4,S5/all/random-targets,3000,0,0.00844,,2026-10-04 04:55:20
negctl-hh4-S5-all-1005,1005,hh4,S5/all/random-targets,3000,0,0.00824,,2026-10-04 04:55:20
negctl-hh4-S5-all-1006,1006,hh4,S5/all/random-targets,3000,0,0.00813,,2026-10-04 04:55:20
negctl-hh4-S5-all-1007,1007,hh4,S5/all/random-targets,3000,0,0.00842,,2026-10-04 04:55:20
negctl-hh4-S5-all-1008,1008,hh4,S5/all/random-targets,3000,0,0.0084,,2026-10-04 04:55:20
negctl-hh4-S5-all-1009,1009,hh4,S5/all/random-targets,3000,0,0.00812,,2026-10-04 04:55:20
negctl-hh4-S5-all-1010,1010,hh4,S5/all/random-targets,3000,0,0.00848,,2026-10-04 04:55:20
negctl-hh4-S5-all-1011,1011,hh4,S5/all/random-targets,3000,0,0.00839,,2026-10-04 04:55:20
negctl-hh4-S5-all-1012,1012,hh4,S5/all/random-targets,3000,0,0.00845,,2026-10-04 04:55:20
negctl-hh4-S5-all-1013,1013,hh4,S5/all/random-targets,3000,0,0.00751,,2026-10-04 04:55:20
negctl-hh4-S5-all-1014,1014,hh4,S5/all/random-targets,3000,0,0.00842,,2026-10-04 04:55:20
negctl-hh4-S5-all-1015,1015,hh4,S5/all/random-targets,3000,0,0.00803,,2026-10-04 04:55:20
negctl-hh4-S5-all-1016,1016,hh4,S5/all/random-targets,3000,0,0.0086,,2026-10-04 04:55:20
negctl-hh4-S5-all-1017,1017,hh4,S5/all/random-targets,3000,0,0.00815,,2026-10-04 04:55:20
negctl-hh4-S5-all-1018,1018,hh4,S5/all/random-targets,3000,0,0.00829,,2026-10-04 04:55:20
negctl-hh4-S5-all-1019,1019,hh4,S5/all/random-targets,3000,0,0.00838,,2026-10-04 04:55:20
negctl-lstm-S5-all-1000,1000,lstm,S5/all/random-targets,3000,0,0.00865,,2026-10-04 07:39:01
negctl-lstm-S5-all-1001,1001,lstm,S5/all/random-targets,3000,0,0.00842,,2026-10-04 07:39:01
negctl-lstm-S5-all-1002,1002,lstm,S5/all/random-targets,3000,0,0.00806,,2026-10-04 07:39:01
negctl-lstm-S5-all-1003,1003,lstm,S5/all/random-targets,3000,0,0.00824,,2026-10-04 07:39:01
negctl-lstm-S5-all-1004,1004,lstm,S5/all/random-targets,3000,0,0.00848,,2026-10-04 07:39:01
negctl-lstm-S5-all-1005,1005,lstm,S5/all/random-targets,3000,0,0.00822,,2026-10-04 07:39:01
negctl-lstm-S5-all-1006,1006,lstm,S5/all/random-targets,3000,0,0.00816,,2026-10-04 07:39:01
negctl-lstm-S5-all-1007,1007,lstm,S5/all/random-targets,3000,0,0.00826,,2026-10-04 07:39:01
negctl-lstm-S5-all-1008,1008,lstm,S5/all/random-targets,3000,0,0.00855,,2026-10-04 07:39:01
negctl-lstm-S5-all-1009,1009,lstm,S5/all/random-targets,3000,0,0.00809,,2026-10-04 07:39:01
negctl-lstm-S5-all-1010,1010,lstm,S5/all/random-targets,3000,0,0.00851,,2026-10-04 07:39:01
negctl-lstm-S5-all-1011,1011,lstm,S5/all/random-targets,3000,0,0.00831,,2026-10-04 07:39:01
negctl-lstm-S5-all-1012,1012,lstm,S5/all/random-targets,3000,0,0.00847,,2026-10-04 07:39:01
negctl-lstm-S5-all-1013,1013,lstm,S5/all/random-targets,3000,0,0.00744,,2026-10-04 07:39:01
negctl-lstm-S5-all-1014,1014,lstm,S5/all/random-targets,3000,0,0.00836,,2026-10-04 07:39:01
negctl-lstm-S5-all-1015,1015,lstm,S5/all/random-targets,3000,0,0.00797,,2026-10-04 07:39:01
negctl-lstm-S5-all-1016,1016,lstm,S5/all/random-targets,3000,0,0.00868,,2026-10-04 07:39:01
negctl-lstm-S5-all-1017,1017,lstm,S5/all/random-targets,3000,0,0.00812,,2026-10-04 07:39:01
negctl-lstm-S5-all-1018,1018,lstm,S5/all/random-targets,3000,0,0.00825,,2026-10-04 07:39:01
negctl-lstm-S5-all-1019,1019,lstm,S5/all/random-targets,3000,0,0.00849,,2026-10-04 07:39:01
negctl-hh2-A5-all-1000,1000,hh2,A5/all/random-targets,3000,0,0.01733,,2026-10-04 06:12:34
negctl-hh2-A5-all-1001,1001,hh2,A5/all/random-targets,3000,0,0.01697,,2026-10-04 06:12:34
negctl-hh2-A5-all-1002,1002,hh2,A5/all/random-targets,3000,0,0.01669,,2026-10-04 06:12:34
negctl-hh2-A5-all-1003,1003,hh2,A5/all/random-targets,3000,0,0.01623,,2026-10-04 06:12:34
negctl-hh2-A5-all-1004,1004,hh2,A5/all/random-targets,3000,0,0.01701,,2026-10-04 06:12:34
negctl-hh2-A5-all-1005,1005,hh2,A5/all/random-targets,3000,0,0.01669,,2026-10-04 06:12:34
negctl-hh2-A5-all-1006,1006,hh2,A5/all/random-targets,3000,0,0.01622,,2026-10-04 06:12:34
negctl-hh2-A5-all-1007,1007,hh2,A5/all/random-targets,3000,0,0.01698,,2026-10-04 06:12:34
negctl-hh2-A5-all-1008,1008,hh2,A5/all/random-targets,3000,0,0.01707,,2026-10-04 06:12:34
negctl-hh2-A5-all-1009,1009,hh2,A5/all/random-targets,3000,0,0.01656,,2026-10-04 06:12:34
negctl-hh2-A5-all-1010,1010,hh2,A5/all/random-targets,3000,0,0.01683,,2026-10-04 06:12:34
negctl-hh2-A5-all-1011,1011,hh2,A5/all/random-targets,3000,0,0.01698,,2026-10-04 06:12:34
negctl-hh2-A5-all-1012,1012,hh2,A5/all/random-targets,3000,0,0.01674,,2026-10-04 06:12:34
negctl-hh2-A5-all-1013,1013,hh2,A5/all/random-targets,3000,0,0.01633,,2026-10-04 06:12:34
negctl-hh2-A5-all-1014,1014,hh2,A5/all/random-targets,3000,0,0.01671,,2026-10-04 06:12:34
negctl-hh2-A5-all-1015,1015,hh2,A5/all/random-targets,3000,0,0.01637,,2026-10-04 06:12:34
negctl-hh2-A5-all-1016,1016,hh2,A5/all/random-targets,3000,0,0.0169,,2026-10-04 06:12:34
negctl-hh2-A5-all-1017,1017,hh2,A5/all/random-targets,3000,0,0.01667,,2026-10-04 06:12:34
negctl-hh2-A5-all-1018,1018,hh2,A5/all/random-targets,3000,0,0.01645,,2026-10-04 06:12:34
negctl-hh2-A5-all-1019,1019,hh2,A5/all/random-targets,3000,0,0.01655,,2026-10-04 06:12:34
cert-Z2-all,0,verifier,Z2/all,0,0,1.0,,2026-10-04 08:14:22
cert-Z3-all,0,verifier,Z3/all,0,0,2.0,,2026-10-04 08:14:22
cert-Z5-all,0,verifier,Z5/all,0,0,2.0,,2026-10-04 08:14:22
cert-Z6-all,0,verifier,Z6/all,0,0,2.0,,2026-10-04 08:14:22
cert-Z2p2-all,0,verifier,Z2^2/all,0,0,1.0,,2026-10-04 08:14:22
cert-Z2p3-all,0,verifier,Z2^3/all,0,0,1.0,,2026-10-04 08:14:22
cert-S3-transpositions,0,verifier,S3/transpositions,0,0,1.0,,2026-10-04 08:14:22
cert-S3-all,0,verifier,S3/all,0,0,2.0,,2026-10-04 08:14:22
cert-D4-all,0,verifier,D4/all,0,0,2.0,,2026-10-04 08:14:22
cert-D5-all,0,verifier,D5/all,0,0,2.0,,2026-10-04 08:14:22
cert-Q8-all,0,verifier,Q8/all,0,0,6.0,,2026-10-04 08:14:22
cert-A4-all,0,verifier,A4/all,0,0,2.0,,2026-10-04 08:14:22
cert-S4-transpositions,0,verifier,S4/transpositions,0,0,1.0,,2026-10-04 08:14:22
cert-S4-all,0,verifier,S4/all,0,0,2.0,,2026-10-04 08:14:22
cert-S4-tn,0,verifier,S4/tn,0,0,2.0,,2026-10-04 08:14:22
cert-A5-c3c5,0,verifier,A5/c3c5,0,0,2.0,,2026-10-04 08:14:22
cert-S5-tn,0,verifier,S5/tn,0,0,4.0,,2026-10-04 08:14:22
cert-A5-involutions,0,verifier,A5/involutions,0,0,1.0,,2026-10-04 08:14:22
cert-A5-cycles3,0,verifier,A5/cycles3,0,0,2.0,,2026-10-04 08:14:22
cert-A5-cycles5,0,verifier,A5/cycles5,0,0,2.0,,2026-10-04 08:14:22
cert-A5-all,0,verifier,A5/all,0,0,2.0,,2026-10-04 08:14:22
cert-S5-transpositions,0,verifier,S5/transpositions,0,0,1.0,,2026-10-04 08:14:22
cert-S5-all,0,verifier,S5/all,0,0,4.0,,2026-10-04 08:14:22
atlas,0,verifier,SmallGroups<=63,0,0,0.0,,2026-10-04 08:14:22
lean,0,lean,rank and order lemmas,0,0,1.0,,2026-10-04 08:14:22
