run_id,seed,policy,dataset,step,x_index,y,mlflow_run_id,ts
GE-E00001,,cross-container LP,research/geometric-extremal/candidates/transfer/experiments.jsonl,26,,0.018238895463490872,,
GE-E00002,,cross-container LP,research/geometric-extremal/candidates/transfer/experiments.jsonl,26,,0.016285412163217796,,
GE-E00003,,cross-container LP,research/geometric-extremal/candidates/transfer/experiments.jsonl,26,,0.017820676567304614,,
GE-E00004,,cross-container LP,research/geometric-extremal/candidates/transfer/experiments.jsonl,26,,0.015931092350142898,,
GE-E00005,,cross-container LP,research/geometric-extremal/candidates/transfer/experiments.jsonl,61,,0.015049154201959014,,
GE-E00006,,cross-container LP,research/geometric-extremal/candidates/transfer/experiments.jsonl,32,,0.015050154178640291,,
GE-E00007,,cross-container LP,research/geometric-extremal/candidates/transfer/experiments.jsonl,26,,0.014464205030669117,,
GE-E00008,,cross-container LP,research/geometric-extremal/candidates/transfer/experiments.jsonl,26,,0.012938196714726975,,
GE-E00009,,cross-container LP,research/geometric-extremal/candidates/transfer/experiments.jsonl,48,,0.013039573200958544,,
GE-E00010,,cross-container LP,research/geometric-extremal/candidates/transfer/experiments.jsonl,26,,0.013191087454153016,,
GE-E00011,,cross-container LP,research/geometric-extremal/candidates/transfer/experiments.jsonl,33,,0.012689936975159933,,
GE-E00012,,cross-container LP,research/geometric-extremal/candidates/transfer/experiments.jsonl,26,,0.011601858357859809,,
GE-E00013,,cross-container LP,research/geometric-extremal/candidates/transfer/experiments.jsonl,26,,0.012254962789776384,,
GE-E00014,,cross-container LP,research/geometric-extremal/candidates/transfer/experiments.jsonl,58,,0.011223935967113243,,
GE-E00015,,cross-container LP,research/geometric-extremal/candidates/transfer/experiments.jsonl,26,,0.011626773460188394,,
GE-E00016,,cross-container LP,research/geometric-extremal/candidates/transfer/experiments.jsonl,26,,0.011082485280563159,,
GE-E00017,,cross-container LP,research/geometric-extremal/candidates/transfer/experiments.jsonl,32,,0.010425527600997745,,
GE-E00018,,cross-container LP,research/geometric-extremal/candidates/transfer/experiments.jsonl,34,,0.011020386960208484,,
GE-E00019,,cross-container LP,research/geometric-extremal/candidates/transfer/experiments.jsonl,26,,0.010712640652693868,,
GE-E00020,,cross-container LP,research/geometric-extremal/candidates/transfer/experiments.jsonl,26,,0.009309186599613203,,
GE-E00021,,cross-container LP,research/geometric-extremal/candidates/transfer/experiments.jsonl,36,,0.010712640652693752,,
GE-E00022,,cross-container LP,research/geometric-extremal/candidates/transfer/experiments.jsonl,26,,0.009316105977690092,,
GE-E00023,,cross-container LP,research/geometric-extremal/candidates/transfer/experiments.jsonl,76,,0.00859787941574478,,
GE-E00024,,cross-container LP,research/geometric-extremal/candidates/transfer/experiments.jsonl,62,,0.008722294738985253,,
GE-E00025,,cross-container LP,research/geometric-extremal/candidates/transfer/experiments.jsonl,26,,0.008714787636293953,,
GE-E00026,,cross-container LP,research/geometric-extremal/candidates/transfer/experiments.jsonl,31,,0.00801549856667313,,
GE-E00027,,cross-container LP,research/geometric-extremal/candidates/transfer/experiments.jsonl,26,,0.007782858994304788,,
GE-E00028,,cross-container LP,research/geometric-extremal/candidates/transfer/experiments.jsonl,26,,0.008029121778491688,,
GE-E00029,,cross-container LP,research/geometric-extremal/candidates/transfer/experiments.jsonl,33,,0.007430405595637322,,
GE-E00030,,cross-container LP,research/geometric-extremal/candidates/transfer/experiments.jsonl,58,,0.007411529587211473,,
GE-E00031,,cross-container LP,research/geometric-extremal/candidates/transfer/experiments.jsonl,26,,0.0077188404339414785,,
GE-E00032,,cross-container LP,research/geometric-extremal/candidates/transfer/experiments.jsonl,32,,0.007494117963182767,,
GE-E00033,,cross-container LP,research/geometric-extremal/candidates/transfer/experiments.jsonl,26,,0.006758209624270216,,
GE-E00034,,cross-container LP,research/geometric-extremal/candidates/transfer/experiments.jsonl,26,,0.007289115327459805,,
GE-E00035,,cross-container LP,research/geometric-extremal/candidates/transfer/experiments.jsonl,34,,0.006621139773462079,,
GE-E00036,,cross-container LP,research/geometric-extremal/candidates/transfer/experiments.jsonl,52,,0.00651260660432484,,
GE-E00037,,cross-container LP,research/geometric-extremal/candidates/transfer/experiments.jsonl,27,,0.007160184530676533,,
GE-E00038,,cross-container LP,research/geometric-extremal/candidates/transfer/experiments.jsonl,30,,0.006087322828817243,,
GE-E00039,,cross-container LP,research/geometric-extremal/candidates/transfer/experiments.jsonl,150,,0.006368217891069043,,
GE-E00040,,cross-container LP,research/geometric-extremal/candidates/transfer/experiments.jsonl,26,,0.0063096707080895565,,
GE-E00041,,cross-container LP,research/geometric-extremal/candidates/transfer/experiments.jsonl,33,,0.005957082405353255,,
GE-E00042,,cross-container LP,research/geometric-extremal/candidates/transfer/experiments.jsonl,32,,0.005572897351868886,,
GE-E00043,,cross-container LP,research/geometric-extremal/candidates/transfer/experiments.jsonl,26,,0.0058507143333531315,,
GE-E00044,,cross-container LP,research/geometric-extremal/candidates/transfer/experiments.jsonl,26,,0.005846001142957109,,
GE-E00045,,cross-container LP,research/geometric-extremal/candidates/transfer/experiments.jsonl,44,,0.004984965401947274,,
GE-E00046,,cross-container LP,research/geometric-extremal/candidates/transfer/experiments.jsonl,26,,0.005470136067289851,,
GE-E00047,,cross-container LP,research/geometric-extremal/candidates/transfer/experiments.jsonl,34,,0.005291963466178959,,
GE-E00048,,cross-container LP,research/geometric-extremal/candidates/transfer/experiments.jsonl,26,,0.004891307435471048,,
GE-E00049,,cross-container LP,research/geometric-extremal/candidates/transfer/experiments.jsonl,26,,0.0052062169865144435,,
GE-E00050,,cross-container LP,research/geometric-extremal/candidates/transfer/experiments.jsonl,33,,0.005088974582674692,,
GE-E00051,,cross-container LP,research/geometric-extremal/candidates/transfer/experiments.jsonl,32,,0.004642275180385492,,
GE-E00052,,cross-container LP,research/geometric-extremal/candidates/transfer/experiments.jsonl,27,,0.0047738053315028875,,
GE-E00053,,cross-container LP,research/geometric-extremal/candidates/transfer/experiments.jsonl,33,,0.004636646410738705,,
GE-E00054,,cross-container LP,research/geometric-extremal/candidates/transfer/experiments.jsonl,26,,0.004114168577554113,,
GE-E00055,,delete + hull LP,research/geometric-extremal/candidates/transfer/experiments.jsonl,35,,0.013546416830142712,,
GE-E00056,,delete + hull LP,research/geometric-extremal/candidates/transfer/experiments.jsonl,36,,0.0135464168301426,,
GE-E00057,,delete + hull LP,research/geometric-extremal/candidates/transfer/experiments.jsonl,36,,0.013546416830142693,,
GE-E00058,,delete + hull LP,research/geometric-extremal/candidates/transfer/experiments.jsonl,33,,0.01340554482592392,,
GE-E00059,,delete + hull LP,research/geometric-extremal/candidates/transfer/experiments.jsonl,33,,0.013405544825924041,,
GE-E00060,,delete + hull LP,research/geometric-extremal/candidates/transfer/experiments.jsonl,33,,0.013405544825923892,,
GE-E00061,,delete + hull LP,research/geometric-extremal/candidates/transfer/experiments.jsonl,33,,0.0134928508584498,,
GE-E00062,,delete + hull LP,research/geometric-extremal/candidates/transfer/experiments.jsonl,34,,0.013492850858449786,,
GE-E00063,,delete + hull LP,research/geometric-extremal/candidates/transfer/experiments.jsonl,33,,0.013492850858448218,,
GE-E00064,,delete + hull LP,research/geometric-extremal/candidates/transfer/experiments.jsonl,34,,0.013573775422272732,,
GE-E00065,,delete + hull LP,research/geometric-extremal/candidates/transfer/experiments.jsonl,34,,0.013573775422272697,,
GE-E00066,,delete + hull LP,research/geometric-extremal/candidates/transfer/experiments.jsonl,32,,0.013573775422271563,,
GE-E00067,,delete + hull LP,research/geometric-extremal/candidates/transfer/experiments.jsonl,26,,0.013191087454153016,,
GE-E00068,,delete + hull LP,research/geometric-extremal/candidates/transfer/experiments.jsonl,26,,0.013191087454153016,,
GE-E00069,,delete + hull LP,research/geometric-extremal/candidates/transfer/experiments.jsonl,26,,0.013191087454153016,,
GE-E00070,,delete + hull LP,research/geometric-extremal/candidates/transfer/experiments.jsonl,78,,0.013804003883103428,,
GE-E00071,,delete + hull LP,research/geometric-extremal/candidates/transfer/experiments.jsonl,83,,0.01380400388331224,,
GE-E00072,,delete + hull LP,research/geometric-extremal/candidates/transfer/experiments.jsonl,66,,0.013804003883248263,,
GE-E00073,,delete + hull LP,research/geometric-extremal/candidates/transfer/experiments.jsonl,59,,0.013625787554434483,,
GE-E00074,,delete + hull LP,research/geometric-extremal/candidates/transfer/experiments.jsonl,59,,0.013625787554368662,,
GE-E00075,,delete + hull LP,research/geometric-extremal/candidates/transfer/experiments.jsonl,63,,0.013625787554304963,,
GE-E00076,,delete + hull LP,research/geometric-extremal/candidates/transfer/experiments.jsonl,87,,0.012452734810115636,,
GE-E00077,,delete + hull LP,research/geometric-extremal/candidates/transfer/experiments.jsonl,79,,0.012452735088134126,,
GE-E00078,,delete + hull LP,research/geometric-extremal/candidates/transfer/experiments.jsonl,100,,0.01246591237804149,,
GE-E00079,,delete + hull LP,research/geometric-extremal/candidates/transfer/experiments.jsonl,78,,0.012301568254230535,,
GE-E00080,,delete + hull LP,research/geometric-extremal/candidates/transfer/experiments.jsonl,97,,0.01250661008919819,,
GE-E00081,,delete + hull LP,research/geometric-extremal/candidates/transfer/experiments.jsonl,97,,0.012655792666750754,,
GE-E00082,,delete + hull LP,research/geometric-extremal/candidates/transfer/experiments.jsonl,92,,0.01272495121157909,,
GE-E00083,,delete + hull LP,research/geometric-extremal/candidates/transfer/experiments.jsonl,100,,0.012704004280758437,,
GE-E00084,,delete + hull LP,research/geometric-extremal/candidates/transfer/experiments.jsonl,77,,0.012301568414037562,,
GE-E00085,,delete + hull LP,research/geometric-extremal/candidates/transfer/experiments.jsonl,81,,0.012597245929429762,,
GE-E00086,,delete + hull LP,research/geometric-extremal/candidates/transfer/experiments.jsonl,100,,0.012704063366639583,,
GE-E00087,,delete + hull LP,research/geometric-extremal/candidates/transfer/experiments.jsonl,97,,0.012655792666753688,,
GE-E00088,,delete + hull LP,research/geometric-extremal/candidates/transfer/experiments.jsonl,100,,0.012488872188092772,,
GE-E00089,,delete + hull LP,research/geometric-extremal/candidates/transfer/experiments.jsonl,92,,0.012506489497430126,,
GE-E00090,,delete + hull LP,research/geometric-extremal/candidates/transfer/experiments.jsonl,90,,0.012548211230970963,,
GE-E00091,,delete + hull LP,research/geometric-extremal/candidates/transfer/experiments.jsonl,81,,0.01259724592947207,,
GE-E00092,,delete + hull LP,research/geometric-extremal/candidates/transfer/experiments.jsonl,100,,0.012509707619000623,,
GE-E00093,,delete + hull LP,research/geometric-extremal/candidates/transfer/experiments.jsonl,100,,0.012465912378041637,,
GE-E00094,,delete + hull LP,research/geometric-extremal/candidates/transfer/experiments.jsonl,96,,0.012548210337209695,,
GE-E00095,,delete + hull LP,research/geometric-extremal/candidates/transfer/experiments.jsonl,100,,0.012488872188094323,,
GE-E00096,,delete + hull LP,research/geometric-extremal/candidates/transfer/experiments.jsonl,91,,0.012724951211501221,,
GE-E00097,,delete + hull LP,research/geometric-extremal/candidates/transfer/experiments.jsonl,100,,0.012508631959519812,,
GE-E00098,,delete + hull LP,research/geometric-extremal/candidates/transfer/experiments.jsonl,98,,0.011188481939705463,,
GE-E00099,,delete + hull LP,research/geometric-extremal/candidates/transfer/experiments.jsonl,94,,0.011353068996683624,,
GE-E00100,,delete + hull LP,research/geometric-extremal/candidates/transfer/experiments.jsonl,100,,0.011167763602732497,,
GE-E00101,,delete + hull LP,research/geometric-extremal/candidates/transfer/experiments.jsonl,100,,0.011373675609534598,,
GE-E00102,,delete + hull LP,research/geometric-extremal/candidates/transfer/experiments.jsonl,100,,0.01225496252052417,,
GE-E00103,,delete + hull LP,research/geometric-extremal/candidates/transfer/experiments.jsonl,100,,0.011285885925319242,,
GE-E00104,,delete + hull LP,research/geometric-extremal/candidates/transfer/experiments.jsonl,100,,0.011295490926848761,,
GE-E00105,,delete + hull LP,research/geometric-extremal/candidates/transfer/experiments.jsonl,100,,0.011176139796734074,,
GE-E00106,,delete + hull LP,research/geometric-extremal/candidates/transfer/experiments.jsonl,97,,0.011445842467125102,,
GE-E00107,,delete + hull LP,research/geometric-extremal/candidates/transfer/experiments.jsonl,100,,0.011282112195231201,,
GE-E00108,,delete + hull LP,research/geometric-extremal/candidates/transfer/experiments.jsonl,100,,0.01154088856137825,,
GE-E00109,,delete + hull LP,research/geometric-extremal/candidates/transfer/experiments.jsonl,100,,0.01137936465766723,,
GE-E00110,,delete + hull LP,research/geometric-extremal/candidates/transfer/experiments.jsonl,100,,0.011559220208695526,,
GE-E00111,,delete + hull LP,research/geometric-extremal/candidates/transfer/experiments.jsonl,92,,0.01135093221794282,,
GE-E00112,,delete + hull LP,research/geometric-extremal/candidates/transfer/experiments.jsonl,100,,0.011506806267237445,,
GE-E00113,,delete + hull LP,research/geometric-extremal/candidates/transfer/experiments.jsonl,100,,0.011332574113382446,,
GE-E00114,,delete + hull LP,research/geometric-extremal/candidates/transfer/experiments.jsonl,100,,0.011377507038281692,,
GE-E00115,,delete + hull LP,research/geometric-extremal/candidates/transfer/experiments.jsonl,73,,0.01118296596410472,,
GE-E00116,,delete + hull LP,research/geometric-extremal/candidates/transfer/experiments.jsonl,100,,0.011506806267236387,,
GE-E00117,,delete + hull LP,research/geometric-extremal/candidates/transfer/experiments.jsonl,87,,0.011424366583240685,,
GE-E00118,,delete + hull LP,research/geometric-extremal/candidates/transfer/experiments.jsonl,81,,0.011226671499822854,,
GE-E00119,,delete + hull LP,research/geometric-extremal/candidates/transfer/experiments.jsonl,100,,0.011248318480105947,,
GE-E00120,,delete + hull LP,research/geometric-extremal/candidates/transfer/experiments.jsonl,84,,0.011297196614486079,,
GE-E00121,,delete + hull LP,research/geometric-extremal/candidates/transfer/experiments.jsonl,62,,0.009439155999810536,,
GE-E00122,,delete + hull LP,research/geometric-extremal/candidates/transfer/experiments.jsonl,62,,0.00942768826987779,,
GE-E00123,,delete + hull LP,research/geometric-extremal/candidates/transfer/experiments.jsonl,63,,0.009538656161030496,,
GE-E00124,,delete + hull LP,research/geometric-extremal/candidates/transfer/experiments.jsonl,33,,0.009440514633388963,,
GE-E00125,,delete + hull LP,research/geometric-extremal/candidates/transfer/experiments.jsonl,36,,0.009451996573587673,,
GE-E00126,,delete + hull LP,research/geometric-extremal/candidates/transfer/experiments.jsonl,36,,0.009585755595939025,,
GE-E00127,,delete + hull LP,research/geometric-extremal/candidates/transfer/experiments.jsonl,34,,0.009711934087324696,,
GE-E00128,,delete + hull LP,research/geometric-extremal/candidates/transfer/experiments.jsonl,34,,0.009355844596185686,,
GE-E00129,,delete + hull LP,research/geometric-extremal/candidates/transfer/experiments.jsonl,34,,0.009591303169761289,,
GE-E00130,,delete + hull LP,research/geometric-extremal/candidates/transfer/experiments.jsonl,69,,0.00942823838483883,,
GE-E00131,,delete + hull LP,research/geometric-extremal/candidates/transfer/experiments.jsonl,54,,0.009498136091402369,,
GE-E00132,,delete + hull LP,research/geometric-extremal/candidates/transfer/experiments.jsonl,33,,0.009496904768961685,,
GE-E00133,,delete + hull LP,research/geometric-extremal/candidates/transfer/experiments.jsonl,33,,0.009487952201388901,,
GE-E00134,,delete + hull LP,research/geometric-extremal/candidates/transfer/experiments.jsonl,59,,0.00944738311170768,,
GE-E00135,,delete + hull LP,research/geometric-extremal/candidates/transfer/experiments.jsonl,59,,0.009417935474427801,,
GE-E00136,,delete + hull LP,research/geometric-extremal/candidates/transfer/experiments.jsonl,32,,0.00943660696225643,,
GE-E00137,,delete + hull LP,research/geometric-extremal/candidates/transfer/experiments.jsonl,63,,0.00941708606528643,,
GE-E00138,,delete + hull LP,research/geometric-extremal/candidates/transfer/experiments.jsonl,65,,0.009452558571721172,,
GE-E00139,,delete + hull LP,research/geometric-extremal/candidates/transfer/experiments.jsonl,30,,0.009316628201714737,,
GE-E00140,,delete + hull LP,research/geometric-extremal/candidates/transfer/experiments.jsonl,41,,0.009323610211073956,,
GE-E00141,,delete + hull LP,research/geometric-extremal/candidates/transfer/experiments.jsonl,34,,0.009374811496033053,,
GE-E00142,,delete + hull LP,research/geometric-extremal/candidates/transfer/experiments.jsonl,62,,0.009590687287775977,,
GE-E00143,,delete + hull LP,research/geometric-extremal/candidates/transfer/experiments.jsonl,33,,0.009481523005266574,,
GE-E00144,,delete + hull LP,research/geometric-extremal/candidates/transfer/experiments.jsonl,33,,0.009716840071636096,,
GE-E00145,,delete + hull LP,research/geometric-extremal/candidates/transfer/experiments.jsonl,34,,0.010712640652693834,,
GE-E00146,,delete + hull LP,research/geometric-extremal/candidates/transfer/experiments.jsonl,33,,0.008115300813156555,,
GE-E00147,,delete + hull LP,research/geometric-extremal/candidates/transfer/experiments.jsonl,56,,0.008119633050915207,,
GE-E00148,,delete + hull LP,research/geometric-extremal/candidates/transfer/experiments.jsonl,33,,0.008123794799185726,,
GE-E00149,,delete + hull LP,research/geometric-extremal/candidates/transfer/experiments.jsonl,48,,0.008208063155290197,,
GE-E00150,,delete + hull LP,research/geometric-extremal/candidates/transfer/experiments.jsonl,30,,0.008030425267193376,,
GE-E00151,,delete + hull LP,research/geometric-extremal/candidates/transfer/experiments.jsonl,32,,0.008030425267193424,,
GE-E00152,,delete + hull LP,research/geometric-extremal/candidates/transfer/experiments.jsonl,54,,0.008033923425417994,,
GE-E00153,,delete + hull LP,research/geometric-extremal/candidates/transfer/experiments.jsonl,36,,0.008094911497956377,,
GE-E00154,,delete + hull LP,research/geometric-extremal/candidates/transfer/experiments.jsonl,54,,0.008033923425617873,,
GE-E00155,,delete + hull LP,research/geometric-extremal/candidates/transfer/experiments.jsonl,34,,0.008216334381990141,,
GE-E00156,,delete + hull LP,research/geometric-extremal/candidates/transfer/experiments.jsonl,59,,0.008138360313241954,,
GE-E00157,,delete + hull LP,research/geometric-extremal/candidates/transfer/experiments.jsonl,36,,0.008166574865522972,,
GE-E00158,,delete + hull LP,research/geometric-extremal/candidates/transfer/experiments.jsonl,35,,0.008177969136607828,,
GE-E00159,,delete + hull LP,research/geometric-extremal/candidates/transfer/experiments.jsonl,58,,0.008215918984330304,,
GE-E00160,,delete + hull LP,research/geometric-extremal/candidates/transfer/experiments.jsonl,58,,0.008119633070021228,,
GE-E00161,,delete + hull LP,research/geometric-extremal/candidates/transfer/experiments.jsonl,33,,0.008115300813156553,,
GE-E00162,,delete + hull LP,research/geometric-extremal/candidates/transfer/experiments.jsonl,51,,0.008208063155450135,,
GE-E00163,,delete + hull LP,research/geometric-extremal/candidates/transfer/experiments.jsonl,32,,0.008123794799185678,,
GE-E00164,,delete + hull LP,research/geometric-extremal/candidates/transfer/experiments.jsonl,32,,0.008133162785774693,,
GE-E00165,,delete + hull LP,research/geometric-extremal/candidates/transfer/experiments.jsonl,33,,0.008133162785774703,,
GE-E00166,,delete + hull LP,research/geometric-extremal/candidates/transfer/experiments.jsonl,33,,0.008162490617198469,,
GE-E00167,,delete + hull LP,research/geometric-extremal/candidates/transfer/experiments.jsonl,32,,0.008162490617198483,,
GE-E00168,,delete + hull LP,research/geometric-extremal/candidates/transfer/experiments.jsonl,34,,0.00816657486552289,,
GE-E00169,,delete + hull LP,research/geometric-extremal/candidates/transfer/experiments.jsonl,72,,0.008138360313185216,,
GE-E00170,,delete + hull LP,research/geometric-extremal/candidates/transfer/experiments.jsonl,36,,0.008216334381990122,,
GE-E00171,,delete + hull LP,research/geometric-extremal/candidates/transfer/experiments.jsonl,72,,0.008215918984303565,,
GE-E00172,,delete + hull LP,research/geometric-extremal/candidates/transfer/experiments.jsonl,34,,0.008177969136607842,,
GE-E00173,,delete + hull LP,research/geometric-extremal/candidates/transfer/experiments.jsonl,61,,0.007440997960993078,,
GE-E00174,,delete + hull LP,research/geometric-extremal/candidates/transfer/experiments.jsonl,62,,0.007389314432168715,,
GE-E00175,,delete + hull LP,research/geometric-extremal/candidates/transfer/experiments.jsonl,67,,0.007360489827126185,,
GE-E00176,,delete + hull LP,research/geometric-extremal/candidates/transfer/experiments.jsonl,58,,0.007353975142949996,,
GE-E00177,,delete + hull LP,research/geometric-extremal/candidates/transfer/experiments.jsonl,56,,0.007367787627539094,,
GE-E00178,,delete + hull LP,research/geometric-extremal/candidates/transfer/experiments.jsonl,59,,0.007388028252297816,,
GE-E00179,,delete + hull LP,research/geometric-extremal/candidates/transfer/experiments.jsonl,56,,0.007369050590217542,,
GE-E00180,,delete + hull LP,research/geometric-extremal/candidates/transfer/experiments.jsonl,69,,0.007338052017809876,,
GE-E00181,,delete + hull LP,research/geometric-extremal/candidates/transfer/experiments.jsonl,63,,0.007352812926354218,,
GE-E00182,,delete + hull LP,research/geometric-extremal/candidates/transfer/experiments.jsonl,33,,0.007418943141785259,,
GE-E00183,,delete + hull LP,research/geometric-extremal/candidates/transfer/experiments.jsonl,36,,0.007414426501934682,,
GE-E00184,,delete + hull LP,research/geometric-extremal/candidates/transfer/experiments.jsonl,58,,0.007300622971520497,,
GE-E00185,,delete + hull LP,research/geometric-extremal/candidates/transfer/experiments.jsonl,54,,0.007364612392077959,,
GE-E00186,,delete + hull LP,research/geometric-extremal/candidates/transfer/experiments.jsonl,34,,0.0074252231400899656,,
GE-E00187,,delete + hull LP,research/geometric-extremal/candidates/transfer/experiments.jsonl,74,,0.007389314431968327,,
GE-E00188,,delete + hull LP,research/geometric-extremal/candidates/transfer/experiments.jsonl,59,,0.007355471395956116,,
GE-E00189,,delete + hull LP,research/geometric-extremal/candidates/transfer/experiments.jsonl,34,,0.007584114710920574,,
GE-E00190,,delete + hull LP,research/geometric-extremal/candidates/transfer/experiments.jsonl,70,,0.007447193626188074,,
GE-E00191,,delete + hull LP,research/geometric-extremal/candidates/transfer/experiments.jsonl,56,,0.0073030941119783255,,
GE-E00192,,delete + hull LP,research/geometric-extremal/candidates/transfer/experiments.jsonl,88,,0.00729820897692658,,
GE-E00193,,delete + hull LP,research/geometric-extremal/candidates/transfer/experiments.jsonl,63,,0.007447193626055519,,
GE-E00194,,delete + hull LP,research/geometric-extremal/candidates/transfer/experiments.jsonl,51,,0.007377877665199247,,
GE-E00195,,delete + hull LP,research/geometric-extremal/candidates/transfer/experiments.jsonl,33,,0.0073614579969423395,,
GE-E00196,,delete + hull LP,research/geometric-extremal/candidates/transfer/experiments.jsonl,32,,0.007375842073140925,,
GE-E00197,,delete + hull LP,research/geometric-extremal/candidates/transfer/experiments.jsonl,33,,0.007498314448344931,,
GE-E00198,,delete + hull LP,research/geometric-extremal/candidates/transfer/experiments.jsonl,55,,0.0073439514655137105,,
GE-E00199,,delete + hull LP,research/geometric-extremal/candidates/transfer/experiments.jsonl,32,,0.0073427869941369225,,
GE-E00200,,delete + hull LP,research/geometric-extremal/candidates/transfer/experiments.jsonl,32,,0.007447884839047159,,
GE-E00201,,delete + hull LP,research/geometric-extremal/candidates/transfer/experiments.jsonl,66,,0.007415451077144078,,
GE-E00202,,delete + hull LP,research/geometric-extremal/candidates/transfer/experiments.jsonl,58,,0.0063147315332043345,,
GE-E00203,,delete + hull LP,research/geometric-extremal/candidates/transfer/experiments.jsonl,67,,0.00648558399990898,,
GE-E00204,,delete + hull LP,research/geometric-extremal/candidates/transfer/experiments.jsonl,67,,0.006546714899709374,,
GE-E00205,,delete + hull LP,research/geometric-extremal/candidates/transfer/experiments.jsonl,34,,0.00663029068193779,,
GE-E00206,,delete + hull LP,research/geometric-extremal/candidates/transfer/experiments.jsonl,34,,0.006369398922395794,,
GE-E00207,,delete + hull LP,research/geometric-extremal/candidates/transfer/experiments.jsonl,58,,0.006519640296780358,,
GE-E00208,,delete + hull LP,research/geometric-extremal/candidates/transfer/experiments.jsonl,59,,0.006354230297076466,,
GE-E00209,,delete + hull LP,research/geometric-extremal/candidates/transfer/experiments.jsonl,56,,0.006390027639237838,,
GE-E00210,,delete + hull LP,research/geometric-extremal/candidates/transfer/experiments.jsonl,69,,0.006457417648837496,,
GE-E00211,,delete + hull LP,research/geometric-extremal/candidates/transfer/experiments.jsonl,36,,0.0063510490198284905,,
GE-E00212,,delete + hull LP,research/geometric-extremal/candidates/transfer/experiments.jsonl,26,,0.0063096707080895565,,
GE-E00213,,delete + hull LP,research/geometric-extremal/candidates/transfer/experiments.jsonl,54,,0.006369535008318806,,
GE-E00214,,delete + hull LP,research/geometric-extremal/candidates/transfer/experiments.jsonl,61,,0.006357633755954788,,
GE-E00215,,delete + hull LP,research/geometric-extremal/candidates/transfer/experiments.jsonl,34,,0.006370681780073359,,
GE-E00216,,delete + hull LP,research/geometric-extremal/candidates/transfer/experiments.jsonl,36,,0.00639602581859407,,
GE-E00217,,delete + hull LP,research/geometric-extremal/candidates/transfer/experiments.jsonl,62,,0.006427621967096336,,
GE-E00218,,delete + hull LP,research/geometric-extremal/candidates/transfer/experiments.jsonl,56,,0.006358064067840215,,
GE-E00219,,delete + hull LP,research/geometric-extremal/candidates/transfer/experiments.jsonl,65,,0.006431809195357853,,
GE-E00220,,delete + hull LP,research/geometric-extremal/candidates/transfer/experiments.jsonl,31,,0.006414493769188695,,
GE-E00221,,delete + hull LP,research/geometric-extremal/candidates/transfer/experiments.jsonl,37,,0.006555163189684413,,
GE-E00222,,delete + hull LP,research/geometric-extremal/candidates/transfer/experiments.jsonl,69,,0.006451138403018069,,
GE-E00223,,delete + hull LP,research/geometric-extremal/candidates/transfer/experiments.jsonl,69,,0.006346127683856406,,
GE-E00224,,delete + hull LP,research/geometric-extremal/candidates/transfer/experiments.jsonl,33,,0.006432265695243468,,
GE-E00225,,delete + hull LP,research/geometric-extremal/candidates/transfer/experiments.jsonl,61,,0.0063172696073963575,,
GE-E00226,,delete + hull LP,research/geometric-extremal/candidates/transfer/experiments.jsonl,32,,0.006393455276025806,,
GE-E00227,,delete + hull LP,research/geometric-extremal/candidates/transfer/experiments.jsonl,33,,0.00633274789686846,,
GE-E00228,,delete + hull LP,research/geometric-extremal/candidates/transfer/experiments.jsonl,36,,0.006403154232247938,,
GE-E00229,,delete + hull LP,research/geometric-extremal/candidates/transfer/experiments.jsonl,32,,0.006324199035785122,,
GE-E00230,,delete + hull LP,research/geometric-extremal/candidates/transfer/experiments.jsonl,36,,0.006349999673978986,,
GE-E00231,,delete + hull LP,research/geometric-extremal/candidates/transfer/experiments.jsonl,58,,0.006342685988446226,,
GE-E00232,,delete + hull LP,research/geometric-extremal/candidates/transfer/experiments.jsonl,31,,0.006435282655628684,,
GE-E00233,,delete + hull LP,research/geometric-extremal/candidates/transfer/experiments.jsonl,33,,0.005527043346834407,,
GE-E00234,,delete + hull LP,research/geometric-extremal/candidates/transfer/experiments.jsonl,34,,0.00557636304380446,,
GE-E00235,,delete + hull LP,research/geometric-extremal/candidates/transfer/experiments.jsonl,34,,0.0055421958729012025,,
GE-E00236,,delete + hull LP,research/geometric-extremal/candidates/transfer/experiments.jsonl,33,,0.005534460633747849,,
GE-E00237,,delete + hull LP,research/geometric-extremal/candidates/transfer/experiments.jsonl,34,,0.00552677903468229,,
GE-E00238,,delete + hull LP,research/geometric-extremal/candidates/transfer/experiments.jsonl,33,,0.005524859270087666,,
GE-E00239,,delete + hull LP,research/geometric-extremal/candidates/transfer/experiments.jsonl,61,,0.005556447644116144,,
GE-E00240,,delete + hull LP,research/geometric-extremal/candidates/transfer/experiments.jsonl,36,,0.005514574033013192,,
GE-E00241,,delete + hull LP,research/geometric-extremal/candidates/transfer/experiments.jsonl,34,,0.005501543116543509,,
GE-E00242,,delete + hull LP,research/geometric-extremal/candidates/transfer/experiments.jsonl,56,,0.005494742235761563,,
GE-E00243,,delete + hull LP,research/geometric-extremal/candidates/transfer/experiments.jsonl,56,,0.005485108976973367,,
GE-E00244,,delete + hull LP,research/geometric-extremal/candidates/transfer/experiments.jsonl,62,,0.005497353965018646,,
GE-E00245,,delete + hull LP,research/geometric-extremal/candidates/transfer/experiments.jsonl,33,,0.005523440367775872,,
GE-E00246,,delete + hull LP,research/geometric-extremal/candidates/transfer/experiments.jsonl,58,,0.005511585484206446,,
GE-E00247,,delete + hull LP,research/geometric-extremal/candidates/transfer/experiments.jsonl,33,,0.0055487991898918,,
GE-E00248,,delete + hull LP,research/geometric-extremal/candidates/transfer/experiments.jsonl,34,,0.005526931529389138,,
GE-E00249,,delete + hull LP,research/geometric-extremal/candidates/transfer/experiments.jsonl,35,,0.005564275994151906,,
GE-E00250,,delete + hull LP,research/geometric-extremal/candidates/transfer/experiments.jsonl,61,,0.005536662844774198,,
GE-E00251,,delete + hull LP,research/geometric-extremal/candidates/transfer/experiments.jsonl,36,,0.005497242949340173,,
GE-E00252,,delete + hull LP,research/geometric-extremal/candidates/transfer/experiments.jsonl,33,,0.005506335259685928,,
GE-E00253,,delete + hull LP,research/geometric-extremal/candidates/transfer/experiments.jsonl,63,,0.005526986908924591,,
GE-E00254,,delete + hull LP,research/geometric-extremal/candidates/transfer/experiments.jsonl,33,,0.005558911612498864,,
GE-E00255,,delete + hull LP,research/geometric-extremal/candidates/transfer/experiments.jsonl,63,,0.0055213222295767295,,
GE-E00256,,delete + hull LP,research/geometric-extremal/candidates/transfer/experiments.jsonl,56,,0.00554845558302331,,
GE-E00257,,delete + hull LP,research/geometric-extremal/candidates/transfer/experiments.jsonl,38,,0.005528454595448687,,
GE-E00258,,delete + hull LP,research/geometric-extremal/candidates/transfer/experiments.jsonl,33,,0.005511686221795171,,
GE-E00259,,delete + hull LP,research/geometric-extremal/candidates/transfer/experiments.jsonl,34,,0.00552055822080639,,
GE-E00260,,delete + hull LP,research/geometric-extremal/candidates/transfer/experiments.jsonl,38,,0.005477765186851554,,
GE-E00261,,delete + hull LP,research/geometric-extremal/candidates/transfer/experiments.jsonl,33,,0.005494019428064128,,
GE-E00262,,delete + hull LP,research/geometric-extremal/candidates/transfer/experiments.jsonl,34,,0.005510619100004858,,
GE-E00263,,delete + hull LP,research/geometric-extremal/candidates/transfer/experiments.jsonl,55,,0.0054823312161438615,,
GE-E00264,,delete + hull LP,research/geometric-extremal/candidates/transfer/experiments.jsonl,70,,0.005495628085999419,,
GE-E00265,,delete + hull LP,research/geometric-extremal/candidates/transfer/experiments.jsonl,67,,0.005850714333336777,,
GE-E00266,,delete + hull LP,research/geometric-extremal/candidates/transfer/experiments.jsonl,34,,0.004789527345641268,,
GE-E00267,,delete + hull LP,research/geometric-extremal/candidates/transfer/experiments.jsonl,34,,0.004789527345641269,,
GE-E00268,,delete + hull LP,research/geometric-extremal/candidates/transfer/experiments.jsonl,33,,0.004789527345641212,,
GE-E00269,,delete + hull LP,research/geometric-extremal/candidates/transfer/experiments.jsonl,34,,0.004789527345641353,,
GE-E00270,,delete + hull LP,research/geometric-extremal/candidates/transfer/experiments.jsonl,33,,0.004789527345641249,,
GE-E00271,,delete + hull LP,research/geometric-extremal/candidates/transfer/experiments.jsonl,34,,0.004789527345641311,,
GE-E00272,,delete + hull LP,research/geometric-extremal/candidates/transfer/experiments.jsonl,33,,0.004789527345641329,,
GE-E00273,,delete + hull LP,research/geometric-extremal/candidates/transfer/experiments.jsonl,33,,0.004789527345641237,,
GE-E00274,,delete + hull LP,research/geometric-extremal/candidates/transfer/experiments.jsonl,33,,0.0047895273456413255,,
GE-E00275,,delete + hull LP,research/geometric-extremal/candidates/transfer/experiments.jsonl,34,,0.004789527345641278,,
GE-E00276,,delete + hull LP,research/geometric-extremal/candidates/transfer/experiments.jsonl,33,,0.004798215628633031,,
GE-E00277,,delete + hull LP,research/geometric-extremal/candidates/transfer/experiments.jsonl,36,,0.004798215628633119,,
GE-E00278,,delete + hull LP,research/geometric-extremal/candidates/transfer/experiments.jsonl,34,,0.0047982156286330855,,
GE-E00279,,delete + hull LP,research/geometric-extremal/candidates/transfer/experiments.jsonl,34,,0.004798215628633114,,
GE-E00280,,delete + hull LP,research/geometric-extremal/candidates/transfer/experiments.jsonl,34,,0.004798215628633125,,
GE-E00281,,delete + hull LP,research/geometric-extremal/candidates/transfer/experiments.jsonl,33,,0.004798215628581686,,
GE-E00282,,delete + hull LP,research/geometric-extremal/candidates/transfer/experiments.jsonl,34,,0.004798215628633069,,
GE-E00283,,delete + hull LP,research/geometric-extremal/candidates/transfer/experiments.jsonl,33,,0.0047982156286330005,,
GE-E00284,,delete + hull LP,research/geometric-extremal/candidates/transfer/experiments.jsonl,36,,0.004798215628633077,,
GE-E00285,,delete + hull LP,research/geometric-extremal/candidates/transfer/experiments.jsonl,34,,0.00479821562863308,,
GE-E00286,,delete + hull LP,research/geometric-extremal/candidates/transfer/experiments.jsonl,33,,0.0048681406340754674,,
GE-E00287,,delete + hull LP,research/geometric-extremal/candidates/transfer/experiments.jsonl,33,,0.004868140634075521,,
GE-E00288,,delete + hull LP,research/geometric-extremal/candidates/transfer/experiments.jsonl,33,,0.004868140634075432,,
GE-E00289,,delete + hull LP,research/geometric-extremal/candidates/transfer/experiments.jsonl,33,,0.0048681406340755065,,
GE-E00290,,delete + hull LP,research/geometric-extremal/candidates/transfer/experiments.jsonl,36,,0.004868140634075527,,
GE-E00291,,delete + hull LP,research/geometric-extremal/candidates/transfer/experiments.jsonl,33,,0.00486814063407548,,
GE-E00292,,delete + hull LP,research/geometric-extremal/candidates/transfer/experiments.jsonl,36,,0.00486814063407549,,
GE-E00293,,delete + hull LP,research/geometric-extremal/candidates/transfer/experiments.jsonl,32,,0.004868140634075373,,
GE-E00294,,delete + hull LP,research/geometric-extremal/candidates/transfer/experiments.jsonl,33,,0.004868140634075464,,
GE-E00295,,delete + hull LP,research/geometric-extremal/candidates/transfer/experiments.jsonl,33,,0.004868140634075437,,
GE-E00296,,delete + hull LP,research/geometric-extremal/candidates/transfer/experiments.jsonl,52,,0.00477428362120024,,
GE-E00297,,delete + hull LP,research/geometric-extremal/candidates/transfer/experiments.jsonl,54,,0.004774283621567968,,
GE-E00298,,delete + hull LP,research/geometric-extremal/candidates/transfer/experiments.jsonl,48,,0.004774283621586963,,
GE-E00299,,delete + hull LP,research/geometric-extremal/candidates/transfer/experiments.jsonl,52,,0.00477428362133898,,
GE-E00300,,delete + hull LP,research/geometric-extremal/candidates/transfer/experiments.jsonl,54,,0.004774283621187223,,
GE-E00301,1000,local-oriented-SLSQP,research/geometric-extremal/search/area/experiments.jsonl,,,0.02377577310753128,,
GE-E00302,1000,local-oriented-SLSQP,research/geometric-extremal/search/area/experiments.jsonl,,,0.02456405561320772,,
GE-E00303,1001,local-oriented-SLSQP,research/geometric-extremal/search/area/experiments.jsonl,,,0.02135338054771798,,
GE-E00304,1001,local-oriented-SLSQP,research/geometric-extremal/search/area/experiments.jsonl,,,0.024564055613228677,,
GE-E00305,1002,local-oriented-SLSQP,research/geometric-extremal/search/area/experiments.jsonl,,,0.014966670452911422,,
GE-E00306,1002,local-oriented-SLSQP,research/geometric-extremal/search/area/experiments.jsonl,,,0.014835225956152767,,
GE-E00307,1003,local-oriented-SLSQP,research/geometric-extremal/search/area/experiments.jsonl,,,,,
GE-E00308,1003,local-oriented-SLSQP,research/geometric-extremal/search/area/experiments.jsonl,,,0.006797981536578552,,
GE-E00309,1004,local-oriented-SLSQP,research/geometric-extremal/search/area/experiments.jsonl,,,0.023775773107527473,,
GE-E00310,1004,local-oriented-SLSQP,research/geometric-extremal/search/area/experiments.jsonl,,,0.02456405561322882,,
GE-E00311,1005,local-oriented-SLSQP,research/geometric-extremal/search/area/experiments.jsonl,,,0.01930921409602583,,
GE-E00312,1005,local-oriented-SLSQP,research/geometric-extremal/search/area/experiments.jsonl,,,0.024564055613229028,,
GE-E00313,1006,local-oriented-SLSQP,research/geometric-extremal/search/area/experiments.jsonl,,,0.012867866663156646,,
GE-E00314,1006,local-oriented-SLSQP,research/geometric-extremal/search/area/experiments.jsonl,,,0.00993332451046331,,
GE-E00315,1007,local-oriented-SLSQP,research/geometric-extremal/search/area/experiments.jsonl,,,0.012502840110935024,,
GE-E00316,1007,local-oriented-SLSQP,research/geometric-extremal/search/area/experiments.jsonl,,,0.005673894944092988,,
GE-E00317,1008,local-oriented-SLSQP,research/geometric-extremal/search/area/experiments.jsonl,,,0.02377577310753171,,
GE-E00318,1008,local-oriented-SLSQP,research/geometric-extremal/search/area/experiments.jsonl,,,0.024564055613229437,,
GE-E00319,1009,local-oriented-SLSQP,research/geometric-extremal/search/area/experiments.jsonl,,,0.020745671458802045,,
GE-E00320,1009,local-oriented-SLSQP,research/geometric-extremal/search/area/experiments.jsonl,,,0.024564055613228438,,
GE-E00321,1010,local-oriented-SLSQP,research/geometric-extremal/search/area/experiments.jsonl,,,0.011610778719955625,,
GE-E00322,1010,local-oriented-SLSQP,research/geometric-extremal/search/area/experiments.jsonl,,,0.014020394231407274,,
GE-E00323,1011,local-oriented-SLSQP,research/geometric-extremal/search/area/experiments.jsonl,,,,,
GE-E00324,1011,local-oriented-SLSQP,research/geometric-extremal/search/area/experiments.jsonl,,,0.012429977201446459,,
GE-E00325,1012,local-oriented-SLSQP,research/geometric-extremal/search/area/experiments.jsonl,,,0.023775773107531803,,
GE-E00326,1012,local-oriented-SLSQP,research/geometric-extremal/search/area/experiments.jsonl,,,0.024564055613213173,,
GE-E00327,1013,local-oriented-SLSQP,research/geometric-extremal/search/area/experiments.jsonl,,,0.013749256208511236,,
GE-E00328,1013,local-oriented-SLSQP,research/geometric-extremal/search/area/experiments.jsonl,,,0.024564055613228667,,
GE-E00329,1014,local-oriented-SLSQP,research/geometric-extremal/search/area/experiments.jsonl,,,0.015080194143583272,,
GE-E00330,1014,local-oriented-SLSQP,research/geometric-extremal/search/area/experiments.jsonl,,,0.012979151758419516,,
GE-E00331,1015,local-oriented-SLSQP,research/geometric-extremal/search/area/experiments.jsonl,,,0.0068201963331188924,,
GE-E00332,1015,local-oriented-SLSQP,research/geometric-extremal/search/area/experiments.jsonl,,,0.005930462434123773,,
GE-E00333,1016,local-oriented-SLSQP,research/geometric-extremal/search/area/experiments.jsonl,,,0.023775773107529072,,
GE-E00334,1016,local-oriented-SLSQP,research/geometric-extremal/search/area/experiments.jsonl,,,0.02456405561317239,,
GE-E00335,1017,local-oriented-SLSQP,research/geometric-extremal/search/area/experiments.jsonl,,,0.023775773107527473,,
GE-E00336,1017,local-oriented-SLSQP,research/geometric-extremal/search/area/experiments.jsonl,,,0.024564055613228927,,
GE-E00337,1018,local-oriented-SLSQP,research/geometric-extremal/search/area/experiments.jsonl,,,0.005573895367120438,,
GE-E00338,1018,local-oriented-SLSQP,research/geometric-extremal/search/area/experiments.jsonl,,,0.016700046810704562,,
GE-E00339,1019,local-oriented-SLSQP,research/geometric-extremal/search/area/experiments.jsonl,,,0.012199473290613919,,
GE-E00340,1019,local-oriented-SLSQP,research/geometric-extremal/search/area/experiments.jsonl,,,0.011103244871637323,,
GE-E00341,1020,transfer-oriented-SLSQP,research/geometric-extremal/search/area/experiments.jsonl,,,0.02349719791663059,,
GE-E00342,1020,transfer-oriented-SLSQP,research/geometric-extremal/search/area/experiments.jsonl,,,0.02456405561322975,,
GE-E00343,1021,transfer-oriented-SLSQP,research/geometric-extremal/search/area/experiments.jsonl,,,0.020054714500460768,,
GE-E00344,1021,transfer-oriented-SLSQP,research/geometric-extremal/search/area/experiments.jsonl,,,0.01692890846566668,,
GE-E00345,1022,transfer-oriented-SLSQP,research/geometric-extremal/search/area/experiments.jsonl,,,0.023497197916522206,,
GE-E00346,1022,transfer-oriented-SLSQP,research/geometric-extremal/search/area/experiments.jsonl,,,0.02448558858430724,,
GE-E00347,1023,transfer-oriented-SLSQP,research/geometric-extremal/search/area/experiments.jsonl,,,0.017380535596515832,,
GE-E00348,1023,transfer-oriented-SLSQP,research/geometric-extremal/search/area/experiments.jsonl,,,0.02163608576150186,,
GE-E00349,1024,transfer-oriented-SLSQP,research/geometric-extremal/search/area/experiments.jsonl,,,0.02349719791663267,,
GE-E00350,1024,transfer-oriented-SLSQP,research/geometric-extremal/search/area/experiments.jsonl,,,0.022304323696809368,,
GE-E00351,1025,transfer-oriented-SLSQP,research/geometric-extremal/search/area/experiments.jsonl,,,0.014753896522347966,,
GE-E00352,1025,transfer-oriented-SLSQP,research/geometric-extremal/search/area/experiments.jsonl,,,0.02063490197833859,,
GE-E00353,1026,transfer-oriented-SLSQP,research/geometric-extremal/search/area/experiments.jsonl,,,0.02319044565293628,,
GE-E00354,1026,transfer-oriented-SLSQP,research/geometric-extremal/search/area/experiments.jsonl,,,0.024564055613229198,,
GE-E00355,1027,transfer-oriented-SLSQP,research/geometric-extremal/search/area/experiments.jsonl,,,0.017004131536491083,,
GE-E00356,1027,transfer-oriented-SLSQP,research/geometric-extremal/search/area/experiments.jsonl,,,0.018140332312826666,,
GE-E00357,1028,transfer-oriented-SLSQP,research/geometric-extremal/search/area/experiments.jsonl,,,0.023190445652867073,,
GE-E00358,1028,transfer-oriented-SLSQP,research/geometric-extremal/search/area/experiments.jsonl,,,0.024564055613228573,,
GE-E00359,1029,transfer-oriented-SLSQP,research/geometric-extremal/search/area/experiments.jsonl,,,0.016184266855518596,,
GE-E00360,1029,transfer-oriented-SLSQP,research/geometric-extremal/search/area/experiments.jsonl,,,0.01565081800917575,,
GE-E00361,1030,transfer-oriented-SLSQP,research/geometric-extremal/search/area/experiments.jsonl,,,0.02319044565293464,,
GE-E00362,1030,transfer-oriented-SLSQP,research/geometric-extremal/search/area/experiments.jsonl,,,0.024485588584364126,,
GE-E00363,1031,transfer-oriented-SLSQP,research/geometric-extremal/search/area/experiments.jsonl,,,0.01882111852215991,,
GE-E00364,1031,transfer-oriented-SLSQP,research/geometric-extremal/search/area/experiments.jsonl,,,0.01211159278058877,,
GE-E00365,1032,transfer-oriented-SLSQP,research/geometric-extremal/search/area/experiments.jsonl,,,0.02377577310735015,,
GE-E00366,1032,transfer-oriented-SLSQP,research/geometric-extremal/search/area/experiments.jsonl,,,0.022304323693103652,,
GE-E00367,1033,transfer-oriented-SLSQP,research/geometric-extremal/search/area/experiments.jsonl,,,0.015350810662001921,,
GE-E00368,1033,transfer-oriented-SLSQP,research/geometric-extremal/search/area/experiments.jsonl,,,0.009521187854731447,,
GE-E00369,1034,transfer-oriented-SLSQP,research/geometric-extremal/search/area/experiments.jsonl,,,0.02377577310753109,,
GE-E00370,1034,transfer-oriented-SLSQP,research/geometric-extremal/search/area/experiments.jsonl,,,0.02456405561316455,,
GE-E00371,1035,transfer-oriented-SLSQP,research/geometric-extremal/search/area/experiments.jsonl,,,0.016711874812133952,,
GE-E00372,1035,transfer-oriented-SLSQP,research/geometric-extremal/search/area/experiments.jsonl,,,0.018482195486336183,,
GE-E00373,1036,transfer-oriented-SLSQP,research/geometric-extremal/search/area/experiments.jsonl,,,0.02377577310753171,,
GE-E00374,1036,transfer-oriented-SLSQP,research/geometric-extremal/search/area/experiments.jsonl,,,0.02456405561322935,,
GE-E00375,1037,transfer-oriented-SLSQP,research/geometric-extremal/search/area/experiments.jsonl,,,0.012141309741318796,,
GE-E00376,1037,transfer-oriented-SLSQP,research/geometric-extremal/search/area/experiments.jsonl,,,0.018482195486334656,,
GE-E00377,1038,transfer-oriented-SLSQP,research/geometric-extremal/search/area/experiments.jsonl,,,0.02109076946012453,,
GE-E00378,1038,transfer-oriented-SLSQP,research/geometric-extremal/search/area/experiments.jsonl,,,0.02448558858401417,,
GE-E00379,1039,transfer-oriented-SLSQP,research/geometric-extremal/search/area/experiments.jsonl,,,0.01585096435185607,,
GE-E00380,1039,transfer-oriented-SLSQP,research/geometric-extremal/search/area/experiments.jsonl,,,0.018228074156587937,,
GE-E00381,1040,transfer-oriented-SLSQP,research/geometric-extremal/search/area/experiments.jsonl,,,0.021090769458049777,,
GE-E00382,1040,transfer-oriented-SLSQP,research/geometric-extremal/search/area/experiments.jsonl,,,0.022304323695853338,,
GE-E00383,1041,transfer-oriented-SLSQP,research/geometric-extremal/search/area/experiments.jsonl,,,0.014737506743938608,,
GE-E00384,1041,transfer-oriented-SLSQP,research/geometric-extremal/search/area/experiments.jsonl,,,0.01833502982108903,,
GE-E00385,1042,transfer-oriented-SLSQP,research/geometric-extremal/search/area/experiments.jsonl,,,0.021090769460230963,,
GE-E00386,1042,transfer-oriented-SLSQP,research/geometric-extremal/search/area/experiments.jsonl,,,0.02456405561322948,,
GE-E00387,1043,transfer-oriented-SLSQP,research/geometric-extremal/search/area/experiments.jsonl,,,0.017598218705560942,,
GE-E00388,1043,transfer-oriented-SLSQP,research/geometric-extremal/search/area/experiments.jsonl,,,0.018482195486291125,,
GE-E00389,1044,transfer-oriented-SLSQP,research/geometric-extremal/search/area/experiments.jsonl,,,0.02231769068950848,,
GE-E00390,1044,transfer-oriented-SLSQP,research/geometric-extremal/search/area/experiments.jsonl,,,0.024564055613229226,,
GE-E00391,1045,transfer-oriented-SLSQP,research/geometric-extremal/search/area/experiments.jsonl,,,0.017314691963263733,,
GE-E00392,1045,transfer-oriented-SLSQP,research/geometric-extremal/search/area/experiments.jsonl,,,0.01833502982109506,,
GE-E00393,1046,transfer-oriented-SLSQP,research/geometric-extremal/search/area/experiments.jsonl,,,0.022317690689510773,,
GE-E00394,1046,transfer-oriented-SLSQP,research/geometric-extremal/search/area/experiments.jsonl,,,0.024485588584363702,,
GE-E00395,1047,transfer-oriented-SLSQP,research/geometric-extremal/search/area/experiments.jsonl,,,0.015498067983470011,,
GE-E00396,1047,transfer-oriented-SLSQP,research/geometric-extremal/search/area/experiments.jsonl,,,0.01966926768647027,,
GE-E00397,1048,transfer-oriented-SLSQP,research/geometric-extremal/search/area/experiments.jsonl,,,0.022317690689509305,,
GE-E00398,1048,transfer-oriented-SLSQP,research/geometric-extremal/search/area/experiments.jsonl,,,0.022304323695565464,,
GE-E00399,1049,transfer-oriented-SLSQP,research/geometric-extremal/search/area/experiments.jsonl,,,0.012804276158792849,,
GE-E00400,1049,transfer-oriented-SLSQP,research/geometric-extremal/search/area/experiments.jsonl,,,0.019010945872871287,,
GE-E00401,1050,transfer-oriented-SLSQP,research/geometric-extremal/search/area/experiments.jsonl,,,0.023497197916638225,,
GE-E00402,1050,transfer-oriented-SLSQP,research/geometric-extremal/search/area/experiments.jsonl,,,0.024564055612776272,,
GE-E00403,1051,transfer-oriented-SLSQP,research/geometric-extremal/search/area/experiments.jsonl,,,0.021129280557073183,,
GE-E00404,1051,transfer-oriented-SLSQP,research/geometric-extremal/search/area/experiments.jsonl,,,0.018482195486337047,,
GE-E00405,1052,transfer-oriented-SLSQP,research/geometric-extremal/search/area/experiments.jsonl,,,0.02349719791665145,,
GE-E00406,1052,transfer-oriented-SLSQP,research/geometric-extremal/search/area/experiments.jsonl,,,0.024564055612843284,,
GE-E00407,1053,transfer-oriented-SLSQP,research/geometric-extremal/search/area/experiments.jsonl,,,0.01829419028979769,,
GE-E00408,1053,transfer-oriented-SLSQP,research/geometric-extremal/search/area/experiments.jsonl,,,0.018335029821095538,,
GE-E00409,1054,transfer-oriented-SLSQP,research/geometric-extremal/search/area/experiments.jsonl,,,0.023497197916616003,,
GE-E00410,1054,transfer-oriented-SLSQP,research/geometric-extremal/search/area/experiments.jsonl,,,0.024485588584363553,,
GE-E00411,1055,transfer-oriented-SLSQP,research/geometric-extremal/search/area/experiments.jsonl,,,0.018076396489398617,,
GE-E00412,1055,transfer-oriented-SLSQP,research/geometric-extremal/search/area/experiments.jsonl,,,0.018482195486201572,,
GE-E00413,1056,transfer-oriented-SLSQP,research/geometric-extremal/search/area/experiments.jsonl,,,0.023190445652931845,,
GE-E00414,1056,transfer-oriented-SLSQP,research/geometric-extremal/search/area/experiments.jsonl,,,0.022304323694599663,,
GE-E00415,1057,transfer-oriented-SLSQP,research/geometric-extremal/search/area/experiments.jsonl,,,0.018251593711601562,,
GE-E00416,1057,transfer-oriented-SLSQP,research/geometric-extremal/search/area/experiments.jsonl,,,0.01772917110539091,,
GE-E00417,1058,transfer-oriented-SLSQP,research/geometric-extremal/search/area/experiments.jsonl,,,0.023190445652918643,,
GE-E00418,1058,transfer-oriented-SLSQP,research/geometric-extremal/search/area/experiments.jsonl,,,0.024564055613229534,,
GE-E00419,1059,transfer-oriented-SLSQP,research/geometric-extremal/search/area/experiments.jsonl,,,0.015691952793706148,,
GE-E00420,1059,transfer-oriented-SLSQP,research/geometric-extremal/search/area/experiments.jsonl,,,0.016928908465518696,,
GE-E00421,1060,transfer-oriented-SLSQP,research/geometric-extremal/search/area/experiments.jsonl,,,0.023190445652933545,,
GE-E00422,1060,transfer-oriented-SLSQP,research/geometric-extremal/search/area/experiments.jsonl,,,0.02456405561322915,,
GE-E00423,1061,transfer-oriented-SLSQP,research/geometric-extremal/search/area/experiments.jsonl,,,0.014126967322994545,,
GE-E00424,1061,transfer-oriented-SLSQP,research/geometric-extremal/search/area/experiments.jsonl,,,0.020560363832568592,,
GE-E00425,1062,transfer-oriented-SLSQP,research/geometric-extremal/search/area/experiments.jsonl,,,0.023775773107527473,,
GE-E00426,1062,transfer-oriented-SLSQP,research/geometric-extremal/search/area/experiments.jsonl,,,0.024485588584364202,,
GE-E00427,1063,transfer-oriented-SLSQP,research/geometric-extremal/search/area/experiments.jsonl,,,0.018388109084099824,,
GE-E00428,1063,transfer-oriented-SLSQP,research/geometric-extremal/search/area/experiments.jsonl,,,0.011414718202562475,,
GE-E00429,1064,transfer-oriented-SLSQP,research/geometric-extremal/search/area/experiments.jsonl,,,0.023775773107521346,,
GE-E00430,1064,transfer-oriented-SLSQP,research/geometric-extremal/search/area/experiments.jsonl,,,0.02230432369303197,,
GE-E00431,1065,transfer-oriented-SLSQP,research/geometric-extremal/search/area/experiments.jsonl,,,0.01626708711287536,,
GE-E00432,1065,transfer-oriented-SLSQP,research/geometric-extremal/search/area/experiments.jsonl,,,0.018473470016686044,,
GE-E00433,1066,transfer-oriented-SLSQP,research/geometric-extremal/search/area/experiments.jsonl,,,0.023775773107524302,,
GE-E00434,1066,transfer-oriented-SLSQP,research/geometric-extremal/search/area/experiments.jsonl,,,0.024564055613229874,,
GE-E00435,1067,transfer-oriented-SLSQP,research/geometric-extremal/search/area/experiments.jsonl,,,0.017453588555156246,,
GE-E00436,1067,transfer-oriented-SLSQP,research/geometric-extremal/search/area/experiments.jsonl,,,0.012857080465792906,,
GE-E00437,1068,transfer-oriented-SLSQP,research/geometric-extremal/search/area/experiments.jsonl,,,0.021090769460178304,,
GE-E00438,1068,transfer-oriented-SLSQP,research/geometric-extremal/search/area/experiments.jsonl,,,0.0245640556132294,,
GE-E00439,1069,transfer-oriented-SLSQP,research/geometric-extremal/search/area/experiments.jsonl,,,0.019438291079641408,,
GE-E00440,1069,transfer-oriented-SLSQP,research/geometric-extremal/search/area/experiments.jsonl,,,0.012283697709980603,,
GE-E00441,1070,transfer-oriented-SLSQP,research/geometric-extremal/search/area/experiments.jsonl,,,0.02109076945962145,,
GE-E00442,1070,transfer-oriented-SLSQP,research/geometric-extremal/search/area/experiments.jsonl,,,0.02448558858436426,,
GE-E00443,1071,transfer-oriented-SLSQP,research/geometric-extremal/search/area/experiments.jsonl,,,0.018369832169703608,,
GE-E00444,1071,transfer-oriented-SLSQP,research/geometric-extremal/search/area/experiments.jsonl,,,0.02020539840210626,,
GE-E00445,1072,transfer-oriented-SLSQP,research/geometric-extremal/search/area/experiments.jsonl,,,0.02109076945968198,,
GE-E00446,1072,transfer-oriented-SLSQP,research/geometric-extremal/search/area/experiments.jsonl,,,0.022304323696934667,,
GE-E00447,1073,transfer-oriented-SLSQP,research/geometric-extremal/search/area/experiments.jsonl,,,0.0115964026980847,,
GE-E00448,1073,transfer-oriented-SLSQP,research/geometric-extremal/search/area/experiments.jsonl,,,0.016967205972832147,,
GE-E00449,1074,transfer-oriented-SLSQP,research/geometric-extremal/search/area/experiments.jsonl,,,0.022317690689510773,,
GE-E00450,1074,transfer-oriented-SLSQP,research/geometric-extremal/search/area/experiments.jsonl,,,0.024564055613152058,,
GE-E00451,1075,transfer-oriented-SLSQP,research/geometric-extremal/search/area/experiments.jsonl,,,0.021199398601316227,,
GE-E00452,1075,transfer-oriented-SLSQP,research/geometric-extremal/search/area/experiments.jsonl,,,0.014215591283822214,,
GE-E00453,1076,transfer-oriented-SLSQP,research/geometric-extremal/search/area/experiments.jsonl,,,0.022317690689510773,,
GE-E00454,1076,transfer-oriented-SLSQP,research/geometric-extremal/search/area/experiments.jsonl,,,0.024564055613228743,,
GE-E00455,1077,transfer-oriented-SLSQP,research/geometric-extremal/search/area/experiments.jsonl,,,0.01670519687228859,,
GE-E00456,1077,transfer-oriented-SLSQP,research/geometric-extremal/search/area/experiments.jsonl,,,0.019010945872868678,,
GE-E00457,1078,transfer-oriented-SLSQP,research/geometric-extremal/search/area/experiments.jsonl,,,0.022317690689509305,,
GE-E00458,1078,transfer-oriented-SLSQP,research/geometric-extremal/search/area/experiments.jsonl,,,0.024485588584362575,,
GE-E00459,1079,transfer-oriented-SLSQP,research/geometric-extremal/search/area/experiments.jsonl,,,0.016523302480035366,,
GE-E00460,1079,transfer-oriented-SLSQP,research/geometric-extremal/search/area/experiments.jsonl,,,0.01207246581524989,,
GE-E00461,1080,transfer-oriented-SLSQP,research/geometric-extremal/search/area/experiments.jsonl,,,0.023497197916650937,,
GE-E00462,1080,transfer-oriented-SLSQP,research/geometric-extremal/search/area/experiments.jsonl,,,0.022304323689564965,,
GE-E00463,1081,transfer-oriented-SLSQP,research/geometric-extremal/search/area/experiments.jsonl,,,0.017077327897811072,,
GE-E00464,1081,transfer-oriented-SLSQP,research/geometric-extremal/search/area/experiments.jsonl,,,0.021888042229181164,,
GE-E00465,1082,transfer-oriented-SLSQP,research/geometric-extremal/search/area/experiments.jsonl,,,0.023497197916649393,,
GE-E00466,1082,transfer-oriented-SLSQP,research/geometric-extremal/search/area/experiments.jsonl,,,0.024564055613229115,,
GE-E00467,1083,transfer-oriented-SLSQP,research/geometric-extremal/search/area/experiments.jsonl,,,0.01871717929194382,,
GE-E00468,1083,transfer-oriented-SLSQP,research/geometric-extremal/search/area/experiments.jsonl,,,0.024111255769351612,,
GE-E00469,1084,transfer-oriented-SLSQP,research/geometric-extremal/search/area/experiments.jsonl,,,0.023497197916579247,,
GE-E00470,1084,transfer-oriented-SLSQP,research/geometric-extremal/search/area/experiments.jsonl,,,0.02456405561322957,,
GE-E00471,1085,transfer-oriented-SLSQP,research/geometric-extremal/search/area/experiments.jsonl,,,0.01649245094629519,,
GE-E00472,1085,transfer-oriented-SLSQP,research/geometric-extremal/search/area/experiments.jsonl,,,0.018516153873126155,,
GE-E00473,1086,transfer-oriented-SLSQP,research/geometric-extremal/search/area/experiments.jsonl,,,0.02319044565293204,,
GE-E00474,1086,transfer-oriented-SLSQP,research/geometric-extremal/search/area/experiments.jsonl,,,0.024485588583768605,,
GE-E00475,1087,transfer-oriented-SLSQP,research/geometric-extremal/search/area/experiments.jsonl,,,0.017314691963439988,,
GE-E00476,1087,transfer-oriented-SLSQP,research/geometric-extremal/search/area/experiments.jsonl,,,0.020286384078642715,,
GE-E00477,1088,transfer-oriented-SLSQP,research/geometric-extremal/search/area/experiments.jsonl,,,0.023190445652871712,,
GE-E00478,1088,transfer-oriented-SLSQP,research/geometric-extremal/search/area/experiments.jsonl,,,0.02230432369692603,,
GE-E00479,1089,transfer-oriented-SLSQP,research/geometric-extremal/search/area/experiments.jsonl,,,0.014111996871297446,,
GE-E00480,1089,transfer-oriented-SLSQP,research/geometric-extremal/search/area/experiments.jsonl,,,0.017456749158348255,,
GE-E00481,1090,transfer-oriented-SLSQP,research/geometric-extremal/search/area/experiments.jsonl,,,0.02319044565293269,,
GE-E00482,1090,transfer-oriented-SLSQP,research/geometric-extremal/search/area/experiments.jsonl,,,0.02456405561319412,,
GE-E00483,1091,transfer-oriented-SLSQP,research/geometric-extremal/search/area/experiments.jsonl,,,0.02034185247126352,,
GE-E00484,1091,transfer-oriented-SLSQP,research/geometric-extremal/search/area/experiments.jsonl,,,0.01710083857081713,,
GE-E00485,1092,transfer-oriented-SLSQP,research/geometric-extremal/search/area/experiments.jsonl,,,0.023775773107376167,,
GE-E00486,1092,transfer-oriented-SLSQP,research/geometric-extremal/search/area/experiments.jsonl,,,0.024564055613071848,,
GE-E00487,1093,transfer-oriented-SLSQP,research/geometric-extremal/search/area/experiments.jsonl,,,0.014950959007652382,,
GE-E00488,1093,transfer-oriented-SLSQP,research/geometric-extremal/search/area/experiments.jsonl,,,0.020403731354165608,,
GE-E00489,1094,transfer-oriented-SLSQP,research/geometric-extremal/search/area/experiments.jsonl,,,0.02377577310753171,,
GE-E00490,1094,transfer-oriented-SLSQP,research/geometric-extremal/search/area/experiments.jsonl,,,0.024485588584363407,,
GE-E00491,1095,transfer-oriented-SLSQP,research/geometric-extremal/search/area/experiments.jsonl,,,0.01360918200427708,,
GE-E00492,1095,transfer-oriented-SLSQP,research/geometric-extremal/search/area/experiments.jsonl,,,0.016928908465667844,,
GE-E00493,1096,transfer-oriented-SLSQP,research/geometric-extremal/search/area/experiments.jsonl,,,0.023775773107524302,,
GE-E00494,1096,transfer-oriented-SLSQP,research/geometric-extremal/search/area/experiments.jsonl,,,0.022304323694165417,,
GE-E00495,1097,transfer-oriented-SLSQP,research/geometric-extremal/search/area/experiments.jsonl,,,0.01618115635887833,,
GE-E00496,1097,transfer-oriented-SLSQP,research/geometric-extremal/search/area/experiments.jsonl,,,0.018516153873122786,,
GE-E00497,1098,transfer-oriented-SLSQP,research/geometric-extremal/search/area/experiments.jsonl,,,0.021090769459386052,,
GE-E00498,1098,transfer-oriented-SLSQP,research/geometric-extremal/search/area/experiments.jsonl,,,0.02456405561322902,,
GE-E00499,1099,transfer-oriented-SLSQP,research/geometric-extremal/search/area/experiments.jsonl,,,0.015270988946016981,,
GE-E00500,1099,transfer-oriented-SLSQP,research/geometric-extremal/search/area/experiments.jsonl,,,0.021039269363018583,,
GE-E00501,1100,transfer-oriented-SLSQP,research/geometric-extremal/search/area/experiments.jsonl,,,0.02109076945990279,,
GE-E00502,1100,transfer-oriented-SLSQP,research/geometric-extremal/search/area/experiments.jsonl,,,0.02456405561322851,,
GE-E00503,1101,transfer-oriented-SLSQP,research/geometric-extremal/search/area/experiments.jsonl,,,0.017366365222523827,,
GE-E00504,1101,transfer-oriented-SLSQP,research/geometric-extremal/search/area/experiments.jsonl,,,0.01710083857075,,
GE-E00505,1102,transfer-oriented-SLSQP,research/geometric-extremal/search/area/experiments.jsonl,,,0.021090769460186353,,
GE-E00506,1102,transfer-oriented-SLSQP,research/geometric-extremal/search/area/experiments.jsonl,,,0.02448558858436298,,
GE-E00507,1103,transfer-oriented-SLSQP,research/geometric-extremal/search/area/experiments.jsonl,,,0.017167178716906182,,
GE-E00508,1103,transfer-oriented-SLSQP,research/geometric-extremal/search/area/experiments.jsonl,,,0.018107739604473694,,
GE-E00509,1104,transfer-oriented-SLSQP,research/geometric-extremal/search/area/experiments.jsonl,,,0.022317690689510773,,
GE-E00510,1104,transfer-oriented-SLSQP,research/geometric-extremal/search/area/experiments.jsonl,,,0.022304323696970295,,
GE-E00511,1105,transfer-oriented-SLSQP,research/geometric-extremal/search/area/experiments.jsonl,,,0.014105206058190158,,
GE-E00512,1105,transfer-oriented-SLSQP,research/geometric-extremal/search/area/experiments.jsonl,,,0.02014868967506725,,
GE-E00513,1106,transfer-oriented-SLSQP,research/geometric-extremal/search/area/experiments.jsonl,,,0.02231769068951044,,
GE-E00514,1106,transfer-oriented-SLSQP,research/geometric-extremal/search/area/experiments.jsonl,,,0.024564055613229233,,
GE-E00515,1107,transfer-oriented-SLSQP,research/geometric-extremal/search/area/experiments.jsonl,,,0.0201750502484882,,
GE-E00516,1107,transfer-oriented-SLSQP,research/geometric-extremal/search/area/experiments.jsonl,,,0.020403731354651226,,
GE-E00517,1108,transfer-oriented-SLSQP,research/geometric-extremal/search/area/experiments.jsonl,,,0.022317690689510773,,
GE-E00518,1108,transfer-oriented-SLSQP,research/geometric-extremal/search/area/experiments.jsonl,,,0.024564055613228733,,
GE-E00519,1109,transfer-oriented-SLSQP,research/geometric-extremal/search/area/experiments.jsonl,,,0.01569187365818342,,
GE-E00520,1109,transfer-oriented-SLSQP,research/geometric-extremal/search/area/experiments.jsonl,,,0.016928908465668586,,
GE-E00521,1110,transfer-oriented-SLSQP,research/geometric-extremal/search/area/experiments.jsonl,,,0.02349719791665196,,
GE-E00522,1110,transfer-oriented-SLSQP,research/geometric-extremal/search/area/experiments.jsonl,,,0.024485588584362956,,
GE-E00523,1111,transfer-oriented-SLSQP,research/geometric-extremal/search/area/experiments.jsonl,,,0.012861067997413137,,
GE-E00524,1111,transfer-oriented-SLSQP,research/geometric-extremal/search/area/experiments.jsonl,,,0.019626460850852463,,
GE-E00525,1112,transfer-oriented-SLSQP,research/geometric-extremal/search/area/experiments.jsonl,,,0.02349719791657626,,
GE-E00526,1112,transfer-oriented-SLSQP,research/geometric-extremal/search/area/experiments.jsonl,,,0.022304323695271005,,
GE-E00527,1113,transfer-oriented-SLSQP,research/geometric-extremal/search/area/experiments.jsonl,,,0.016996109541576977,,
GE-E00528,1113,transfer-oriented-SLSQP,research/geometric-extremal/search/area/experiments.jsonl,,,0.019010945872627832,,
GE-E00529,1114,transfer-oriented-SLSQP,research/geometric-extremal/search/area/experiments.jsonl,,,0.023497197916625065,,
GE-E00530,1114,transfer-oriented-SLSQP,research/geometric-extremal/search/area/experiments.jsonl,,,0.024564055613228927,,
GE-E00531,1115,transfer-oriented-SLSQP,research/geometric-extremal/search/area/experiments.jsonl,,,0.014529528759492333,,
GE-E00532,1115,transfer-oriented-SLSQP,research/geometric-extremal/search/area/experiments.jsonl,,,0.021039269363017497,,
GE-E00533,1116,transfer-oriented-SLSQP,research/geometric-extremal/search/area/experiments.jsonl,,,0.023190445652933635,,
GE-E00534,1116,transfer-oriented-SLSQP,research/geometric-extremal/search/area/experiments.jsonl,,,0.024564055612878517,,
GE-E00535,1117,transfer-oriented-SLSQP,research/geometric-extremal/search/area/experiments.jsonl,,,0.01735208836308847,,
GE-E00536,1117,transfer-oriented-SLSQP,research/geometric-extremal/search/area/experiments.jsonl,,,0.020200705798960227,,
GE-E00537,1118,transfer-oriented-SLSQP,research/geometric-extremal/search/area/experiments.jsonl,,,0.023190445652934422,,
GE-E00538,1118,transfer-oriented-SLSQP,research/geometric-extremal/search/area/experiments.jsonl,,,0.024485588584362488,,
GE-E00539,1119,transfer-oriented-SLSQP,research/geometric-extremal/search/area/experiments.jsonl,,,0.014702419405697173,,
GE-E00540,1119,transfer-oriented-SLSQP,research/geometric-extremal/search/area/experiments.jsonl,,,0.021390690171016028,,
GE-E00541,1120,cellflip-oriented-SLSQP,research/geometric-extremal/search/area/experiments.jsonl,,,0.021889920632083792,,
GE-E00542,1120,cellflip-oriented-SLSQP,research/geometric-extremal/search/area/experiments.jsonl,,,0.020848097536655678,,
GE-E00543,1121,cellflip-oriented-SLSQP,research/geometric-extremal/search/area/experiments.jsonl,,,0.02103231352639215,,
GE-E00544,1121,cellflip-oriented-SLSQP,research/geometric-extremal/search/area/experiments.jsonl,,,0.019356463747811258,,
GE-E00545,1122,cellflip-oriented-SLSQP,research/geometric-extremal/search/area/experiments.jsonl,,,0.020466243170101893,,
GE-E00546,1122,cellflip-oriented-SLSQP,research/geometric-extremal/search/area/experiments.jsonl,,,0.020349744490829092,,
GE-E00547,1123,cellflip-oriented-SLSQP,research/geometric-extremal/search/area/experiments.jsonl,,,0.013640323780041817,,
GE-E00548,1123,cellflip-oriented-SLSQP,research/geometric-extremal/search/area/experiments.jsonl,,,0.020934926852399588,,
GE-E00549,1124,cellflip-oriented-SLSQP,research/geometric-extremal/search/area/experiments.jsonl,,,0.01362819555192247,,
GE-E00550,1124,cellflip-oriented-SLSQP,research/geometric-extremal/search/area/experiments.jsonl,,,0.01961770454271164,,
GE-E00551,1125,cellflip-oriented-SLSQP,research/geometric-extremal/search/area/experiments.jsonl,,,0.01982675588998029,,
GE-E00552,1125,cellflip-oriented-SLSQP,research/geometric-extremal/search/area/experiments.jsonl,,,0.02005934071070806,,
GE-E00553,1126,cellflip-oriented-SLSQP,research/geometric-extremal/search/area/experiments.jsonl,,,0.02279139955408557,,
GE-E00554,1126,cellflip-oriented-SLSQP,research/geometric-extremal/search/area/experiments.jsonl,,,0.020069803149001208,,
GE-E00555,1127,cellflip-oriented-SLSQP,research/geometric-extremal/search/area/experiments.jsonl,,,0.01905189945207198,,
GE-E00556,1127,cellflip-oriented-SLSQP,research/geometric-extremal/search/area/experiments.jsonl,,,0.02009935191404507,,
GE-E00557,1128,cellflip-oriented-SLSQP,research/geometric-extremal/search/area/experiments.jsonl,,,0.02224679008803987,,
GE-E00558,1128,cellflip-oriented-SLSQP,research/geometric-extremal/search/area/experiments.jsonl,,,0.020102397908324774,,
GE-E00559,1129,cellflip-oriented-SLSQP,research/geometric-extremal/search/area/experiments.jsonl,,,0.019766204639615613,,
GE-E00560,1129,cellflip-oriented-SLSQP,research/geometric-extremal/search/area/experiments.jsonl,,,0.01929748391081524,,
GE-E00561,1130,cellflip-oriented-SLSQP,research/geometric-extremal/search/area/experiments.jsonl,,,0.02224152833806194,,
GE-E00562,1130,cellflip-oriented-SLSQP,research/geometric-extremal/search/area/experiments.jsonl,,,0.020429694767508777,,
GE-E00563,1131,cellflip-oriented-SLSQP,research/geometric-extremal/search/area/experiments.jsonl,,,0.02278575034553468,,
GE-E00564,1131,cellflip-oriented-SLSQP,research/geometric-extremal/search/area/experiments.jsonl,,,0.022943956981743393,,
GE-E00565,1132,cellflip-oriented-SLSQP,research/geometric-extremal/search/area/experiments.jsonl,,,0.02074567145879943,,
GE-E00566,1132,cellflip-oriented-SLSQP,research/geometric-extremal/search/area/experiments.jsonl,,,0.020468138185997835,,
GE-E00567,1133,cellflip-oriented-SLSQP,research/geometric-extremal/search/area/experiments.jsonl,,,0.01917702208033982,,
GE-E00568,1133,cellflip-oriented-SLSQP,research/geometric-extremal/search/area/experiments.jsonl,,,0.01945587276337086,,
GE-E00569,1134,cellflip-oriented-SLSQP,research/geometric-extremal/search/area/experiments.jsonl,,,0.023775773107527473,,
GE-E00570,1134,cellflip-oriented-SLSQP,research/geometric-extremal/search/area/experiments.jsonl,,,0.01961465158108241,,
GE-E00571,1135,cellflip-oriented-SLSQP,research/geometric-extremal/search/area/experiments.jsonl,,,0.01894044771773943,,
GE-E00572,1135,cellflip-oriented-SLSQP,research/geometric-extremal/search/area/experiments.jsonl,,,0.020964816941945828,,
GE-E00573,1136,cellflip-oriented-SLSQP,research/geometric-extremal/search/area/experiments.jsonl,,,0.020466243170073176,,
GE-E00574,1136,cellflip-oriented-SLSQP,research/geometric-extremal/search/area/experiments.jsonl,,,0.023129129242840434,,
GE-E00575,1137,cellflip-oriented-SLSQP,research/geometric-extremal/search/area/experiments.jsonl,,,0.022486420783083005,,
GE-E00576,1137,cellflip-oriented-SLSQP,research/geometric-extremal/search/area/experiments.jsonl,,,0.02271250659324352,,
GE-E00577,1138,cellflip-oriented-SLSQP,research/geometric-extremal/search/area/experiments.jsonl,,,0.01606532698596533,,
GE-E00578,1138,cellflip-oriented-SLSQP,research/geometric-extremal/search/area/experiments.jsonl,,,0.020772930437047355,,
GE-E00579,1139,cellflip-oriented-SLSQP,research/geometric-extremal/search/area/experiments.jsonl,,,0.023775773107527473,,
GE-E00580,1139,cellflip-oriented-SLSQP,research/geometric-extremal/search/area/experiments.jsonl,,,0.023599740121124636,,
GE-E00581,1140,cellflip-oriented-SLSQP,research/geometric-extremal/search/area/experiments.jsonl,,,0.013165741075380618,,
GE-E00582,1140,cellflip-oriented-SLSQP,research/geometric-extremal/search/area/experiments.jsonl,,,0.02232751413665501,,
GE-E00583,1141,cellflip-oriented-SLSQP,research/geometric-extremal/search/area/experiments.jsonl,,,0.019051899452067478,,
GE-E00584,1141,cellflip-oriented-SLSQP,research/geometric-extremal/search/area/experiments.jsonl,,,0.019213682329369142,,
GE-E00585,1142,cellflip-oriented-SLSQP,research/geometric-extremal/search/area/experiments.jsonl,,,0.019160864533841023,,
GE-E00586,1142,cellflip-oriented-SLSQP,research/geometric-extremal/search/area/experiments.jsonl,,,0.020499230617715143,,
GE-E00587,1143,cellflip-oriented-SLSQP,research/geometric-extremal/search/area/experiments.jsonl,,,0.021889920632036087,,
GE-E00588,1143,cellflip-oriented-SLSQP,research/geometric-extremal/search/area/experiments.jsonl,,,0.019356463747811355,,
GE-E00589,1144,cellflip-oriented-SLSQP,research/geometric-extremal/search/area/experiments.jsonl,,,0.02140519130662595,,
GE-E00590,1144,cellflip-oriented-SLSQP,research/geometric-extremal/search/area/experiments.jsonl,,,0.01624229577450903,,
GE-E00591,1145,cellflip-oriented-SLSQP,research/geometric-extremal/search/area/experiments.jsonl,,,0.018935997966439567,,
GE-E00592,1145,cellflip-oriented-SLSQP,research/geometric-extremal/search/area/experiments.jsonl,,,0.017617553459624822,,
GE-E00593,1146,cellflip-oriented-SLSQP,research/geometric-extremal/search/area/experiments.jsonl,,,0.01982675588982919,,
GE-E00594,1146,cellflip-oriented-SLSQP,research/geometric-extremal/search/area/experiments.jsonl,,,0.019617704542718408,,
GE-E00595,1147,cellflip-oriented-SLSQP,research/geometric-extremal/search/area/experiments.jsonl,,,0.020607987707868133,,
GE-E00596,1147,cellflip-oriented-SLSQP,research/geometric-extremal/search/area/experiments.jsonl,,,0.015322575768409657,,
GE-E00597,1148,cellflip-oriented-SLSQP,research/geometric-extremal/search/area/experiments.jsonl,,,0.01861729641696143,,
GE-E00598,1148,cellflip-oriented-SLSQP,research/geometric-extremal/search/area/experiments.jsonl,,,0.020069803149032374,,
GE-E00599,1149,cellflip-oriented-SLSQP,research/geometric-extremal/search/area/experiments.jsonl,,,0.01981231258784706,,
GE-E00600,1149,cellflip-oriented-SLSQP,research/geometric-extremal/search/area/experiments.jsonl,,,0.020102397908325714,,
GE-E00601,1150,cellflip-oriented-SLSQP,research/geometric-extremal/search/area/experiments.jsonl,,,0.01926177194398405,,
GE-E00602,1150,cellflip-oriented-SLSQP,research/geometric-extremal/search/area/experiments.jsonl,,,0.020099351914329093,,
GE-E00603,1151,cellflip-oriented-SLSQP,research/geometric-extremal/search/area/experiments.jsonl,,,0.01902454719234929,,
GE-E00604,1151,cellflip-oriented-SLSQP,research/geometric-extremal/search/area/experiments.jsonl,,,0.01625178167953648,,
GE-E00605,1152,cellflip-oriented-SLSQP,research/geometric-extremal/search/area/experiments.jsonl,,,0.018833219671746972,,
GE-E00606,1152,cellflip-oriented-SLSQP,research/geometric-extremal/search/area/experiments.jsonl,,,0.02011655176841877,,
GE-E00607,1153,cellflip-oriented-SLSQP,research/geometric-extremal/search/area/experiments.jsonl,,,0.018346323154222452,,
GE-E00608,1153,cellflip-oriented-SLSQP,research/geometric-extremal/search/area/experiments.jsonl,,,0.02084809753696794,,
GE-E00609,1154,cellflip-oriented-SLSQP,research/geometric-extremal/search/area/experiments.jsonl,,,0.020585662509192967,,
GE-E00610,1154,cellflip-oriented-SLSQP,research/geometric-extremal/search/area/experiments.jsonl,,,0.019297483910733118,,
GE-E00611,1155,cellflip-oriented-SLSQP,research/geometric-extremal/search/area/experiments.jsonl,,,0.019516457030367508,,
GE-E00612,1155,cellflip-oriented-SLSQP,research/geometric-extremal/search/area/experiments.jsonl,,,0.019632470371896582,,
GE-E00613,1156,cellflip-oriented-SLSQP,research/geometric-extremal/search/area/experiments.jsonl,,,0.022118310870541818,,
GE-E00614,1156,cellflip-oriented-SLSQP,research/geometric-extremal/search/area/experiments.jsonl,,,0.0208464848161502,,
GE-E00615,1157,cellflip-oriented-SLSQP,research/geometric-extremal/search/area/experiments.jsonl,,,0.01917702208034245,,
GE-E00616,1157,cellflip-oriented-SLSQP,research/geometric-extremal/search/area/experiments.jsonl,,,0.020934926851631952,,
GE-E00617,1158,cellflip-oriented-SLSQP,research/geometric-extremal/search/area/experiments.jsonl,,,0.01930921409602546,,
GE-E00618,1158,cellflip-oriented-SLSQP,research/geometric-extremal/search/area/experiments.jsonl,,,0.014541494894762797,,
GE-E00619,1159,cellflip-oriented-SLSQP,research/geometric-extremal/search/area/experiments.jsonl,,,0.01882802513325628,,
GE-E00620,1159,cellflip-oriented-SLSQP,research/geometric-extremal/search/area/experiments.jsonl,,,0.017742550102322546,,
GE-E00621,1160,cellflip-oriented-SLSQP,research/geometric-extremal/search/area/experiments.jsonl,,,0.019132031909225498,,
GE-E00622,1160,cellflip-oriented-SLSQP,research/geometric-extremal/search/area/experiments.jsonl,,,0.019455872763352564,,
GE-E00623,1161,cellflip-oriented-SLSQP,research/geometric-extremal/search/area/experiments.jsonl,,,0.02188992063156828,,
GE-E00624,1161,cellflip-oriented-SLSQP,research/geometric-extremal/search/area/experiments.jsonl,,,0.019706849263016194,,
GE-E00625,1162,cellflip-oriented-SLSQP,research/geometric-extremal/search/area/experiments.jsonl,,,0.01893599796669351,,
GE-E00626,1162,cellflip-oriented-SLSQP,research/geometric-extremal/search/area/experiments.jsonl,,,0.016022828168155066,,
GE-E00627,1163,cellflip-oriented-SLSQP,research/geometric-extremal/search/area/experiments.jsonl,,,0.020003706522357508,,
GE-E00628,1163,cellflip-oriented-SLSQP,research/geometric-extremal/search/area/experiments.jsonl,,,0.020349744490841027,,
GE-E00629,1164,cellflip-oriented-SLSQP,research/geometric-extremal/search/area/experiments.jsonl,,,0.01894044771789345,,
GE-E00630,1164,cellflip-oriented-SLSQP,research/geometric-extremal/search/area/experiments.jsonl,,,0.013466323880970082,,
GE-E00631,1165,cellflip-oriented-SLSQP,research/geometric-extremal/search/area/experiments.jsonl,,,0.019117583736068183,,
GE-E00632,1165,cellflip-oriented-SLSQP,research/geometric-extremal/search/area/experiments.jsonl,,,0.020429694767519792,,
GE-E00633,1166,cellflip-oriented-SLSQP,research/geometric-extremal/search/area/experiments.jsonl,,,0.013891923682838689,,
GE-E00634,1166,cellflip-oriented-SLSQP,research/geometric-extremal/search/area/experiments.jsonl,,,0.014798022106044003,,
GE-E00635,1167,cellflip-oriented-SLSQP,research/geometric-extremal/search/area/experiments.jsonl,,,0.01727989200975559,,
GE-E00636,1167,cellflip-oriented-SLSQP,research/geometric-extremal/search/area/experiments.jsonl,,,0.022432767136419708,,
GE-E00637,1168,cellflip-oriented-SLSQP,research/geometric-extremal/search/area/experiments.jsonl,,,0.018617296416962418,,
GE-E00638,1168,cellflip-oriented-SLSQP,research/geometric-extremal/search/area/experiments.jsonl,,,0.019787460594381336,,
GE-E00639,1169,cellflip-oriented-SLSQP,research/geometric-extremal/search/area/experiments.jsonl,,,0.023775773107527473,,
GE-E00640,1169,cellflip-oriented-SLSQP,research/geometric-extremal/search/area/experiments.jsonl,,,0.02195083424934239,,
GE-E00641,1170,cellflip-oriented-SLSQP,research/geometric-extremal/search/area/experiments.jsonl,,,0.023775773107529714,,
GE-E00642,1170,cellflip-oriented-SLSQP,research/geometric-extremal/search/area/experiments.jsonl,,,0.019614651581051273,,
GE-E00643,1171,cellflip-oriented-SLSQP,research/geometric-extremal/search/area/experiments.jsonl,,,0.019356162751885984,,
GE-E00644,1171,cellflip-oriented-SLSQP,research/geometric-extremal/search/area/experiments.jsonl,,,0.02046813818599735,,
GE-E00645,1172,cellflip-oriented-SLSQP,research/geometric-extremal/search/area/experiments.jsonl,,,0.023775773107526824,,
GE-E00646,1172,cellflip-oriented-SLSQP,research/geometric-extremal/search/area/experiments.jsonl,,,0.01726203892794646,,
GE-E00647,1173,cellflip-oriented-SLSQP,research/geometric-extremal/search/area/experiments.jsonl,,,0.023775773107527473,,
GE-E00648,1173,cellflip-oriented-SLSQP,research/geometric-extremal/search/area/experiments.jsonl,,,0.020772930437143972,,
GE-E00649,1174,cellflip-oriented-SLSQP,research/geometric-extremal/search/area/experiments.jsonl,,,0.019611131593991193,,
GE-E00650,1174,cellflip-oriented-SLSQP,research/geometric-extremal/search/area/experiments.jsonl,,,0.01946259804174843,,
GE-E00651,1175,cellflip-oriented-SLSQP,research/geometric-extremal/search/area/experiments.jsonl,,,0.018935997966692413,,
GE-E00652,1175,cellflip-oriented-SLSQP,research/geometric-extremal/search/area/experiments.jsonl,,,0.016283900359864982,,
GE-E00653,1176,cellflip-oriented-SLSQP,research/geometric-extremal/search/area/experiments.jsonl,,,0.01912738862203772,,
GE-E00654,1176,cellflip-oriented-SLSQP,research/geometric-extremal/search/area/experiments.jsonl,,,0.02005934071070897,,
GE-E00655,1177,cellflip-oriented-SLSQP,research/geometric-extremal/search/area/experiments.jsonl,,,0.02142701523288381,,
GE-E00656,1177,cellflip-oriented-SLSQP,research/geometric-extremal/search/area/experiments.jsonl,,,0.02129777388492397,,
GE-E00657,1178,cellflip-oriented-SLSQP,research/geometric-extremal/search/area/experiments.jsonl,,,0.02279139955408287,,
GE-E00658,1178,cellflip-oriented-SLSQP,research/geometric-extremal/search/area/experiments.jsonl,,,0.019656403204924684,,
GE-E00659,1179,cellflip-oriented-SLSQP,research/geometric-extremal/search/area/experiments.jsonl,,,0.016376975724125324,,
GE-E00660,1179,cellflip-oriented-SLSQP,research/geometric-extremal/search/area/experiments.jsonl,,,0.017176356289743688,,
GE-E00661,1180,cellflip-oriented-SLSQP,research/geometric-extremal/search/area/experiments.jsonl,,,0.019880997642467157,,
GE-E00662,1180,cellflip-oriented-SLSQP,research/geometric-extremal/search/area/experiments.jsonl,,,0.019900126731062794,,
GE-E00663,1181,cellflip-oriented-SLSQP,research/geometric-extremal/search/area/experiments.jsonl,,,0.01684706009766611,,
GE-E00664,1181,cellflip-oriented-SLSQP,research/geometric-extremal/search/area/experiments.jsonl,,,0.020964816941933345,,
GE-E00665,1182,cellflip-oriented-SLSQP,research/geometric-extremal/search/area/experiments.jsonl,,,0.02224152833827971,,
GE-E00666,1182,cellflip-oriented-SLSQP,research/geometric-extremal/search/area/experiments.jsonl,,,0.017188779155091777,,
GE-E00667,1183,cellflip-oriented-SLSQP,research/geometric-extremal/search/area/experiments.jsonl,,,0.018617296416962418,,
GE-E00668,1183,cellflip-oriented-SLSQP,research/geometric-extremal/search/area/experiments.jsonl,,,0.021728841613340235,,
GE-E00669,1184,cellflip-oriented-SLSQP,research/geometric-extremal/search/area/experiments.jsonl,,,0.02081985702055642,,
GE-E00670,1184,cellflip-oriented-SLSQP,research/geometric-extremal/search/area/experiments.jsonl,,,0.022716405737657857,,
GE-E00671,1185,cellflip-oriented-SLSQP,research/geometric-extremal/search/area/experiments.jsonl,,,0.01778272813726746,,
GE-E00672,1185,cellflip-oriented-SLSQP,research/geometric-extremal/search/area/experiments.jsonl,,,0.022346417681684043,,
GE-E00673,1186,cellflip-oriented-SLSQP,research/geometric-extremal/search/area/experiments.jsonl,,,0.022791399553813655,,
GE-E00674,1186,cellflip-oriented-SLSQP,research/geometric-extremal/search/area/experiments.jsonl,,,0.019213682329332016,,
GE-E00675,1187,cellflip-oriented-SLSQP,research/geometric-extremal/search/area/experiments.jsonl,,,0.018076963495069563,,
GE-E00676,1187,cellflip-oriented-SLSQP,research/geometric-extremal/search/area/experiments.jsonl,,,0.023129129242241492,,
GE-E00677,1188,cellflip-oriented-SLSQP,research/geometric-extremal/search/area/experiments.jsonl,,,0.020103220771429498,,
GE-E00678,1188,cellflip-oriented-SLSQP,research/geometric-extremal/search/area/experiments.jsonl,,,0.017405715750774948,,
GE-E00679,1189,cellflip-oriented-SLSQP,research/geometric-extremal/search/area/experiments.jsonl,,,0.01881172511450832,,
GE-E00680,1189,cellflip-oriented-SLSQP,research/geometric-extremal/search/area/experiments.jsonl,,,0.015455216297162741,,
GE-E00681,1190,cellflip-oriented-SLSQP,research/geometric-extremal/search/area/experiments.jsonl,,,0.023775773107531803,,
GE-E00682,1190,cellflip-oriented-SLSQP,research/geometric-extremal/search/area/experiments.jsonl,,,0.022943956981282546,,
GE-E00683,1191,cellflip-oriented-SLSQP,research/geometric-extremal/search/area/experiments.jsonl,,,0.023775773107527473,,
GE-E00684,1191,cellflip-oriented-SLSQP,research/geometric-extremal/search/area/experiments.jsonl,,,0.018115631937389055,,
GE-E00685,1192,cellflip-oriented-SLSQP,research/geometric-extremal/search/area/experiments.jsonl,,,0.018027200341458684,,
GE-E00686,1192,cellflip-oriented-SLSQP,research/geometric-extremal/search/area/experiments.jsonl,,,0.02164831170989508,,
GE-E00687,1193,cellflip-oriented-SLSQP,research/geometric-extremal/search/area/experiments.jsonl,,,0.017320293095848115,,
GE-E00688,1193,cellflip-oriented-SLSQP,research/geometric-extremal/search/area/experiments.jsonl,,,0.013832036956459343,,
GE-E00689,1194,cellflip-oriented-SLSQP,research/geometric-extremal/search/area/experiments.jsonl,,,0.021353380547765238,,
GE-E00690,1194,cellflip-oriented-SLSQP,research/geometric-extremal/search/area/experiments.jsonl,,,0.023599740121225305,,
GE-E00691,1195,cellflip-oriented-SLSQP,research/geometric-extremal/search/area/experiments.jsonl,,,0.02224152833827854,,
GE-E00692,1195,cellflip-oriented-SLSQP,research/geometric-extremal/search/area/experiments.jsonl,,,0.021099738030583008,,
GE-E00693,1196,cellflip-oriented-SLSQP,research/geometric-extremal/search/area/experiments.jsonl,,,0.014261786314814123,,
GE-E00694,1196,cellflip-oriented-SLSQP,research/geometric-extremal/search/area/experiments.jsonl,,,0.021324671755425777,,
GE-E00695,1197,cellflip-oriented-SLSQP,research/geometric-extremal/search/area/experiments.jsonl,,,0.023775773107527473,,
GE-E00696,1197,cellflip-oriented-SLSQP,research/geometric-extremal/search/area/experiments.jsonl,,,0.01428777394930214,,
GE-E00697,1198,cellflip-oriented-SLSQP,research/geometric-extremal/search/area/experiments.jsonl,,,0.018865039183644065,,
GE-E00698,1198,cellflip-oriented-SLSQP,research/geometric-extremal/search/area/experiments.jsonl,,,0.02271250659338696,,
GE-E00699,1199,cellflip-oriented-SLSQP,research/geometric-extremal/search/area/experiments.jsonl,,,0.01621359062912429,,
GE-E00700,1199,cellflip-oriented-SLSQP,research/geometric-extremal/search/area/experiments.jsonl,,,0.021111202141433857,,
GE-E00701,1200,cellflip-oriented-SLSQP,research/geometric-extremal/search/area/experiments.jsonl,,,0.019705670961632327,,
GE-E00702,1200,cellflip-oriented-SLSQP,research/geometric-extremal/search/area/experiments.jsonl,,,0.021134500821902113,,
GE-E00703,1201,cellflip-oriented-SLSQP,research/geometric-extremal/search/area/experiments.jsonl,,,0.020086622575287736,,
GE-E00704,1201,cellflip-oriented-SLSQP,research/geometric-extremal/search/area/experiments.jsonl,,,0.01906544892763076,,
GE-E00705,1202,cellflip-oriented-SLSQP,research/geometric-extremal/search/area/experiments.jsonl,,,0.019876212090279212,,
GE-E00706,1202,cellflip-oriented-SLSQP,research/geometric-extremal/search/area/experiments.jsonl,,,0.020499230617788532,,
GE-E00707,1203,cellflip-oriented-SLSQP,research/geometric-extremal/search/area/experiments.jsonl,,,0.018940447717894226,,
GE-E00708,1203,cellflip-oriented-SLSQP,research/geometric-extremal/search/area/experiments.jsonl,,,0.018796208356389642,,
GE-E00709,1204,cellflip-oriented-SLSQP,research/geometric-extremal/search/area/experiments.jsonl,,,0.021204689661237095,,
GE-E00710,1204,cellflip-oriented-SLSQP,research/geometric-extremal/search/area/experiments.jsonl,,,0.018992214656799827,,
GE-E00711,1205,cellflip-oriented-SLSQP,research/geometric-extremal/search/area/experiments.jsonl,,,0.02097139479322755,,
GE-E00712,1205,cellflip-oriented-SLSQP,research/geometric-extremal/search/area/experiments.jsonl,,,0.020616107841927588,,
GE-E00713,1206,cellflip-oriented-SLSQP,research/geometric-extremal/search/area/experiments.jsonl,,,0.01886503918383537,,
GE-E00714,1206,cellflip-oriented-SLSQP,research/geometric-extremal/search/area/experiments.jsonl,,,0.018961757641571948,,
GE-E00715,1207,cellflip-oriented-SLSQP,research/geometric-extremal/search/area/experiments.jsonl,,,0.016750823076630603,,
GE-E00716,1207,cellflip-oriented-SLSQP,research/geometric-extremal/search/area/experiments.jsonl,,,0.019674716031169246,,
GE-E00717,1208,cellflip-oriented-SLSQP,research/geometric-extremal/search/area/experiments.jsonl,,,0.017116216268664504,,
GE-E00718,1208,cellflip-oriented-SLSQP,research/geometric-extremal/search/area/experiments.jsonl,,,0.019689298131915868,,
GE-E00719,1209,cellflip-oriented-SLSQP,research/geometric-extremal/search/area/experiments.jsonl,,,0.01734290058991684,,
GE-E00720,1209,cellflip-oriented-SLSQP,research/geometric-extremal/search/area/experiments.jsonl,,,0.01896175764197593,,
GE-E00721,1210,cellflip-oriented-SLSQP,research/geometric-extremal/search/area/experiments.jsonl,,,0.01946026331455467,,
GE-E00722,1210,cellflip-oriented-SLSQP,research/geometric-extremal/search/area/experiments.jsonl,,,0.01960420806931363,,
GE-E00723,1211,cellflip-oriented-SLSQP,research/geometric-extremal/search/area/experiments.jsonl,,,0.016787933909248234,,
GE-E00724,1211,cellflip-oriented-SLSQP,research/geometric-extremal/search/area/experiments.jsonl,,,0.01945005404201862,,
GE-E00725,1212,cellflip-oriented-SLSQP,research/geometric-extremal/search/area/experiments.jsonl,,,0.019943232386469677,,
GE-E00726,1212,cellflip-oriented-SLSQP,research/geometric-extremal/search/area/experiments.jsonl,,,0.015972419411900498,,
GE-E00727,1213,cellflip-oriented-SLSQP,research/geometric-extremal/search/area/experiments.jsonl,,,0.01883321967167009,,
GE-E00728,1213,cellflip-oriented-SLSQP,research/geometric-extremal/search/area/experiments.jsonl,,,0.019375376070612987,,
GE-E00729,1214,cellflip-oriented-SLSQP,research/geometric-extremal/search/area/experiments.jsonl,,,0.019516457030375016,,
GE-E00730,1214,cellflip-oriented-SLSQP,research/geometric-extremal/search/area/experiments.jsonl,,,0.019027412345771783,,
GE-E00731,1215,cellflip-oriented-SLSQP,research/geometric-extremal/search/area/experiments.jsonl,,,0.022118310870540725,,
GE-E00732,1215,cellflip-oriented-SLSQP,research/geometric-extremal/search/area/experiments.jsonl,,,0.017501673396232396,,
GE-E00733,1216,cellflip-oriented-SLSQP,research/geometric-extremal/search/area/experiments.jsonl,,,0.016819655020839524,,
GE-E00734,1216,cellflip-oriented-SLSQP,research/geometric-extremal/search/area/experiments.jsonl,,,0.017034431894103495,,
GE-E00735,1217,cellflip-oriented-SLSQP,research/geometric-extremal/search/area/experiments.jsonl,,,0.015303401654094566,,
GE-E00736,1217,cellflip-oriented-SLSQP,research/geometric-extremal/search/area/experiments.jsonl,,,0.01800374158378582,,
GE-E00737,1218,cellflip-oriented-SLSQP,research/geometric-extremal/search/area/experiments.jsonl,,,0.01938765320153018,,
GE-E00738,1218,cellflip-oriented-SLSQP,research/geometric-extremal/search/area/experiments.jsonl,,,0.018219060588049073,,
GE-E00739,1219,cellflip-oriented-SLSQP,research/geometric-extremal/search/area/experiments.jsonl,,,0.02092879582670595,,
GE-E00740,1219,cellflip-oriented-SLSQP,research/geometric-extremal/search/area/experiments.jsonl,,,0.013473888488137903,,
GE-E00741,1220,cellflip-oriented-SLSQP,research/geometric-extremal/search/area/experiments.jsonl,,,0.019827101076190998,,
GE-E00742,1220,cellflip-oriented-SLSQP,research/geometric-extremal/search/area/experiments.jsonl,,,0.020013096938350038,,
GE-E00743,1221,cellflip-oriented-SLSQP,research/geometric-extremal/search/area/experiments.jsonl,,,0.022791399553787728,,
GE-E00744,1221,cellflip-oriented-SLSQP,research/geometric-extremal/search/area/experiments.jsonl,,,0.01728045878577576,,
GE-E00745,1222,cellflip-oriented-SLSQP,research/geometric-extremal/search/area/experiments.jsonl,,,0.02035856843392541,,
GE-E00746,1222,cellflip-oriented-SLSQP,research/geometric-extremal/search/area/experiments.jsonl,,,0.016812368532235313,,
GE-E00747,1223,cellflip-oriented-SLSQP,research/geometric-extremal/search/area/experiments.jsonl,,,0.019317043329566404,,
GE-E00748,1223,cellflip-oriented-SLSQP,research/geometric-extremal/search/area/experiments.jsonl,,,0.017056529726401905,,
GE-E00749,1224,cellflip-oriented-SLSQP,research/geometric-extremal/search/area/experiments.jsonl,,,0.023775773107527473,,
GE-E00750,1224,cellflip-oriented-SLSQP,research/geometric-extremal/search/area/experiments.jsonl,,,0.015071570609399608,,
GE-E00751,1225,cellflip-oriented-SLSQP,research/geometric-extremal/search/area/experiments.jsonl,,,0.01957030846703709,,
GE-E00752,1225,cellflip-oriented-SLSQP,research/geometric-extremal/search/area/experiments.jsonl,,,0.019356463747798956,,
GE-E00753,1226,cellflip-oriented-SLSQP,research/geometric-extremal/search/area/experiments.jsonl,,,0.019004102267687284,,
GE-E00754,1226,cellflip-oriented-SLSQP,research/geometric-extremal/search/area/experiments.jsonl,,,0.0200776459637956,,
GE-E00755,1227,cellflip-oriented-SLSQP,research/geometric-extremal/search/area/experiments.jsonl,,,0.016787933909248234,,
GE-E00756,1227,cellflip-oriented-SLSQP,research/geometric-extremal/search/area/experiments.jsonl,,,0.017543995267064853,,
GE-E00757,1228,cellflip-oriented-SLSQP,research/geometric-extremal/search/area/experiments.jsonl,,,0.02377577310751361,,
GE-E00758,1228,cellflip-oriented-SLSQP,research/geometric-extremal/search/area/experiments.jsonl,,,0.01645684091951811,,
GE-E00759,1229,cellflip-oriented-SLSQP,research/geometric-extremal/search/area/experiments.jsonl,,,0.01908249784037506,,
GE-E00760,1229,cellflip-oriented-SLSQP,research/geometric-extremal/search/area/experiments.jsonl,,,0.014292602729895108,,
GE-E00761,1230,cellflip-oriented-SLSQP,research/geometric-extremal/search/area/experiments.jsonl,,,0.01864543243532149,,
GE-E00762,1230,cellflip-oriented-SLSQP,research/geometric-extremal/search/area/experiments.jsonl,,,0.013613254127228054,,
GE-E00763,1231,cellflip-oriented-SLSQP,research/geometric-extremal/search/area/experiments.jsonl,,,0.020853569310700665,,
GE-E00764,1231,cellflip-oriented-SLSQP,research/geometric-extremal/search/area/experiments.jsonl,,,0.01923086949850864,,
GE-E00765,1232,cellflip-oriented-SLSQP,research/geometric-extremal/search/area/experiments.jsonl,,,0.019720497459904736,,
GE-E00766,1232,cellflip-oriented-SLSQP,research/geometric-extremal/search/area/experiments.jsonl,,,0.019305353683767557,,
GE-E00767,1233,cellflip-oriented-SLSQP,research/geometric-extremal/search/area/experiments.jsonl,,,0.016467976905923377,,
GE-E00768,1233,cellflip-oriented-SLSQP,research/geometric-extremal/search/area/experiments.jsonl,,,0.019285686485320183,,
GE-E00769,1234,cellflip-oriented-SLSQP,research/geometric-extremal/search/area/experiments.jsonl,,,0.01673851544569483,,
GE-E00770,1234,cellflip-oriented-SLSQP,research/geometric-extremal/search/area/experiments.jsonl,,,0.01802782280116947,,
GE-E00771,1235,cellflip-oriented-SLSQP,research/geometric-extremal/search/area/experiments.jsonl,,,0.018617296416962418,,
GE-E00772,1235,cellflip-oriented-SLSQP,research/geometric-extremal/search/area/experiments.jsonl,,,0.014930915180253796,,
GE-E00773,1236,cellflip-oriented-SLSQP,research/geometric-extremal/search/area/experiments.jsonl,,,0.015093042459654562,,
GE-E00774,1236,cellflip-oriented-SLSQP,research/geometric-extremal/search/area/experiments.jsonl,,,0.0187477638246901,,
GE-E00775,1237,cellflip-oriented-SLSQP,research/geometric-extremal/search/area/experiments.jsonl,,,0.0136403237804026,,
GE-E00776,1237,cellflip-oriented-SLSQP,research/geometric-extremal/search/area/experiments.jsonl,,,0.019274570214855475,,
GE-E00777,1238,cellflip-oriented-SLSQP,research/geometric-extremal/search/area/experiments.jsonl,,,0.017546315676385493,,
GE-E00778,1238,cellflip-oriented-SLSQP,research/geometric-extremal/search/area/experiments.jsonl,,,0.020627078800069133,,
GE-E00779,1239,cellflip-oriented-SLSQP,research/geometric-extremal/search/area/experiments.jsonl,,,0.01691279503275193,,
GE-E00780,1239,cellflip-oriented-SLSQP,research/geometric-extremal/search/area/experiments.jsonl,,,0.01417352420993316,,
GE-E00781,1240,cellflip-oriented-SLSQP,research/geometric-extremal/search/area/experiments.jsonl,,,0.01905189945188121,,
GE-E00782,1240,cellflip-oriented-SLSQP,research/geometric-extremal/search/area/experiments.jsonl,,,0.018757744926232812,,
GE-E00783,1241,cellflip-oriented-SLSQP,research/geometric-extremal/search/area/experiments.jsonl,,,0.022791399554084508,,
GE-E00784,1241,cellflip-oriented-SLSQP,research/geometric-extremal/search/area/experiments.jsonl,,,0.020082572213866178,,
GE-E00785,1242,cellflip-oriented-SLSQP,research/geometric-extremal/search/area/experiments.jsonl,,,0.01313127240253948,,
GE-E00786,1242,cellflip-oriented-SLSQP,research/geometric-extremal/search/area/experiments.jsonl,,,0.019274570214855343,,
GE-E00787,1243,cellflip-oriented-SLSQP,research/geometric-extremal/search/area/experiments.jsonl,,,0.017287472105429445,,
GE-E00788,1243,cellflip-oriented-SLSQP,research/geometric-extremal/search/area/experiments.jsonl,,,0.0135890413107627,,
GE-E00789,1244,cellflip-oriented-SLSQP,research/geometric-extremal/search/area/experiments.jsonl,,,0.02177145076225441,,
GE-E00790,1244,cellflip-oriented-SLSQP,research/geometric-extremal/search/area/experiments.jsonl,,,0.018967314295843894,,
GE-E00791,1245,cellflip-oriented-SLSQP,research/geometric-extremal/search/area/experiments.jsonl,,,0.013513961516803336,,
GE-E00792,1245,cellflip-oriented-SLSQP,research/geometric-extremal/search/area/experiments.jsonl,,,0.021996376621144852,,
GE-E00793,1246,cellflip-oriented-SLSQP,research/geometric-extremal/search/area/experiments.jsonl,,,0.01587533852713943,,
GE-E00794,1246,cellflip-oriented-SLSQP,research/geometric-extremal/search/area/experiments.jsonl,,,0.016538130388097892,,
GE-E00795,1247,cellflip-oriented-SLSQP,research/geometric-extremal/search/area/experiments.jsonl,,,0.016850938560786125,,
GE-E00796,1247,cellflip-oriented-SLSQP,research/geometric-extremal/search/area/experiments.jsonl,,,0.014077712038415355,,
GE-E00797,1248,cellflip-oriented-SLSQP,research/geometric-extremal/search/area/experiments.jsonl,,,0.02008515913487649,,
GE-E00798,1248,cellflip-oriented-SLSQP,research/geometric-extremal/search/area/experiments.jsonl,,,0.01868390314075605,,
GE-E00799,1249,cellflip-oriented-SLSQP,research/geometric-extremal/search/area/experiments.jsonl,,,0.016685035588502213,,
GE-E00800,1249,cellflip-oriented-SLSQP,research/geometric-extremal/search/area/experiments.jsonl,,,0.01566094694448527,,
GE-E00801,1250,cellflip-oriented-SLSQP,research/geometric-extremal/search/area/experiments.jsonl,,,0.018413347272351253,,
GE-E00802,1250,cellflip-oriented-SLSQP,research/geometric-extremal/search/area/experiments.jsonl,,,0.020186328298985565,,
GE-E00803,1251,cellflip-oriented-SLSQP,research/geometric-extremal/search/area/experiments.jsonl,,,0.016787933909246305,,
GE-E00804,1251,cellflip-oriented-SLSQP,research/geometric-extremal/search/area/experiments.jsonl,,,0.017425403167271415,,
GE-E00805,1252,cellflip-oriented-SLSQP,research/geometric-extremal/search/area/experiments.jsonl,,,0.016005994456844298,,
GE-E00806,1252,cellflip-oriented-SLSQP,research/geometric-extremal/search/area/experiments.jsonl,,,0.019189581801827872,,
GE-E00807,1253,cellflip-oriented-SLSQP,research/geometric-extremal/search/area/experiments.jsonl,,,0.016454646088459368,,
GE-E00808,1253,cellflip-oriented-SLSQP,research/geometric-extremal/search/area/experiments.jsonl,,,0.020663741264958617,,
GE-E00809,1254,cellflip-oriented-SLSQP,research/geometric-extremal/search/area/experiments.jsonl,,,0.021405191306445737,,
GE-E00810,1254,cellflip-oriented-SLSQP,research/geometric-extremal/search/area/experiments.jsonl,,,0.021145350530882095,,
GE-E00811,1255,cellflip-oriented-SLSQP,research/geometric-extremal/search/area/experiments.jsonl,,,0.016156943643454467,,
GE-E00812,1255,cellflip-oriented-SLSQP,research/geometric-extremal/search/area/experiments.jsonl,,,0.01976327947405366,,
GE-E00813,1256,cellflip-oriented-SLSQP,research/geometric-extremal/search/area/experiments.jsonl,,,0.015753459661580642,,
GE-E00814,1256,cellflip-oriented-SLSQP,research/geometric-extremal/search/area/experiments.jsonl,,,0.019295224046536247,,
GE-E00815,1257,cellflip-oriented-SLSQP,research/geometric-extremal/search/area/experiments.jsonl,,,0.019281975907836885,,
GE-E00816,1257,cellflip-oriented-SLSQP,research/geometric-extremal/search/area/experiments.jsonl,,,0.020384752575967103,,
GE-E00817,1258,cellflip-oriented-SLSQP,research/geometric-extremal/search/area/experiments.jsonl,,,0.017472232117847934,,
GE-E00818,1258,cellflip-oriented-SLSQP,research/geometric-extremal/search/area/experiments.jsonl,,,0.01653678045149779,,
GE-E00819,1259,cellflip-oriented-SLSQP,research/geometric-extremal/search/area/experiments.jsonl,,,0.018187513480633712,,
GE-E00820,1259,cellflip-oriented-SLSQP,research/geometric-extremal/search/area/experiments.jsonl,,,0.019632470371943656,,
GE-E00821,1260,cellflip-oriented-SLSQP,research/geometric-extremal/search/area/experiments.jsonl,,,0.021032313526295313,,
GE-E00822,1260,cellflip-oriented-SLSQP,research/geometric-extremal/search/area/experiments.jsonl,,,0.019768558899129304,,
GE-E00823,1261,cellflip-oriented-SLSQP,research/geometric-extremal/search/area/experiments.jsonl,,,0.02224152833819629,,
GE-E00824,1261,cellflip-oriented-SLSQP,research/geometric-extremal/search/area/experiments.jsonl,,,0.01978393843681293,,
GE-E00825,1262,cellflip-oriented-SLSQP,research/geometric-extremal/search/area/experiments.jsonl,,,0.016333905783611064,,
GE-E00826,1262,cellflip-oriented-SLSQP,research/geometric-extremal/search/area/experiments.jsonl,,,0.02006145165054202,,
GE-E00827,1263,cellflip-oriented-SLSQP,research/geometric-extremal/search/area/experiments.jsonl,,,0.013439784568106294,,
GE-E00828,1263,cellflip-oriented-SLSQP,research/geometric-extremal/search/area/experiments.jsonl,,,0.015948291864680313,,
GE-E00829,1264,cellflip-oriented-SLSQP,research/geometric-extremal/search/area/experiments.jsonl,,,0.01183402708692533,,
GE-E00830,1264,cellflip-oriented-SLSQP,research/geometric-extremal/search/area/experiments.jsonl,,,0.019380042039054787,,
GE-E00831,1265,cellflip-oriented-SLSQP,research/geometric-extremal/search/area/experiments.jsonl,,,0.017913802185484773,,
GE-E00832,1265,cellflip-oriented-SLSQP,research/geometric-extremal/search/area/experiments.jsonl,,,0.01996191323186603,,
GE-E00833,1266,cellflip-oriented-SLSQP,research/geometric-extremal/search/area/experiments.jsonl,,,0.017454625531307215,,
GE-E00834,1266,cellflip-oriented-SLSQP,research/geometric-extremal/search/area/experiments.jsonl,,,0.014885529591594792,,
GE-E00835,1267,cellflip-oriented-SLSQP,research/geometric-extremal/search/area/experiments.jsonl,,,0.021353380547752085,,
GE-E00836,1267,cellflip-oriented-SLSQP,research/geometric-extremal/search/area/experiments.jsonl,,,0.019744518365168263,,
GE-E00837,1268,cellflip-oriented-SLSQP,research/geometric-extremal/search/area/experiments.jsonl,,,0.020679316581605035,,
GE-E00838,1268,cellflip-oriented-SLSQP,research/geometric-extremal/search/area/experiments.jsonl,,,0.01855985877238048,,
GE-E00839,1269,cellflip-oriented-SLSQP,research/geometric-extremal/search/area/experiments.jsonl,,,0.018552746802889552,,
GE-E00840,1269,cellflip-oriented-SLSQP,research/geometric-extremal/search/area/experiments.jsonl,,,0.016275439550104027,,
GE-E00841,1270,cellflip-oriented-SLSQP,research/geometric-extremal/search/area/experiments.jsonl,,,0.015552306221228641,,
GE-E00842,1270,cellflip-oriented-SLSQP,research/geometric-extremal/search/area/experiments.jsonl,,,0.02171407182220341,,
GE-E00843,1271,cellflip-oriented-SLSQP,research/geometric-extremal/search/area/experiments.jsonl,,,0.020515074476458405,,
GE-E00844,1271,cellflip-oriented-SLSQP,research/geometric-extremal/search/area/experiments.jsonl,,,0.021950834249297523,,
GE-E00845,1272,cellflip-oriented-SLSQP,research/geometric-extremal/search/area/experiments.jsonl,,,0.015244918211842472,,
GE-E00846,1272,cellflip-oriented-SLSQP,research/geometric-extremal/search/area/experiments.jsonl,,,0.019213059655543076,,
GE-E00847,1273,cellflip-oriented-SLSQP,research/geometric-extremal/search/area/experiments.jsonl,,,0.015804324701777128,,
GE-E00848,1273,cellflip-oriented-SLSQP,research/geometric-extremal/search/area/experiments.jsonl,,,0.020861310789562403,,
GE-E00849,1274,cellflip-oriented-SLSQP,research/geometric-extremal/search/area/experiments.jsonl,,,0.015821728170772667,,
GE-E00850,1274,cellflip-oriented-SLSQP,research/geometric-extremal/search/area/experiments.jsonl,,,0.01804039084518372,,
GE-E00851,1275,cellflip-oriented-SLSQP,research/geometric-extremal/search/area/experiments.jsonl,,,0.019634805580666277,,
GE-E00852,1275,cellflip-oriented-SLSQP,research/geometric-extremal/search/area/experiments.jsonl,,,0.02185946526346261,,
GE-E00853,1276,cellflip-oriented-SLSQP,research/geometric-extremal/search/area/experiments.jsonl,,,0.01799830335945892,,
GE-E00854,1276,cellflip-oriented-SLSQP,research/geometric-extremal/search/area/experiments.jsonl,,,0.019142646773951506,,
GE-E00855,1277,cellflip-oriented-SLSQP,research/geometric-extremal/search/area/experiments.jsonl,,,0.01995064436607635,,
GE-E00856,1277,cellflip-oriented-SLSQP,research/geometric-extremal/search/area/experiments.jsonl,,,0.020145937740060172,,
GE-E00857,1278,cellflip-oriented-SLSQP,research/geometric-extremal/search/area/experiments.jsonl,,,0.012343856466299664,,
GE-E00858,1278,cellflip-oriented-SLSQP,research/geometric-extremal/search/area/experiments.jsonl,,,0.021273499375331337,,
GE-E00859,1279,cellflip-oriented-SLSQP,research/geometric-extremal/search/area/experiments.jsonl,,,0.020317817076859288,,
GE-E00860,1279,cellflip-oriented-SLSQP,research/geometric-extremal/search/area/experiments.jsonl,,,0.019818908463542277,,
GE-E00861,1280,cellflip-oriented-SLSQP,research/geometric-extremal/search/area/experiments.jsonl,,,0.020281683377566615,,
GE-E00862,1280,cellflip-oriented-SLSQP,research/geometric-extremal/search/area/experiments.jsonl,,,0.019706849263106715,,
GE-E00863,1281,cellflip-oriented-SLSQP,research/geometric-extremal/search/area/experiments.jsonl,,,0.016967029635604623,,
GE-E00864,1281,cellflip-oriented-SLSQP,research/geometric-extremal/search/area/experiments.jsonl,,,0.020554549193484845,,
GE-E00865,1282,cellflip-oriented-SLSQP,research/geometric-extremal/search/area/experiments.jsonl,,,0.016184912077767823,,
GE-E00866,1282,cellflip-oriented-SLSQP,research/geometric-extremal/search/area/experiments.jsonl,,,0.020533570911882414,,
GE-E00867,1283,cellflip-oriented-SLSQP,research/geometric-extremal/search/area/experiments.jsonl,,,0.020585662509194688,,
GE-E00868,1283,cellflip-oriented-SLSQP,research/geometric-extremal/search/area/experiments.jsonl,,,0.020819389801511223,,
GE-E00869,1284,cellflip-oriented-SLSQP,research/geometric-extremal/search/area/experiments.jsonl,,,0.018029787386689124,,
GE-E00870,1284,cellflip-oriented-SLSQP,research/geometric-extremal/search/area/experiments.jsonl,,,0.01490980627756656,,
GE-E00871,1285,cellflip-oriented-SLSQP,research/geometric-extremal/search/area/experiments.jsonl,,,0.019186878095820387,,
GE-E00872,1285,cellflip-oriented-SLSQP,research/geometric-extremal/search/area/experiments.jsonl,,,0.01841119326009917,,
GE-E00873,1286,cellflip-oriented-SLSQP,research/geometric-extremal/search/area/experiments.jsonl,,,0.019177022080341326,,
GE-E00874,1286,cellflip-oriented-SLSQP,research/geometric-extremal/search/area/experiments.jsonl,,,0.02036125512154643,,
GE-E00875,1287,cellflip-oriented-SLSQP,research/geometric-extremal/search/area/experiments.jsonl,,,0.017878073725143575,,
GE-E00876,1287,cellflip-oriented-SLSQP,research/geometric-extremal/search/area/experiments.jsonl,,,0.019374143797882232,,
GE-E00877,1288,cellflip-oriented-SLSQP,research/geometric-extremal/search/area/experiments.jsonl,,,0.01738966053587578,,
GE-E00878,1288,cellflip-oriented-SLSQP,research/geometric-extremal/search/area/experiments.jsonl,,,0.016057712502447946,,
GE-E00879,1289,cellflip-oriented-SLSQP,research/geometric-extremal/search/area/experiments.jsonl,,,0.020394163453257005,,
GE-E00880,1289,cellflip-oriented-SLSQP,research/geometric-extremal/search/area/experiments.jsonl,,,0.021021406010058266,,
GE-E00881,1290,cellflip-oriented-SLSQP,research/geometric-extremal/search/area/experiments.jsonl,,,0.01605335735158434,,
GE-E00882,1290,cellflip-oriented-SLSQP,research/geometric-extremal/search/area/experiments.jsonl,,,0.015796101720179857,,
GE-E00883,1291,cellflip-oriented-SLSQP,research/geometric-extremal/search/area/experiments.jsonl,,,0.010354051044890202,,
GE-E00884,1291,cellflip-oriented-SLSQP,research/geometric-extremal/search/area/experiments.jsonl,,,0.02007268442603459,,
GE-E00885,1292,cellflip-oriented-SLSQP,research/geometric-extremal/search/area/experiments.jsonl,,,0.017143161594342836,,
GE-E00886,1292,cellflip-oriented-SLSQP,research/geometric-extremal/search/area/experiments.jsonl,,,0.020116551768417163,,
GE-E00887,1293,cellflip-oriented-SLSQP,research/geometric-extremal/search/area/experiments.jsonl,,,0.015971680895061274,,
GE-E00888,1293,cellflip-oriented-SLSQP,research/geometric-extremal/search/area/experiments.jsonl,,,0.015908629365480806,,
GE-E00889,1294,cellflip-oriented-SLSQP,research/geometric-extremal/search/area/experiments.jsonl,,,0.015382906620977051,,
GE-E00890,1294,cellflip-oriented-SLSQP,research/geometric-extremal/search/area/experiments.jsonl,,,0.019610345981460397,,
GE-E00891,1295,cellflip-oriented-SLSQP,research/geometric-extremal/search/area/experiments.jsonl,,,0.017752986170399096,,
GE-E00892,1295,cellflip-oriented-SLSQP,research/geometric-extremal/search/area/experiments.jsonl,,,0.014843989963157367,,
GE-E00893,1296,cellflip-oriented-SLSQP,research/geometric-extremal/search/area/experiments.jsonl,,,0.013475199450319917,,
GE-E00894,1296,cellflip-oriented-SLSQP,research/geometric-extremal/search/area/experiments.jsonl,,,0.018376690162851726,,
GE-E00895,1297,cellflip-oriented-SLSQP,research/geometric-extremal/search/area/experiments.jsonl,,,0.01597168089526381,,
GE-E00896,1297,cellflip-oriented-SLSQP,research/geometric-extremal/search/area/experiments.jsonl,,,0.022127859932413316,,
GE-E00897,1298,cellflip-oriented-SLSQP,research/geometric-extremal/search/area/experiments.jsonl,,,0.014529020492092811,,
GE-E00898,1298,cellflip-oriented-SLSQP,research/geometric-extremal/search/area/experiments.jsonl,,,0.01440208424964084,,
GE-E00899,1299,cellflip-oriented-SLSQP,research/geometric-extremal/search/area/experiments.jsonl,,,0.017827483779444254,,
GE-E00900,1299,cellflip-oriented-SLSQP,research/geometric-extremal/search/area/experiments.jsonl,,,0.014950888703020453,,
GE-E00901,1300,cellflip-oriented-SLSQP,research/geometric-extremal/search/area/experiments.jsonl,,,0.02377577310752987,,
GE-E00902,1300,cellflip-oriented-SLSQP,research/geometric-extremal/search/area/experiments.jsonl,,,0.01966168351228554,,
GE-E00903,1301,cellflip-oriented-SLSQP,research/geometric-extremal/search/area/experiments.jsonl,,,0.02103231352672648,,
GE-E00904,1301,cellflip-oriented-SLSQP,research/geometric-extremal/search/area/experiments.jsonl,,,0.01994050203468977,,
GE-E00905,1302,cellflip-oriented-SLSQP,research/geometric-extremal/search/area/experiments.jsonl,,,0.01103491769663588,,
GE-E00906,1302,cellflip-oriented-SLSQP,research/geometric-extremal/search/area/experiments.jsonl,,,0.02109973803058251,,
GE-E00907,1303,cellflip-oriented-SLSQP,research/geometric-extremal/search/area/experiments.jsonl,,,0.017913802185364126,,
GE-E00908,1303,cellflip-oriented-SLSQP,research/geometric-extremal/search/area/experiments.jsonl,,,0.019972392060410963,,
GE-E00909,1304,cellflip-oriented-SLSQP,research/geometric-extremal/search/area/experiments.jsonl,,,0.017025412467833827,,
GE-E00910,1304,cellflip-oriented-SLSQP,research/geometric-extremal/search/area/experiments.jsonl,,,0.022018696046961876,,
GE-E00911,1305,cellflip-oriented-SLSQP,research/geometric-extremal/search/area/experiments.jsonl,,,0.01681096924112642,,
GE-E00912,1305,cellflip-oriented-SLSQP,research/geometric-extremal/search/area/experiments.jsonl,,,0.019256013207602018,,
GE-E00913,1306,cellflip-oriented-SLSQP,research/geometric-extremal/search/area/experiments.jsonl,,,0.018763139583807785,,
GE-E00914,1306,cellflip-oriented-SLSQP,research/geometric-extremal/search/area/experiments.jsonl,,,0.014919842251729024,,
GE-E00915,1307,cellflip-oriented-SLSQP,research/geometric-extremal/search/area/experiments.jsonl,,,0.015494694230616566,,
GE-E00916,1307,cellflip-oriented-SLSQP,research/geometric-extremal/search/area/experiments.jsonl,,,0.01829983825583713,,
GE-E00917,1308,cellflip-oriented-SLSQP,research/geometric-extremal/search/area/experiments.jsonl,,,0.01728186806148852,,
GE-E00918,1308,cellflip-oriented-SLSQP,research/geometric-extremal/search/area/experiments.jsonl,,,0.014364163573681319,,
GE-E00919,1309,cellflip-oriented-SLSQP,research/geometric-extremal/search/area/experiments.jsonl,,,0.018386860045732496,,
GE-E00920,1309,cellflip-oriented-SLSQP,research/geometric-extremal/search/area/experiments.jsonl,,,0.02052010993399513,,
GE-E00921,1310,cellflip-oriented-SLSQP,research/geometric-extremal/search/area/experiments.jsonl,,,0.015244918211764978,,
GE-E00922,1310,cellflip-oriented-SLSQP,research/geometric-extremal/search/area/experiments.jsonl,,,0.02271640573766922,,
GE-E00923,1311,cellflip-oriented-SLSQP,research/geometric-extremal/search/area/experiments.jsonl,,,0.017491000453925057,,
GE-E00924,1311,cellflip-oriented-SLSQP,research/geometric-extremal/search/area/experiments.jsonl,,,0.02100181477472783,,
GE-E00925,1312,cellflip-oriented-SLSQP,research/geometric-extremal/search/area/experiments.jsonl,,,0.013414322266683118,,
GE-E00926,1312,cellflip-oriented-SLSQP,research/geometric-extremal/search/area/experiments.jsonl,,,0.021701927297726048,,
GE-E00927,1313,cellflip-oriented-SLSQP,research/geometric-extremal/search/area/experiments.jsonl,,,0.016375986347609724,,
GE-E00928,1313,cellflip-oriented-SLSQP,research/geometric-extremal/search/area/experiments.jsonl,,,0.018468044556218116,,
GE-E00929,1314,cellflip-oriented-SLSQP,research/geometric-extremal/search/area/experiments.jsonl,,,0.015428049514631564,,
GE-E00930,1314,cellflip-oriented-SLSQP,research/geometric-extremal/search/area/experiments.jsonl,,,0.017544789802535318,,
GE-E00931,1315,cellflip-oriented-SLSQP,research/geometric-extremal/search/area/experiments.jsonl,,,0.015713799058970107,,
GE-E00932,1315,cellflip-oriented-SLSQP,research/geometric-extremal/search/area/experiments.jsonl,,,0.021453032704136576,,
GE-E00933,1316,cellflip-oriented-SLSQP,research/geometric-extremal/search/area/experiments.jsonl,,,0.01160394647200825,,
GE-E00934,1316,cellflip-oriented-SLSQP,research/geometric-extremal/search/area/experiments.jsonl,,,0.019848630432971175,,
GE-E00935,1317,cellflip-oriented-SLSQP,research/geometric-extremal/search/area/experiments.jsonl,,,0.011034917696727911,,
GE-E00936,1317,cellflip-oriented-SLSQP,research/geometric-extremal/search/area/experiments.jsonl,,,0.014690799084957634,,
GE-E00937,1318,cellflip-oriented-SLSQP,research/geometric-extremal/search/area/experiments.jsonl,,,0.01571379905895029,,
GE-E00938,1318,cellflip-oriented-SLSQP,research/geometric-extremal/search/area/experiments.jsonl,,,0.014788247385277222,,
GE-E00939,1319,cellflip-oriented-SLSQP,research/geometric-extremal/search/area/experiments.jsonl,,,0.016135113154089192,,
GE-E00940,1319,cellflip-oriented-SLSQP,research/geometric-extremal/search/area/experiments.jsonl,,,0.019950921117987745,,
GE-E00941,1320,cellflip-oriented-SLSQP,research/geometric-extremal/search/area/experiments.jsonl,,,0.013328743390373085,,
GE-E00942,1320,cellflip-oriented-SLSQP,research/geometric-extremal/search/area/experiments.jsonl,,,0.013442140003907916,,
GE-E00943,1321,cellflip-oriented-SLSQP,research/geometric-extremal/search/area/experiments.jsonl,,,0.023775773107281444,,
GE-E00944,1321,cellflip-oriented-SLSQP,research/geometric-extremal/search/area/experiments.jsonl,,,0.014906995499585862,,
GE-E00945,1322,cellflip-oriented-SLSQP,research/geometric-extremal/search/area/experiments.jsonl,,,0.017099881728837904,,
GE-E00946,1322,cellflip-oriented-SLSQP,research/geometric-extremal/search/area/experiments.jsonl,,,0.013150775481361699,,
GE-E00947,1323,cellflip-oriented-SLSQP,research/geometric-extremal/search/area/experiments.jsonl,,,0.018609969611871915,,
GE-E00948,1323,cellflip-oriented-SLSQP,research/geometric-extremal/search/area/experiments.jsonl,,,0.017181191406556905,,
GE-E00949,1324,cellflip-oriented-SLSQP,research/geometric-extremal/search/area/experiments.jsonl,,,0.015768281789657678,,
GE-E00950,1324,cellflip-oriented-SLSQP,research/geometric-extremal/search/area/experiments.jsonl,,,0.01645006814117942,,
GE-E00951,1325,cellflip-oriented-SLSQP,research/geometric-extremal/search/area/experiments.jsonl,,,0.014591151018457912,,
GE-E00952,1325,cellflip-oriented-SLSQP,research/geometric-extremal/search/area/experiments.jsonl,,,0.01771811285671435,,
GE-E00953,1326,cellflip-oriented-SLSQP,research/geometric-extremal/search/area/experiments.jsonl,,,0.022335532421607508,,
GE-E00954,1326,cellflip-oriented-SLSQP,research/geometric-extremal/search/area/experiments.jsonl,,,0.016154845050160023,,
GE-E00955,1327,cellflip-oriented-SLSQP,research/geometric-extremal/search/area/experiments.jsonl,,,0.022791399554082614,,
GE-E00956,1327,cellflip-oriented-SLSQP,research/geometric-extremal/search/area/experiments.jsonl,,,0.02036570855454982,,
GE-E00957,1328,cellflip-oriented-SLSQP,research/geometric-extremal/search/area/experiments.jsonl,,,0.017272975408659096,,
GE-E00958,1328,cellflip-oriented-SLSQP,research/geometric-extremal/search/area/experiments.jsonl,,,0.012222511400692486,,
GE-E00959,1329,cellflip-oriented-SLSQP,research/geometric-extremal/search/area/experiments.jsonl,,,0.015594068549605,,
GE-E00960,1329,cellflip-oriented-SLSQP,research/geometric-extremal/search/area/experiments.jsonl,,,0.018606078795638716,,
GE-E00961,1330,cellflip-oriented-SLSQP,research/geometric-extremal/search/area/experiments.jsonl,,,0.020928795826942487,,
GE-E00962,1330,cellflip-oriented-SLSQP,research/geometric-extremal/search/area/experiments.jsonl,,,0.01618473585412532,,
GE-E00963,1331,cellflip-oriented-SLSQP,research/geometric-extremal/search/area/experiments.jsonl,,,0.018670163101713516,,
GE-E00964,1331,cellflip-oriented-SLSQP,research/geometric-extremal/search/area/experiments.jsonl,,,0.021971489722941336,,
GE-E00965,1332,cellflip-oriented-SLSQP,research/geometric-extremal/search/area/experiments.jsonl,,,0.019870391188336438,,
GE-E00966,1332,cellflip-oriented-SLSQP,research/geometric-extremal/search/area/experiments.jsonl,,,0.024564055613228702,,
GE-E00967,1333,cellflip-oriented-SLSQP,research/geometric-extremal/search/area/experiments.jsonl,,,0.015536216940304097,,
GE-E00968,1333,cellflip-oriented-SLSQP,research/geometric-extremal/search/area/experiments.jsonl,,,0.015610973784652767,,
GE-E00969,1334,cellflip-oriented-SLSQP,research/geometric-extremal/search/area/experiments.jsonl,,,0.02377577310752987,,
GE-E00970,1334,cellflip-oriented-SLSQP,research/geometric-extremal/search/area/experiments.jsonl,,,0.02164831170995624,,
GE-E00971,1335,cellflip-oriented-SLSQP,research/geometric-extremal/search/area/experiments.jsonl,,,0.017538169583404113,,
GE-E00972,1335,cellflip-oriented-SLSQP,research/geometric-extremal/search/area/experiments.jsonl,,,0.01508386516529707,,
GE-E00973,1336,cellflip-oriented-SLSQP,research/geometric-extremal/search/area/experiments.jsonl,,,0.021427015232844886,,
GE-E00974,1336,cellflip-oriented-SLSQP,research/geometric-extremal/search/area/experiments.jsonl,,,0.020085643468312195,,
GE-E00975,1337,cellflip-oriented-SLSQP,research/geometric-extremal/search/area/experiments.jsonl,,,0.013574602895513663,,
GE-E00976,1337,cellflip-oriented-SLSQP,research/geometric-extremal/search/area/experiments.jsonl,,,0.013559072339188051,,
GE-E00977,1338,cellflip-oriented-SLSQP,research/geometric-extremal/search/area/experiments.jsonl,,,0.017099881728444864,,
GE-E00978,1338,cellflip-oriented-SLSQP,research/geometric-extremal/search/area/experiments.jsonl,,,0.017196390267791597,,
GE-E00979,1339,cellflip-oriented-SLSQP,research/geometric-extremal/search/area/experiments.jsonl,,,0.020853569310592034,,
GE-E00980,1339,cellflip-oriented-SLSQP,research/geometric-extremal/search/area/experiments.jsonl,,,0.012032007902847634,,
GE-E00981,1340,cellflip-oriented-SLSQP,research/geometric-extremal/search/area/experiments.jsonl,,,0.017336210735245473,,
GE-E00982,1340,cellflip-oriented-SLSQP,research/geometric-extremal/search/area/experiments.jsonl,,,0.014674251449741105,,
GE-E00983,1341,cellflip-oriented-SLSQP,research/geometric-extremal/search/area/experiments.jsonl,,,0.01668705017738531,,
GE-E00984,1341,cellflip-oriented-SLSQP,research/geometric-extremal/search/area/experiments.jsonl,,,0.015972845523239677,,
GE-E00985,1342,cellflip-oriented-SLSQP,research/geometric-extremal/search/area/experiments.jsonl,,,0.018859089250854142,,
GE-E00986,1342,cellflip-oriented-SLSQP,research/geometric-extremal/search/area/experiments.jsonl,,,0.021104453484978275,,
GE-E00987,1343,cellflip-oriented-SLSQP,research/geometric-extremal/search/area/experiments.jsonl,,,0.01536546264466064,,
GE-E00988,1343,cellflip-oriented-SLSQP,research/geometric-extremal/search/area/experiments.jsonl,,,0.018893806629631457,,
GE-E00989,1344,cellflip-oriented-SLSQP,research/geometric-extremal/search/area/experiments.jsonl,,,0.014389825212021623,,
GE-E00990,1344,cellflip-oriented-SLSQP,research/geometric-extremal/search/area/experiments.jsonl,,,0.019134037855051834,,
GE-E00991,1345,cellflip-oriented-SLSQP,research/geometric-extremal/search/area/experiments.jsonl,,,0.019671404364606456,,
GE-E00992,1345,cellflip-oriented-SLSQP,research/geometric-extremal/search/area/experiments.jsonl,,,0.015777036176494355,,
GE-E00993,1346,cellflip-oriented-SLSQP,research/geometric-extremal/search/area/experiments.jsonl,,,0.017868999431802004,,
GE-E00994,1346,cellflip-oriented-SLSQP,research/geometric-extremal/search/area/experiments.jsonl,,,0.015845632122011517,,
GE-E00995,1347,cellflip-oriented-SLSQP,research/geometric-extremal/search/area/experiments.jsonl,,,0.02078827987394752,,
GE-E00996,1347,cellflip-oriented-SLSQP,research/geometric-extremal/search/area/experiments.jsonl,,,0.012748513941281984,,
GE-E00997,1348,cellflip-oriented-SLSQP,research/geometric-extremal/search/area/experiments.jsonl,,,0.016721998383964196,,
GE-E00998,1348,cellflip-oriented-SLSQP,research/geometric-extremal/search/area/experiments.jsonl,,,0.019454604620247517,,
GE-E00999,1349,cellflip-oriented-SLSQP,research/geometric-extremal/search/area/experiments.jsonl,,,0.015488006189438769,,
GE-E01000,1349,cellflip-oriented-SLSQP,research/geometric-extremal/search/area/experiments.jsonl,,,0.017213974373916613,,
GE-E01001,1350,cellflip-oriented-SLSQP,research/geometric-extremal/search/area/experiments.jsonl,,,0.016494827536750706,,
GE-E01002,1350,cellflip-oriented-SLSQP,research/geometric-extremal/search/area/experiments.jsonl,,,0.021147486628975098,,
GE-E01003,1351,cellflip-oriented-SLSQP,research/geometric-extremal/search/area/experiments.jsonl,,,0.019583504460780835,,
GE-E01004,1351,cellflip-oriented-SLSQP,research/geometric-extremal/search/area/experiments.jsonl,,,0.014936683168211621,,
GE-E01005,1352,cellflip-oriented-SLSQP,research/geometric-extremal/search/area/experiments.jsonl,,,0.021181377222977957,,
GE-E01006,1352,cellflip-oriented-SLSQP,research/geometric-extremal/search/area/experiments.jsonl,,,0.019986384864472927,,
GE-E01007,1353,cellflip-oriented-SLSQP,research/geometric-extremal/search/area/experiments.jsonl,,,0.014803412965807143,,
GE-E01008,1353,cellflip-oriented-SLSQP,research/geometric-extremal/search/area/experiments.jsonl,,,0.015019815129465286,,
GE-E01009,1354,cellflip-oriented-SLSQP,research/geometric-extremal/search/area/experiments.jsonl,,,0.019583504460800132,,
GE-E01010,1354,cellflip-oriented-SLSQP,research/geometric-extremal/search/area/experiments.jsonl,,,0.014113040449065323,,
GE-E01011,1355,cellflip-oriented-SLSQP,research/geometric-extremal/search/area/experiments.jsonl,,,0.021181377222974637,,
GE-E01012,1355,cellflip-oriented-SLSQP,research/geometric-extremal/search/area/experiments.jsonl,,,0.019565129594038565,,
GE-E01013,1356,cellflip-oriented-SLSQP,research/geometric-extremal/search/area/experiments.jsonl,,,0.018556861243994593,,
GE-E01014,1356,cellflip-oriented-SLSQP,research/geometric-extremal/search/area/experiments.jsonl,,,0.017706598203069357,,
GE-E01015,1357,cellflip-oriented-SLSQP,research/geometric-extremal/search/area/experiments.jsonl,,,0.00908868253243563,,
GE-E01016,1357,cellflip-oriented-SLSQP,research/geometric-extremal/search/area/experiments.jsonl,,,0.02041119298061383,,
GE-E01017,1358,cellflip-oriented-SLSQP,research/geometric-extremal/search/area/experiments.jsonl,,,0.010837932715521793,,
GE-E01018,1358,cellflip-oriented-SLSQP,research/geometric-extremal/search/area/experiments.jsonl,,,0.019695656717650938,,
GE-E01019,1359,cellflip-oriented-SLSQP,research/geometric-extremal/search/area/experiments.jsonl,,,0.010837932715522528,,
GE-E01020,1359,cellflip-oriented-SLSQP,research/geometric-extremal/search/area/experiments.jsonl,,,0.016102503789702655,,
GE-E01021,1360,cellflip-oriented-SLSQP,research/geometric-extremal/search/area/experiments.jsonl,,,0.021248274492410246,,
GE-E01022,1360,cellflip-oriented-SLSQP,research/geometric-extremal/search/area/experiments.jsonl,,,0.01860975129364903,,
GE-E01023,1361,cellflip-oriented-SLSQP,research/geometric-extremal/search/area/experiments.jsonl,,,0.01579585619950685,,
GE-E01024,1361,cellflip-oriented-SLSQP,research/geometric-extremal/search/area/experiments.jsonl,,,0.017396950964864877,,
GE-E01025,1362,cellflip-oriented-SLSQP,research/geometric-extremal/search/area/experiments.jsonl,,,0.01764294321778795,,
GE-E01026,1362,cellflip-oriented-SLSQP,research/geometric-extremal/search/area/experiments.jsonl,,,0.014962472464492017,,
GE-E01027,1363,cellflip-oriented-SLSQP,research/geometric-extremal/search/area/experiments.jsonl,,,0.013850479515324796,,
GE-E01028,1363,cellflip-oriented-SLSQP,research/geometric-extremal/search/area/experiments.jsonl,,,0.011778129579467054,,
GE-E01029,1364,cellflip-oriented-SLSQP,research/geometric-extremal/search/area/experiments.jsonl,,,0.017316284932791835,,
GE-E01030,1364,cellflip-oriented-SLSQP,research/geometric-extremal/search/area/experiments.jsonl,,,0.017043006244895225,,
GE-E01031,1365,cellflip-oriented-SLSQP,research/geometric-extremal/search/area/experiments.jsonl,,,0.017848020033698352,,
GE-E01032,1365,cellflip-oriented-SLSQP,research/geometric-extremal/search/area/experiments.jsonl,,,0.020518171908083097,,
GE-E01033,1366,cellflip-oriented-SLSQP,research/geometric-extremal/search/area/experiments.jsonl,,,0.02118137722281312,,
GE-E01034,1366,cellflip-oriented-SLSQP,research/geometric-extremal/search/area/experiments.jsonl,,,0.01994977810529126,,
GE-E01035,1367,cellflip-oriented-SLSQP,research/geometric-extremal/search/area/experiments.jsonl,,,0.021248274492411477,,
GE-E01036,1367,cellflip-oriented-SLSQP,research/geometric-extremal/search/area/experiments.jsonl,,,0.019044087629023508,,
GE-E01037,1368,cellflip-oriented-SLSQP,research/geometric-extremal/search/area/experiments.jsonl,,,0.01958350446080346,,
GE-E01038,1368,cellflip-oriented-SLSQP,research/geometric-extremal/search/area/experiments.jsonl,,,0.011872325892318202,,
GE-E01039,1369,cellflip-oriented-SLSQP,research/geometric-extremal/search/area/experiments.jsonl,,,0.014803412965993391,,
GE-E01040,1369,cellflip-oriented-SLSQP,research/geometric-extremal/search/area/experiments.jsonl,,,0.01626528484566457,,
GE-E01041,1370,cellflip-oriented-SLSQP,research/geometric-extremal/search/area/experiments.jsonl,,,0.016332751657745472,,
GE-E01042,1370,cellflip-oriented-SLSQP,research/geometric-extremal/search/area/experiments.jsonl,,,0.009939673867501499,,
GE-E01043,1371,cellflip-oriented-SLSQP,research/geometric-extremal/search/area/experiments.jsonl,,,0.013850479515367652,,
GE-E01044,1371,cellflip-oriented-SLSQP,research/geometric-extremal/search/area/experiments.jsonl,,,0.01943449054477061,,
GE-E01045,1372,cellflip-oriented-SLSQP,research/geometric-extremal/search/area/experiments.jsonl,,,0.021614174660356398,,
GE-E01046,1372,cellflip-oriented-SLSQP,research/geometric-extremal/search/area/experiments.jsonl,,,0.019225712835160357,,
GE-E01047,1373,cellflip-oriented-SLSQP,research/geometric-extremal/search/area/experiments.jsonl,,,0.014178191907954447,,
GE-E01048,1373,cellflip-oriented-SLSQP,research/geometric-extremal/search/area/experiments.jsonl,,,0.014858572755433338,,
GE-E01049,1374,cellflip-oriented-SLSQP,research/geometric-extremal/search/area/experiments.jsonl,,,0.012151074560715963,,
GE-E01050,1374,cellflip-oriented-SLSQP,research/geometric-extremal/search/area/experiments.jsonl,,,0.02014572934047937,,
GE-E01051,1375,cellflip-oriented-SLSQP,research/geometric-extremal/search/area/experiments.jsonl,,,0.016967128164227196,,
GE-E01052,1375,cellflip-oriented-SLSQP,research/geometric-extremal/search/area/experiments.jsonl,,,0.015057327965595448,,
GE-E01053,1376,cellflip-oriented-SLSQP,research/geometric-extremal/search/area/experiments.jsonl,,,0.014355467175325981,,
GE-E01054,1376,cellflip-oriented-SLSQP,research/geometric-extremal/search/area/experiments.jsonl,,,0.01724226515660888,,
GE-E01055,1377,cellflip-oriented-SLSQP,research/geometric-extremal/search/area/experiments.jsonl,,,0.017592907885842363,,
GE-E01056,1377,cellflip-oriented-SLSQP,research/geometric-extremal/search/area/experiments.jsonl,,,0.016182121754897007,,
GE-E01057,1378,cellflip-oriented-SLSQP,research/geometric-extremal/search/area/experiments.jsonl,,,0.02103231352672774,,
GE-E01058,1378,cellflip-oriented-SLSQP,research/geometric-extremal/search/area/experiments.jsonl,,,0.01960649487376307,,
GE-E01059,1379,cellflip-oriented-SLSQP,research/geometric-extremal/search/area/experiments.jsonl,,,0.018027004213374095,,
GE-E01060,1379,cellflip-oriented-SLSQP,research/geometric-extremal/search/area/experiments.jsonl,,,0.018130826894103808,,
GE-E01061,1380,cellflip-oriented-SLSQP,research/geometric-extremal/search/area/experiments.jsonl,,,0.01068378727498735,,
GE-E01062,1380,cellflip-oriented-SLSQP,research/geometric-extremal/search/area/experiments.jsonl,,,0.016204632263686604,,
GE-E01063,1381,cellflip-oriented-SLSQP,research/geometric-extremal/search/area/experiments.jsonl,,,0.015259522704966229,,
GE-E01064,1381,cellflip-oriented-SLSQP,research/geometric-extremal/search/area/experiments.jsonl,,,0.01081080110178622,,
GE-E01065,1382,cellflip-oriented-SLSQP,research/geometric-extremal/search/area/experiments.jsonl,,,0.01678793390924389,,
GE-E01066,1382,cellflip-oriented-SLSQP,research/geometric-extremal/search/area/experiments.jsonl,,,0.010236426283613643,,
GE-E01067,1383,cellflip-oriented-SLSQP,research/geometric-extremal/search/area/experiments.jsonl,,,0.02027131849247302,,
GE-E01068,1383,cellflip-oriented-SLSQP,research/geometric-extremal/search/area/experiments.jsonl,,,0.02012733134593644,,
GE-E01069,1384,cellflip-oriented-SLSQP,research/geometric-extremal/search/area/experiments.jsonl,,,0.014803412965786657,,
GE-E01070,1384,cellflip-oriented-SLSQP,research/geometric-extremal/search/area/experiments.jsonl,,,0.01952229598573136,,
GE-E01071,1385,cellflip-oriented-SLSQP,research/geometric-extremal/search/area/experiments.jsonl,,,0.015244918211832513,,
GE-E01072,1385,cellflip-oriented-SLSQP,research/geometric-extremal/search/area/experiments.jsonl,,,0.016287742817284966,,
GE-E01073,1386,cellflip-oriented-SLSQP,research/geometric-extremal/search/area/experiments.jsonl,,,0.01733401802040379,,
GE-E01074,1386,cellflip-oriented-SLSQP,research/geometric-extremal/search/area/experiments.jsonl,,,0.019741697921135257,,
GE-E01075,1387,cellflip-oriented-SLSQP,research/geometric-extremal/search/area/experiments.jsonl,,,0.01644706429404348,,
GE-E01076,1387,cellflip-oriented-SLSQP,research/geometric-extremal/search/area/experiments.jsonl,,,0.015877105652186193,,
GE-E01077,1388,cellflip-oriented-SLSQP,research/geometric-extremal/search/area/experiments.jsonl,,,0.016954029006175757,,
GE-E01078,1388,cellflip-oriented-SLSQP,research/geometric-extremal/search/area/experiments.jsonl,,,0.012255660283532978,,
GE-E01079,1389,cellflip-oriented-SLSQP,research/geometric-extremal/search/area/experiments.jsonl,,,0.01623640503484095,,
GE-E01080,1389,cellflip-oriented-SLSQP,research/geometric-extremal/search/area/experiments.jsonl,,,0.018574787694625415,,
GE-E01081,1390,cellflip-oriented-SLSQP,research/geometric-extremal/search/area/experiments.jsonl,,,0.01796336788647116,,
GE-E01082,1390,cellflip-oriented-SLSQP,research/geometric-extremal/search/area/experiments.jsonl,,,0.017071012395542366,,
GE-E01083,1391,cellflip-oriented-SLSQP,research/geometric-extremal/search/area/experiments.jsonl,,,0.013390235996338349,,
GE-E01084,1391,cellflip-oriented-SLSQP,research/geometric-extremal/search/area/experiments.jsonl,,,0.014974327203350964,,
GE-E01085,1392,cellflip-oriented-SLSQP,research/geometric-extremal/search/area/experiments.jsonl,,,0.01086967945734165,,
GE-E01086,1392,cellflip-oriented-SLSQP,research/geometric-extremal/search/area/experiments.jsonl,,,0.020015937265784794,,
GE-E01087,1393,cellflip-oriented-SLSQP,research/geometric-extremal/search/area/experiments.jsonl,,,0.021614174660359826,,
GE-E01088,1393,cellflip-oriented-SLSQP,research/geometric-extremal/search/area/experiments.jsonl,,,0.01907621826951525,,
GE-E01089,1394,cellflip-oriented-SLSQP,research/geometric-extremal/search/area/experiments.jsonl,,,0.017642943218047765,,
GE-E01090,1394,cellflip-oriented-SLSQP,research/geometric-extremal/search/area/experiments.jsonl,,,0.018809409751510422,,
GE-E01091,1395,cellflip-oriented-SLSQP,research/geometric-extremal/search/area/experiments.jsonl,,,0.010742251540245646,,
GE-E01092,1395,cellflip-oriented-SLSQP,research/geometric-extremal/search/area/experiments.jsonl,,,0.018541082488445108,,
GE-E01093,1396,cellflip-oriented-SLSQP,research/geometric-extremal/search/area/experiments.jsonl,,,0.016999026058467148,,
GE-E01094,1396,cellflip-oriented-SLSQP,research/geometric-extremal/search/area/experiments.jsonl,,,0.018927135960486875,,
GE-E01095,1397,cellflip-oriented-SLSQP,research/geometric-extremal/search/area/experiments.jsonl,,,0.013736368732041147,,
GE-E01096,1397,cellflip-oriented-SLSQP,research/geometric-extremal/search/area/experiments.jsonl,,,0.021164349475908038,,
GE-E01097,1398,cellflip-oriented-SLSQP,research/geometric-extremal/search/area/experiments.jsonl,,,0.015301883758620077,,
GE-E01098,1398,cellflip-oriented-SLSQP,research/geometric-extremal/search/area/experiments.jsonl,,,0.018650342618483,,
GE-E01099,1399,cellflip-oriented-SLSQP,research/geometric-extremal/search/area/experiments.jsonl,,,0.01548384714530968,,
GE-E01100,1399,cellflip-oriented-SLSQP,research/geometric-extremal/search/area/experiments.jsonl,,,0.017624478795578102,,
GE-E01101,1400,cellflip-oriented-SLSQP,research/geometric-extremal/search/area/experiments.jsonl,,,0.02224152833827543,,
GE-E01102,1400,cellflip-oriented-SLSQP,research/geometric-extremal/search/area/experiments.jsonl,,,0.019668394023964,,
GE-E01103,1401,cellflip-oriented-SLSQP,research/geometric-extremal/search/area/experiments.jsonl,,,0.01749100045394982,,
GE-E01104,1401,cellflip-oriented-SLSQP,research/geometric-extremal/search/area/experiments.jsonl,,,0.010597759161425196,,
GE-E01105,1402,cellflip-oriented-SLSQP,research/geometric-extremal/search/area/experiments.jsonl,,,0.015752543107585205,,
GE-E01106,1402,cellflip-oriented-SLSQP,research/geometric-extremal/search/area/experiments.jsonl,,,0.016757214257810828,,
GE-E01107,1403,cellflip-oriented-SLSQP,research/geometric-extremal/search/area/experiments.jsonl,,,0.018439247675115285,,
GE-E01108,1403,cellflip-oriented-SLSQP,research/geometric-extremal/search/area/experiments.jsonl,,,0.02024150446006255,,
GE-E01109,1404,cellflip-oriented-SLSQP,research/geometric-extremal/search/area/experiments.jsonl,,,0.016865667410780057,,
GE-E01110,1404,cellflip-oriented-SLSQP,research/geometric-extremal/search/area/experiments.jsonl,,,0.015862710097462027,,
GE-E01111,1405,cellflip-oriented-SLSQP,research/geometric-extremal/search/area/experiments.jsonl,,,0.013559674065214548,,
GE-E01112,1405,cellflip-oriented-SLSQP,research/geometric-extremal/search/area/experiments.jsonl,,,0.015678474252117873,,
GE-E01113,1406,cellflip-oriented-SLSQP,research/geometric-extremal/search/area/experiments.jsonl,,,0.01764294321800579,,
GE-E01114,1406,cellflip-oriented-SLSQP,research/geometric-extremal/search/area/experiments.jsonl,,,0.02141143455319407,,
GE-E01115,1407,cellflip-oriented-SLSQP,research/geometric-extremal/search/area/experiments.jsonl,,,0.0194506853338368,,
GE-E01116,1407,cellflip-oriented-SLSQP,research/geometric-extremal/search/area/experiments.jsonl,,,0.019930060316196027,,
GE-E01117,1408,cellflip-oriented-SLSQP,research/geometric-extremal/search/area/experiments.jsonl,,,0.016029215825816557,,
GE-E01118,1408,cellflip-oriented-SLSQP,research/geometric-extremal/search/area/experiments.jsonl,,,0.01835821015671426,,
GE-E01119,1409,cellflip-oriented-SLSQP,research/geometric-extremal/search/area/experiments.jsonl,,,0.015475558246175249,,
GE-E01120,1409,cellflip-oriented-SLSQP,research/geometric-extremal/search/area/experiments.jsonl,,,0.020250690879134857,,
GE-E01121,1410,cellflip-oriented-SLSQP,research/geometric-extremal/search/area/experiments.jsonl,,,0.01569749816453442,,
GE-E01122,1410,cellflip-oriented-SLSQP,research/geometric-extremal/search/area/experiments.jsonl,,,0.01606648601816857,,
GE-E01123,1411,cellflip-oriented-SLSQP,research/geometric-extremal/search/area/experiments.jsonl,,,0.01167012810835836,,
GE-E01124,1411,cellflip-oriented-SLSQP,research/geometric-extremal/search/area/experiments.jsonl,,,0.019144782928600584,,
GE-E01125,1412,cellflip-oriented-SLSQP,research/geometric-extremal/search/area/experiments.jsonl,,,0.01622880668675124,,
GE-E01126,1412,cellflip-oriented-SLSQP,research/geometric-extremal/search/area/experiments.jsonl,,,0.017877160804466715,,
GE-E01127,1413,cellflip-oriented-SLSQP,research/geometric-extremal/search/area/experiments.jsonl,,,0.014359284957015845,,
GE-E01128,1413,cellflip-oriented-SLSQP,research/geometric-extremal/search/area/experiments.jsonl,,,0.018075259421904032,,
GE-E01129,1414,cellflip-oriented-SLSQP,research/geometric-extremal/search/area/experiments.jsonl,,,0.012935471380827842,,
GE-E01130,1414,cellflip-oriented-SLSQP,research/geometric-extremal/search/area/experiments.jsonl,,,0.01596184492394395,,
GE-E01131,1415,cellflip-oriented-SLSQP,research/geometric-extremal/search/area/experiments.jsonl,,,0.02159773328502446,,
GE-E01132,1415,cellflip-oriented-SLSQP,research/geometric-extremal/search/area/experiments.jsonl,,,0.019792553468653714,,
GE-E01133,1416,cellflip-oriented-SLSQP,research/geometric-extremal/search/area/experiments.jsonl,,,0.014683250577101993,,
GE-E01134,1416,cellflip-oriented-SLSQP,research/geometric-extremal/search/area/experiments.jsonl,,,0.01770091543895554,,
GE-E01135,1417,cellflip-oriented-SLSQP,research/geometric-extremal/search/area/experiments.jsonl,,,0.015148875007140608,,
GE-E01136,1417,cellflip-oriented-SLSQP,research/geometric-extremal/search/area/experiments.jsonl,,,0.020076931637372272,,
GE-E01137,1418,cellflip-oriented-SLSQP,research/geometric-extremal/search/area/experiments.jsonl,,,0.013109439141381796,,
GE-E01138,1418,cellflip-oriented-SLSQP,research/geometric-extremal/search/area/experiments.jsonl,,,0.020395866781785548,,
GE-E01139,1419,cellflip-oriented-SLSQP,research/geometric-extremal/search/area/experiments.jsonl,,,0.013734874879023086,,
GE-E01140,1419,cellflip-oriented-SLSQP,research/geometric-extremal/search/area/experiments.jsonl,,,0.016788075652280767,,
GE-E01141,1420,cellflip-oriented-SLSQP,research/geometric-extremal/search/area/experiments.jsonl,,,0.021607818283839113,,
GE-E01142,1420,cellflip-oriented-SLSQP,research/geometric-extremal/search/area/experiments.jsonl,,,0.01890371823449919,,
GE-E01143,1421,cellflip-oriented-SLSQP,research/geometric-extremal/search/area/experiments.jsonl,,,0.013109439141407006,,
GE-E01144,1421,cellflip-oriented-SLSQP,research/geometric-extremal/search/area/experiments.jsonl,,,0.017666909821094888,,
GE-E01145,1422,cellflip-oriented-SLSQP,research/geometric-extremal/search/area/experiments.jsonl,,,0.017223391038271602,,
GE-E01146,1422,cellflip-oriented-SLSQP,research/geometric-extremal/search/area/experiments.jsonl,,,0.019900292570877238,,
GE-E01147,1423,cellflip-oriented-SLSQP,research/geometric-extremal/search/area/experiments.jsonl,,,0.017452914205006043,,
GE-E01148,1423,cellflip-oriented-SLSQP,research/geometric-extremal/search/area/experiments.jsonl,,,0.020042907344757534,,
GE-E01149,1424,cellflip-oriented-SLSQP,research/geometric-extremal/search/area/experiments.jsonl,,,0.017600077258404543,,
GE-E01150,1424,cellflip-oriented-SLSQP,research/geometric-extremal/search/area/experiments.jsonl,,,0.01851976795433994,,
GE-E01151,1425,cellflip-oriented-SLSQP,research/geometric-extremal/search/area/experiments.jsonl,,,0.01481514946852488,,
GE-E01152,1425,cellflip-oriented-SLSQP,research/geometric-extremal/search/area/experiments.jsonl,,,0.01643289334967413,,
GE-E01153,1426,cellflip-oriented-SLSQP,research/geometric-extremal/search/area/experiments.jsonl,,,0.013109439141413638,,
GE-E01154,1426,cellflip-oriented-SLSQP,research/geometric-extremal/search/area/experiments.jsonl,,,0.01606648601817972,,
GE-E01155,1427,cellflip-oriented-SLSQP,research/geometric-extremal/search/area/experiments.jsonl,,,0.017538169583407235,,
GE-E01156,1427,cellflip-oriented-SLSQP,research/geometric-extremal/search/area/experiments.jsonl,,,0.01964642074883981,,
GE-E01157,1428,cellflip-oriented-SLSQP,research/geometric-extremal/search/area/experiments.jsonl,,,0.018229875420157325,,
GE-E01158,1428,cellflip-oriented-SLSQP,research/geometric-extremal/search/area/experiments.jsonl,,,0.010105916864670094,,
GE-E01159,1429,cellflip-oriented-SLSQP,research/geometric-extremal/search/area/experiments.jsonl,,,0.013384779576491089,,
GE-E01160,1429,cellflip-oriented-SLSQP,research/geometric-extremal/search/area/experiments.jsonl,,,0.024485588584363158,,
GE-E01161,1430,cellflip-oriented-SLSQP,research/geometric-extremal/search/area/experiments.jsonl,,,0.018657980707735413,,
GE-E01162,1430,cellflip-oriented-SLSQP,research/geometric-extremal/search/area/experiments.jsonl,,,0.020350538492680207,,
GE-E01163,1431,cellflip-oriented-SLSQP,research/geometric-extremal/search/area/experiments.jsonl,,,0.014683250577151963,,
GE-E01164,1431,cellflip-oriented-SLSQP,research/geometric-extremal/search/area/experiments.jsonl,,,0.011652519520032188,,
GE-E01165,1432,cellflip-oriented-SLSQP,research/geometric-extremal/search/area/experiments.jsonl,,,0.01198433412359955,,
GE-E01166,1432,cellflip-oriented-SLSQP,research/geometric-extremal/search/area/experiments.jsonl,,,0.017657234973852687,,
GE-E01167,1433,cellflip-oriented-SLSQP,research/geometric-extremal/search/area/experiments.jsonl,,,0.00999806529739986,,
GE-E01168,1433,cellflip-oriented-SLSQP,research/geometric-extremal/search/area/experiments.jsonl,,,0.009244216224578057,,
GE-E01169,1434,cellflip-oriented-SLSQP,research/geometric-extremal/search/area/experiments.jsonl,,,0.012279332816304896,,
GE-E01170,1434,cellflip-oriented-SLSQP,research/geometric-extremal/search/area/experiments.jsonl,,,0.015532231429001122,,
GE-E01171,1435,cellflip-oriented-SLSQP,research/geometric-extremal/search/area/experiments.jsonl,,,0.017511846605999835,,
GE-E01172,1435,cellflip-oriented-SLSQP,research/geometric-extremal/search/area/experiments.jsonl,,,0.01678807565225767,,
GE-E01173,1436,cellflip-oriented-SLSQP,research/geometric-extremal/search/area/experiments.jsonl,,,0.023497197916270682,,
GE-E01174,1436,cellflip-oriented-SLSQP,research/geometric-extremal/search/area/experiments.jsonl,,,0.019914477401273407,,
GE-E01175,1437,cellflip-oriented-SLSQP,research/geometric-extremal/search/area/experiments.jsonl,,,0.013741337980039667,,
GE-E01176,1437,cellflip-oriented-SLSQP,research/geometric-extremal/search/area/experiments.jsonl,,,0.01726953845741422,,
GE-E01177,1438,cellflip-oriented-SLSQP,research/geometric-extremal/search/area/experiments.jsonl,,,0.01937618778133082,,
GE-E01178,1438,cellflip-oriented-SLSQP,research/geometric-extremal/search/area/experiments.jsonl,,,0.01729809224109067,,
GE-E01179,1439,cellflip-oriented-SLSQP,research/geometric-extremal/search/area/experiments.jsonl,,,0.017762031829226987,,
GE-E01180,1439,cellflip-oriented-SLSQP,research/geometric-extremal/search/area/experiments.jsonl,,,0.014127167779136257,,
GE-E01181,1440,cellflip-oriented-SLSQP,research/geometric-extremal/search/area/experiments.jsonl,,,0.016911418805064065,,
GE-E01182,1440,cellflip-oriented-SLSQP,research/geometric-extremal/search/area/experiments.jsonl,,,0.015506480754816641,,
GE-E01183,1441,cellflip-oriented-SLSQP,research/geometric-extremal/search/area/experiments.jsonl,,,0.0157698772132369,,
GE-E01184,1441,cellflip-oriented-SLSQP,research/geometric-extremal/search/area/experiments.jsonl,,,0.01022578374340327,,
GE-E01185,1442,cellflip-oriented-SLSQP,research/geometric-extremal/search/area/experiments.jsonl,,,0.017452914205026766,,
GE-E01186,1442,cellflip-oriented-SLSQP,research/geometric-extremal/search/area/experiments.jsonl,,,0.013263284155438744,,
GE-E01187,1443,cellflip-oriented-SLSQP,research/geometric-extremal/search/area/experiments.jsonl,,,0.013619317390759627,,
GE-E01188,1443,cellflip-oriented-SLSQP,research/geometric-extremal/search/area/experiments.jsonl,,,0.01767515887688719,,
GE-E01189,1444,cellflip-oriented-SLSQP,research/geometric-extremal/search/area/experiments.jsonl,,,0.01742436544737922,,
GE-E01190,1444,cellflip-oriented-SLSQP,research/geometric-extremal/search/area/experiments.jsonl,,,0.012161258405731415,,
GE-E01191,1445,cellflip-oriented-SLSQP,research/geometric-extremal/search/area/experiments.jsonl,,,0.020227312869393364,,
GE-E01192,1445,cellflip-oriented-SLSQP,research/geometric-extremal/search/area/experiments.jsonl,,,0.01869396152454974,,
GE-E01193,1446,cellflip-oriented-SLSQP,research/geometric-extremal/search/area/experiments.jsonl,,,0.020788279874010687,,
GE-E01194,1446,cellflip-oriented-SLSQP,research/geometric-extremal/search/area/experiments.jsonl,,,0.018187821364886586,,
GE-E01195,1447,cellflip-oriented-SLSQP,research/geometric-extremal/search/area/experiments.jsonl,,,0.015758108262186127,,
GE-E01196,1447,cellflip-oriented-SLSQP,research/geometric-extremal/search/area/experiments.jsonl,,,0.015877559650790195,,
GE-E01197,1448,cellflip-oriented-SLSQP,research/geometric-extremal/search/area/experiments.jsonl,,,0.02092879582691334,,
GE-E01198,1448,cellflip-oriented-SLSQP,research/geometric-extremal/search/area/experiments.jsonl,,,0.0156725576025593,,
GE-E01199,1449,cellflip-oriented-SLSQP,research/geometric-extremal/search/area/experiments.jsonl,,,0.01164253377693098,,
GE-E01200,1449,cellflip-oriented-SLSQP,research/geometric-extremal/search/area/experiments.jsonl,,,0.016460911326043094,,
GE-E01201,1450,cellflip-oriented-SLSQP,research/geometric-extremal/search/area/experiments.jsonl,,,0.019583504460564408,,
GE-E01202,1450,cellflip-oriented-SLSQP,research/geometric-extremal/search/area/experiments.jsonl,,,0.01157883027535878,,
GE-E01203,1451,cellflip-oriented-SLSQP,research/geometric-extremal/search/area/experiments.jsonl,,,0.019880344556565344,,
GE-E01204,1451,cellflip-oriented-SLSQP,research/geometric-extremal/search/area/experiments.jsonl,,,0.01587478864014793,,
GE-E01205,1452,cellflip-oriented-SLSQP,research/geometric-extremal/search/area/experiments.jsonl,,,0.016978403441139774,,
GE-E01206,1452,cellflip-oriented-SLSQP,research/geometric-extremal/search/area/experiments.jsonl,,,0.017845120733515542,,
GE-E01207,1453,cellflip-oriented-SLSQP,research/geometric-extremal/search/area/experiments.jsonl,,,0.016872474629176484,,
GE-E01208,1453,cellflip-oriented-SLSQP,research/geometric-extremal/search/area/experiments.jsonl,,,0.017409389008847493,,
GE-E01209,1454,cellflip-oriented-SLSQP,research/geometric-extremal/search/area/experiments.jsonl,,,0.016705525064776773,,
GE-E01210,1454,cellflip-oriented-SLSQP,research/geometric-extremal/search/area/experiments.jsonl,,,0.019552697328998184,,
GE-E01211,1455,cellflip-oriented-SLSQP,research/geometric-extremal/search/area/experiments.jsonl,,,0.0198267558898502,,
GE-E01212,1455,cellflip-oriented-SLSQP,research/geometric-extremal/search/area/experiments.jsonl,,,0.01233725195626387,,
GE-E01213,1456,cellflip-oriented-SLSQP,research/geometric-extremal/search/area/experiments.jsonl,,,0.014803412965790508,,
GE-E01214,1456,cellflip-oriented-SLSQP,research/geometric-extremal/search/area/experiments.jsonl,,,0.01707361434237708,,
GE-E01215,1457,cellflip-oriented-SLSQP,research/geometric-extremal/search/area/experiments.jsonl,,,0.012600960590497035,,
GE-E01216,1457,cellflip-oriented-SLSQP,research/geometric-extremal/search/area/experiments.jsonl,,,0.01667712008119439,,
GE-E01217,1458,cellflip-oriented-SLSQP,research/geometric-extremal/search/area/experiments.jsonl,,,0.010849330198885721,,
GE-E01218,1458,cellflip-oriented-SLSQP,research/geometric-extremal/search/area/experiments.jsonl,,,0.01698195570876069,,
GE-E01219,1459,cellflip-oriented-SLSQP,research/geometric-extremal/search/area/experiments.jsonl,,,0.01972160454782542,,
GE-E01220,1459,cellflip-oriented-SLSQP,research/geometric-extremal/search/area/experiments.jsonl,,,0.011194964649882115,,
GE-E01221,1460,cellflip-oriented-SLSQP,research/geometric-extremal/search/area/experiments.jsonl,,,0.01661204758236152,,
GE-E01222,1460,cellflip-oriented-SLSQP,research/geometric-extremal/search/area/experiments.jsonl,,,0.022304323694606203,,
GE-E01223,1461,cellflip-oriented-SLSQP,research/geometric-extremal/search/area/experiments.jsonl,,,0.01629082156898064,,
GE-E01224,1461,cellflip-oriented-SLSQP,research/geometric-extremal/search/area/experiments.jsonl,,,0.02079866501191912,,
GE-E01225,1462,cellflip-oriented-SLSQP,research/geometric-extremal/search/area/experiments.jsonl,,,0.019277031198888458,,
GE-E01226,1462,cellflip-oriented-SLSQP,research/geometric-extremal/search/area/experiments.jsonl,,,0.017485990731474384,,
GE-E01227,1463,cellflip-oriented-SLSQP,research/geometric-extremal/search/area/experiments.jsonl,,,0.020257096596133763,,
GE-E01228,1463,cellflip-oriented-SLSQP,research/geometric-extremal/search/area/experiments.jsonl,,,0.017093926393857893,,
GE-E01229,1464,cellflip-oriented-SLSQP,research/geometric-extremal/search/area/experiments.jsonl,,,0.018267557390235164,,
GE-E01230,1464,cellflip-oriented-SLSQP,research/geometric-extremal/search/area/experiments.jsonl,,,0.01740058643446285,,
GE-E01231,1465,cellflip-oriented-SLSQP,research/geometric-extremal/search/area/experiments.jsonl,,,0.017220061475556363,,
GE-E01232,1465,cellflip-oriented-SLSQP,research/geometric-extremal/search/area/experiments.jsonl,,,0.01617886395725483,,
GE-E01233,1466,cellflip-oriented-SLSQP,research/geometric-extremal/search/area/experiments.jsonl,,,0.010558232091559665,,
GE-E01234,1466,cellflip-oriented-SLSQP,research/geometric-extremal/search/area/experiments.jsonl,,,0.01633023570457674,,
GE-E01235,1467,cellflip-oriented-SLSQP,research/geometric-extremal/search/area/experiments.jsonl,,,0.016120301978771498,,
GE-E01236,1467,cellflip-oriented-SLSQP,research/geometric-extremal/search/area/experiments.jsonl,,,0.016418595370294307,,
GE-E01237,1468,cellflip-oriented-SLSQP,research/geometric-extremal/search/area/experiments.jsonl,,,0.018467992147682265,,
GE-E01238,1468,cellflip-oriented-SLSQP,research/geometric-extremal/search/area/experiments.jsonl,,,0.016762587827400685,,
GE-E01239,1469,cellflip-oriented-SLSQP,research/geometric-extremal/search/area/experiments.jsonl,,,0.011404693920585317,,
GE-E01240,1469,cellflip-oriented-SLSQP,research/geometric-extremal/search/area/experiments.jsonl,,,0.01222338354225209,,
GE-E01241,1470,cellflip-oriented-SLSQP,research/geometric-extremal/search/area/experiments.jsonl,,,0.015459768372369877,,
GE-E01242,1470,cellflip-oriented-SLSQP,research/geometric-extremal/search/area/experiments.jsonl,,,0.01809409456761429,,
GE-E01243,1471,cellflip-oriented-SLSQP,research/geometric-extremal/search/area/experiments.jsonl,,,0.021405191306758425,,
GE-E01244,1471,cellflip-oriented-SLSQP,research/geometric-extremal/search/area/experiments.jsonl,,,0.013774112475656698,,
GE-E01245,1472,cellflip-oriented-SLSQP,research/geometric-extremal/search/area/experiments.jsonl,,,0.012931878717961474,,
GE-E01246,1472,cellflip-oriented-SLSQP,research/geometric-extremal/search/area/experiments.jsonl,,,0.016600990760466793,,
GE-E01247,1473,cellflip-oriented-SLSQP,research/geometric-extremal/search/area/experiments.jsonl,,,0.013524630529526807,,
GE-E01248,1473,cellflip-oriented-SLSQP,research/geometric-extremal/search/area/experiments.jsonl,,,0.013173370177088327,,
GE-E01249,1474,cellflip-oriented-SLSQP,research/geometric-extremal/search/area/experiments.jsonl,,,0.012571357113976568,,
GE-E01250,1474,cellflip-oriented-SLSQP,research/geometric-extremal/search/area/experiments.jsonl,,,0.018523722364027724,,
GE-E01251,1475,cellflip-oriented-SLSQP,research/geometric-extremal/search/area/experiments.jsonl,,,0.014841027639406468,,
GE-E01252,1475,cellflip-oriented-SLSQP,research/geometric-extremal/search/area/experiments.jsonl,,,0.017675158877068293,,
GE-E01253,1476,cellflip-oriented-SLSQP,research/geometric-extremal/search/area/experiments.jsonl,,,0.01937618778139251,,
GE-E01254,1476,cellflip-oriented-SLSQP,research/geometric-extremal/search/area/experiments.jsonl,,,0.01646091132599641,,
GE-E01255,1477,cellflip-oriented-SLSQP,research/geometric-extremal/search/area/experiments.jsonl,,,0.013409201025788174,,
GE-E01256,1477,cellflip-oriented-SLSQP,research/geometric-extremal/search/area/experiments.jsonl,,,0.019597077158368583,,
GE-E01257,1478,cellflip-oriented-SLSQP,research/geometric-extremal/search/area/experiments.jsonl,,,0.02319044565281088,,
GE-E01258,1478,cellflip-oriented-SLSQP,research/geometric-extremal/search/area/experiments.jsonl,,,0.017238693459247747,,
GE-E01259,1479,cellflip-oriented-SLSQP,research/geometric-extremal/search/area/experiments.jsonl,,,0.017491000453962215,,
GE-E01260,1479,cellflip-oriented-SLSQP,research/geometric-extremal/search/area/experiments.jsonl,,,0.01662559803593855,,
GE-E01261,1480,cellflip-oriented-SLSQP,research/geometric-extremal/search/area/experiments.jsonl,,,0.015457920205217593,,
GE-E01262,1480,cellflip-oriented-SLSQP,research/geometric-extremal/search/area/experiments.jsonl,,,0.01753143313617545,,
GE-E01263,1481,cellflip-oriented-SLSQP,research/geometric-extremal/search/area/experiments.jsonl,,,0.01875639728489414,,
GE-E01264,1481,cellflip-oriented-SLSQP,research/geometric-extremal/search/area/experiments.jsonl,,,0.017857713950875417,,
GE-E01265,1482,cellflip-oriented-SLSQP,research/geometric-extremal/search/area/experiments.jsonl,,,0.015661063712588033,,
GE-E01266,1482,cellflip-oriented-SLSQP,research/geometric-extremal/search/area/experiments.jsonl,,,0.017332933508885533,,
GE-E01267,1483,cellflip-oriented-SLSQP,research/geometric-extremal/search/area/experiments.jsonl,,,0.02085356931070024,,
GE-E01268,1483,cellflip-oriented-SLSQP,research/geometric-extremal/search/area/experiments.jsonl,,,0.01197447892217992,,
GE-E01269,1484,cellflip-oriented-SLSQP,research/geometric-extremal/search/area/experiments.jsonl,,,0.012929633074969261,,
GE-E01270,1484,cellflip-oriented-SLSQP,research/geometric-extremal/search/area/experiments.jsonl,,,0.015083419902385896,,
GE-E01271,1485,cellflip-oriented-SLSQP,research/geometric-extremal/search/area/experiments.jsonl,,,0.014445525648162422,,
GE-E01272,1485,cellflip-oriented-SLSQP,research/geometric-extremal/search/area/experiments.jsonl,,,0.019625734044017986,,
GE-E01273,1486,cellflip-oriented-SLSQP,research/geometric-extremal/search/area/experiments.jsonl,,,0.014261604967931435,,
GE-E01274,1486,cellflip-oriented-SLSQP,research/geometric-extremal/search/area/experiments.jsonl,,,0.014974327203261684,,
GE-E01275,1487,cellflip-oriented-SLSQP,research/geometric-extremal/search/area/experiments.jsonl,,,0.015876732373058037,,
GE-E01276,1487,cellflip-oriented-SLSQP,research/geometric-extremal/search/area/experiments.jsonl,,,0.018550190319086307,,
GE-E01277,1488,cellflip-oriented-SLSQP,research/geometric-extremal/search/area/experiments.jsonl,,,0.014554596694046507,,
GE-E01278,1488,cellflip-oriented-SLSQP,research/geometric-extremal/search/area/experiments.jsonl,,,0.01741388238955814,,
GE-E01279,1489,cellflip-oriented-SLSQP,research/geometric-extremal/search/area/experiments.jsonl,,,0.015467409214197939,,
GE-E01280,1489,cellflip-oriented-SLSQP,research/geometric-extremal/search/area/experiments.jsonl,,,0.01332183093252982,,
GE-E01281,1490,cellflip-oriented-SLSQP,research/geometric-extremal/search/area/experiments.jsonl,,,0.014635680665229512,,
GE-E01282,1490,cellflip-oriented-SLSQP,research/geometric-extremal/search/area/experiments.jsonl,,,0.017519160856754708,,
GE-E01283,1491,cellflip-oriented-SLSQP,research/geometric-extremal/search/area/experiments.jsonl,,,0.013143868343776377,,
GE-E01284,1491,cellflip-oriented-SLSQP,research/geometric-extremal/search/area/experiments.jsonl,,,0.018369465330537044,,
GE-E01285,1492,cellflip-oriented-SLSQP,research/geometric-extremal/search/area/experiments.jsonl,,,0.01667504555522216,,
GE-E01286,1492,cellflip-oriented-SLSQP,research/geometric-extremal/search/area/experiments.jsonl,,,0.013312225740864079,,
GE-E01287,1493,cellflip-oriented-SLSQP,research/geometric-extremal/search/area/experiments.jsonl,,,0.023775773107345563,,
GE-E01288,1493,cellflip-oriented-SLSQP,research/geometric-extremal/search/area/experiments.jsonl,,,0.01921694287484528,,
GE-E01289,1494,cellflip-oriented-SLSQP,research/geometric-extremal/search/area/experiments.jsonl,,,0.020227312869398148,,
GE-E01290,1494,cellflip-oriented-SLSQP,research/geometric-extremal/search/area/experiments.jsonl,,,0.01624790301199021,,
GE-E01291,1495,cellflip-oriented-SLSQP,research/geometric-extremal/search/area/experiments.jsonl,,,0.01046247864025647,,
GE-E01292,1495,cellflip-oriented-SLSQP,research/geometric-extremal/search/area/experiments.jsonl,,,0.017093926394132257,,
GE-E01293,1496,cellflip-oriented-SLSQP,research/geometric-extremal/search/area/experiments.jsonl,,,0.01435819817737074,,
GE-E01294,1496,cellflip-oriented-SLSQP,research/geometric-extremal/search/area/experiments.jsonl,,,0.01876877029542204,,
GE-E01295,1497,cellflip-oriented-SLSQP,research/geometric-extremal/search/area/experiments.jsonl,,,0.018145094194899274,,
GE-E01296,1497,cellflip-oriented-SLSQP,research/geometric-extremal/search/area/experiments.jsonl,,,0.016129587826599245,,
GE-E01297,1498,cellflip-oriented-SLSQP,research/geometric-extremal/search/area/experiments.jsonl,,,0.016709169140099712,,
GE-E01298,1498,cellflip-oriented-SLSQP,research/geometric-extremal/search/area/experiments.jsonl,,,0.014926429907994832,,
GE-E01299,1499,cellflip-oriented-SLSQP,research/geometric-extremal/search/area/experiments.jsonl,,,0.018060347118324122,,
GE-E01300,1499,cellflip-oriented-SLSQP,research/geometric-extremal/search/area/experiments.jsonl,,,0.0133490729271034,,
GE-E01301,1500,cellflip-oriented-SLSQP,research/geometric-extremal/search/area/experiments.jsonl,,,0.014301657121494952,,
GE-E01302,1500,cellflip-oriented-SLSQP,research/geometric-extremal/search/area/experiments.jsonl,,,0.014571695608111187,,
GE-E01303,1501,cellflip-oriented-SLSQP,research/geometric-extremal/search/area/experiments.jsonl,,,0.016619223424972036,,
GE-E01304,1501,cellflip-oriented-SLSQP,research/geometric-extremal/search/area/experiments.jsonl,,,0.01860406779290759,,
GE-E01305,1502,cellflip-oriented-SLSQP,research/geometric-extremal/search/area/experiments.jsonl,,,0.017068777136307976,,
GE-E01306,1502,cellflip-oriented-SLSQP,research/geometric-extremal/search/area/experiments.jsonl,,,0.016240398287132824,,
GE-E01307,1503,cellflip-oriented-SLSQP,research/geometric-extremal/search/area/experiments.jsonl,,,0.016787933909246305,,
GE-E01308,1503,cellflip-oriented-SLSQP,research/geometric-extremal/search/area/experiments.jsonl,,,0.013842532459858985,,
GE-E01309,1504,cellflip-oriented-SLSQP,research/geometric-extremal/search/area/experiments.jsonl,,,0.01455459669404267,,
GE-E01310,1504,cellflip-oriented-SLSQP,research/geometric-extremal/search/area/experiments.jsonl,,,0.021081695848513462,,
GE-E01311,1505,cellflip-oriented-SLSQP,research/geometric-extremal/search/area/experiments.jsonl,,,0.010600995380472274,,
GE-E01312,1505,cellflip-oriented-SLSQP,research/geometric-extremal/search/area/experiments.jsonl,,,0.01958485343633445,,
GE-E01313,1506,cellflip-oriented-SLSQP,research/geometric-extremal/search/area/experiments.jsonl,,,0.012019690259459355,,
GE-E01314,1506,cellflip-oriented-SLSQP,research/geometric-extremal/search/area/experiments.jsonl,,,0.016428708024204576,,
GE-E01315,1507,cellflip-oriented-SLSQP,research/geometric-extremal/search/area/experiments.jsonl,,,0.014473451020333133,,
GE-E01316,1507,cellflip-oriented-SLSQP,research/geometric-extremal/search/area/experiments.jsonl,,,0.022221991941888786,,
GE-E01317,1508,cellflip-oriented-SLSQP,research/geometric-extremal/search/area/experiments.jsonl,,,0.020404324464381375,,
GE-E01318,1508,cellflip-oriented-SLSQP,research/geometric-extremal/search/area/experiments.jsonl,,,0.018431524791117388,,
GE-E01319,1509,cellflip-oriented-SLSQP,research/geometric-extremal/search/area/experiments.jsonl,,,0.01395340984881723,,
GE-E01320,1509,cellflip-oriented-SLSQP,research/geometric-extremal/search/area/experiments.jsonl,,,0.019824429076178717,,
GE-E01321,1510,cellflip-oriented-SLSQP,research/geometric-extremal/search/area/experiments.jsonl,,,0.01859809321546166,,
GE-E01322,1510,cellflip-oriented-SLSQP,research/geometric-extremal/search/area/experiments.jsonl,,,0.017395310286405185,,
GE-E01323,1511,cellflip-oriented-SLSQP,research/geometric-extremal/search/area/experiments.jsonl,,,0.017091912024431232,,
GE-E01324,1511,cellflip-oriented-SLSQP,research/geometric-extremal/search/area/experiments.jsonl,,,0.012121341928891532,,
GE-E01325,1512,cellflip-oriented-SLSQP,research/geometric-extremal/search/area/experiments.jsonl,,,0.014913562378938787,,
GE-E01326,1512,cellflip-oriented-SLSQP,research/geometric-extremal/search/area/experiments.jsonl,,,0.015846026423213175,,
GE-E01327,1513,cellflip-oriented-SLSQP,research/geometric-extremal/search/area/experiments.jsonl,,,0.016760236746301987,,
GE-E01328,1513,cellflip-oriented-SLSQP,research/geometric-extremal/search/area/experiments.jsonl,,,0.013360878215177776,,
GE-E01329,1514,cellflip-oriented-SLSQP,research/geometric-extremal/search/area/experiments.jsonl,,,0.01524491821184193,,
GE-E01330,1514,cellflip-oriented-SLSQP,research/geometric-extremal/search/area/experiments.jsonl,,,0.01899756783983314,,
GE-E01331,1515,cellflip-oriented-SLSQP,research/geometric-extremal/search/area/experiments.jsonl,,,0.016760977726962455,,
GE-E01332,1515,cellflip-oriented-SLSQP,research/geometric-extremal/search/area/experiments.jsonl,,,0.01702961676771792,,
GE-E01333,1516,cellflip-oriented-SLSQP,research/geometric-extremal/search/area/experiments.jsonl,,,0.013500573470399922,,
GE-E01334,1516,cellflip-oriented-SLSQP,research/geometric-extremal/search/area/experiments.jsonl,,,0.017519160856763177,,
GE-E01335,1517,cellflip-oriented-SLSQP,research/geometric-extremal/search/area/experiments.jsonl,,,0.019621483449908873,,
GE-E01336,1517,cellflip-oriented-SLSQP,research/geometric-extremal/search/area/experiments.jsonl,,,0.019551747720498756,,
GE-E01337,1518,cellflip-oriented-SLSQP,research/geometric-extremal/search/area/experiments.jsonl,,,0.01625257618694995,,
GE-E01338,1518,cellflip-oriented-SLSQP,research/geometric-extremal/search/area/experiments.jsonl,,,0.017647426237861287,,
GE-E01339,1519,cellflip-oriented-SLSQP,research/geometric-extremal/search/area/experiments.jsonl,,,0.018227859386200435,,
GE-E01340,1519,cellflip-oriented-SLSQP,research/geometric-extremal/search/area/experiments.jsonl,,,0.018604067792887487,,
GE-E01341,1520,cellflip-oriented-SLSQP,research/geometric-extremal/search/area/experiments.jsonl,,,0.017381720034227974,,
GE-E01342,1520,cellflip-oriented-SLSQP,research/geometric-extremal/search/area/experiments.jsonl,,,0.015432413983085033,,
GE-E01343,1521,cellflip-oriented-SLSQP,research/geometric-extremal/search/area/experiments.jsonl,,,0.014262946172882858,,
GE-E01344,1521,cellflip-oriented-SLSQP,research/geometric-extremal/search/area/experiments.jsonl,,,0.018573830070129433,,
GE-E01345,1522,cellflip-oriented-SLSQP,research/geometric-extremal/search/area/experiments.jsonl,,,0.021614174660360135,,
GE-E01346,1522,cellflip-oriented-SLSQP,research/geometric-extremal/search/area/experiments.jsonl,,,0.011660273520341798,,
GE-E01347,1523,cellflip-oriented-SLSQP,research/geometric-extremal/search/area/experiments.jsonl,,,0.011235099131381042,,
GE-E01348,1523,cellflip-oriented-SLSQP,research/geometric-extremal/search/area/experiments.jsonl,,,0.01647527756169509,,
GE-E01349,1524,cellflip-oriented-SLSQP,research/geometric-extremal/search/area/experiments.jsonl,,,0.014481436447296154,,
GE-E01350,1524,cellflip-oriented-SLSQP,research/geometric-extremal/search/area/experiments.jsonl,,,0.018348797956516533,,
GE-E01351,1525,cellflip-oriented-SLSQP,research/geometric-extremal/search/area/experiments.jsonl,,,0.015959513587373388,,
GE-E01352,1525,cellflip-oriented-SLSQP,research/geometric-extremal/search/area/experiments.jsonl,,,0.019830838652166616,,
GE-E01353,1526,cellflip-oriented-SLSQP,research/geometric-extremal/search/area/experiments.jsonl,,,0.01945068533384742,,
GE-E01354,1526,cellflip-oriented-SLSQP,research/geometric-extremal/search/area/experiments.jsonl,,,0.01897889212918907,,
GE-E01355,1527,cellflip-oriented-SLSQP,research/geometric-extremal/search/area/experiments.jsonl,,,0.013793881283048563,,
GE-E01356,1527,cellflip-oriented-SLSQP,research/geometric-extremal/search/area/experiments.jsonl,,,0.019128320245222777,,
GE-E01357,1528,cellflip-oriented-SLSQP,research/geometric-extremal/search/area/experiments.jsonl,,,0.014809371600845613,,
GE-E01358,1528,cellflip-oriented-SLSQP,research/geometric-extremal/search/area/experiments.jsonl,,,0.015969390428589348,,
GE-E01359,1529,cellflip-oriented-SLSQP,research/geometric-extremal/search/area/experiments.jsonl,,,0.016495960980256453,,
GE-E01360,1529,cellflip-oriented-SLSQP,research/geometric-extremal/search/area/experiments.jsonl,,,0.018856866329915973,,
GE-E01361,1530,cellflip-oriented-SLSQP,research/geometric-extremal/search/area/experiments.jsonl,,,0.016442829519309896,,
GE-E01362,1530,cellflip-oriented-SLSQP,research/geometric-extremal/search/area/experiments.jsonl,,,0.020700858667726443,,
GE-E01363,1531,cellflip-oriented-SLSQP,research/geometric-extremal/search/area/experiments.jsonl,,,0.010731837936406205,,
GE-E01364,1531,cellflip-oriented-SLSQP,research/geometric-extremal/search/area/experiments.jsonl,,,0.01376337644913133,,
GE-E01365,1532,cellflip-oriented-SLSQP,research/geometric-extremal/search/area/experiments.jsonl,,,0.016469270914024284,,
GE-E01366,1532,cellflip-oriented-SLSQP,research/geometric-extremal/search/area/experiments.jsonl,,,0.01259462382321622,,
GE-E01367,1533,cellflip-oriented-SLSQP,research/geometric-extremal/search/area/experiments.jsonl,,,0.017079257998861747,,
GE-E01368,1533,cellflip-oriented-SLSQP,research/geometric-extremal/search/area/experiments.jsonl,,,0.015439432021199425,,
GE-E01369,1534,cellflip-oriented-SLSQP,research/geometric-extremal/search/area/experiments.jsonl,,,0.014934083683526833,,
GE-E01370,1534,cellflip-oriented-SLSQP,research/geometric-extremal/search/area/experiments.jsonl,,,0.01614876071693697,,
GE-E01371,1535,cellflip-oriented-SLSQP,research/geometric-extremal/search/area/experiments.jsonl,,,0.009870719427171609,,
GE-E01372,1535,cellflip-oriented-SLSQP,research/geometric-extremal/search/area/experiments.jsonl,,,0.012150669258369858,,
GE-E01373,1536,cellflip-oriented-SLSQP,research/geometric-extremal/search/area/experiments.jsonl,,,0.017642943218030317,,
GE-E01374,1536,cellflip-oriented-SLSQP,research/geometric-extremal/search/area/experiments.jsonl,,,0.01982442907578928,,
GE-E01375,1537,cellflip-oriented-SLSQP,research/geometric-extremal/search/area/experiments.jsonl,,,0.01713024672247116,,
GE-E01376,1537,cellflip-oriented-SLSQP,research/geometric-extremal/search/area/experiments.jsonl,,,0.0192253200311355,,
GE-E01377,1538,cellflip-oriented-SLSQP,research/geometric-extremal/search/area/experiments.jsonl,,,0.016148607856805615,,
GE-E01378,1538,cellflip-oriented-SLSQP,research/geometric-extremal/search/area/experiments.jsonl,,,0.019684263430664335,,
GE-E01379,1539,cellflip-oriented-SLSQP,research/geometric-extremal/search/area/experiments.jsonl,,,0.012085267465411869,,
GE-E01380,1539,cellflip-oriented-SLSQP,research/geometric-extremal/search/area/experiments.jsonl,,,0.01696249216522601,,
GE-E01381,1540,cellflip-oriented-SLSQP,research/geometric-extremal/search/area/experiments.jsonl,,,0.015133064685433156,,
GE-E01382,1540,cellflip-oriented-SLSQP,research/geometric-extremal/search/area/experiments.jsonl,,,0.017029616767822397,,
GE-E01383,1541,cellflip-oriented-SLSQP,research/geometric-extremal/search/area/experiments.jsonl,,,0.014635068822641808,,
GE-E01384,1541,cellflip-oriented-SLSQP,research/geometric-extremal/search/area/experiments.jsonl,,,0.016722698954916827,,
GE-E01385,1542,cellflip-oriented-SLSQP,research/geometric-extremal/search/area/experiments.jsonl,,,0.014424412859019955,,
GE-E01386,1542,cellflip-oriented-SLSQP,research/geometric-extremal/search/area/experiments.jsonl,,,0.017106379543828664,,
GE-E01387,1543,cellflip-oriented-SLSQP,research/geometric-extremal/search/area/experiments.jsonl,,,0.01713024672232969,,
GE-E01388,1543,cellflip-oriented-SLSQP,research/geometric-extremal/search/area/experiments.jsonl,,,0.01853138538409319,,
GE-E01389,1544,cellflip-oriented-SLSQP,research/geometric-extremal/search/area/experiments.jsonl,,,0.013490570938495752,,
GE-E01390,1544,cellflip-oriented-SLSQP,research/geometric-extremal/search/area/experiments.jsonl,,,0.01632870153486215,,
GE-E01391,1545,cellflip-oriented-SLSQP,research/geometric-extremal/search/area/experiments.jsonl,,,0.014901427967080024,,
GE-E01392,1545,cellflip-oriented-SLSQP,research/geometric-extremal/search/area/experiments.jsonl,,,0.016912129936149448,,
GE-E01393,1546,cellflip-oriented-SLSQP,research/geometric-extremal/search/area/experiments.jsonl,,,0.018905422601814603,,
GE-E01394,1546,cellflip-oriented-SLSQP,research/geometric-extremal/search/area/experiments.jsonl,,,0.01899756783994722,,
GE-E01395,1547,cellflip-oriented-SLSQP,research/geometric-extremal/search/area/experiments.jsonl,,,0.015391750744778058,,
GE-E01396,1547,cellflip-oriented-SLSQP,research/geometric-extremal/search/area/experiments.jsonl,,,0.019880152828873374,,
GE-E01397,1548,cellflip-oriented-SLSQP,research/geometric-extremal/search/area/experiments.jsonl,,,0.020285478542032123,,
GE-E01398,1548,cellflip-oriented-SLSQP,research/geometric-extremal/search/area/experiments.jsonl,,,0.01922532003113512,,
GE-E01399,1549,cellflip-oriented-SLSQP,research/geometric-extremal/search/area/experiments.jsonl,,,0.019056941540840772,,
GE-E01400,1549,cellflip-oriented-SLSQP,research/geometric-extremal/search/area/experiments.jsonl,,,0.01520491776762727,,
GE-E01401,1550,cellflip-oriented-SLSQP,research/geometric-extremal/search/area/experiments.jsonl,,,0.018691827625053628,,
GE-E01402,1550,cellflip-oriented-SLSQP,research/geometric-extremal/search/area/experiments.jsonl,,,0.012202677848124746,,
GE-E01403,1551,cellflip-oriented-SLSQP,research/geometric-extremal/search/area/experiments.jsonl,,,0.012472981331058213,,
GE-E01404,1551,cellflip-oriented-SLSQP,research/geometric-extremal/search/area/experiments.jsonl,,,0.018978892129137517,,
GE-E01405,1552,cellflip-oriented-SLSQP,research/geometric-extremal/search/area/experiments.jsonl,,,0.018001130190577867,,
GE-E01406,1552,cellflip-oriented-SLSQP,research/geometric-extremal/search/area/experiments.jsonl,,,0.015076554019248534,,
GE-E01407,1553,cellflip-oriented-SLSQP,research/geometric-extremal/search/area/experiments.jsonl,,,0.02027131849247378,,
GE-E01408,1553,cellflip-oriented-SLSQP,research/geometric-extremal/search/area/experiments.jsonl,,,0.021510728637128003,,
GE-E01409,1554,cellflip-oriented-SLSQP,research/geometric-extremal/search/area/experiments.jsonl,,,0.01175933797292273,,
GE-E01410,1554,cellflip-oriented-SLSQP,research/geometric-extremal/search/area/experiments.jsonl,,,0.018572826426944834,,
GE-E01411,1555,cellflip-oriented-SLSQP,research/geometric-extremal/search/area/experiments.jsonl,,,0.013867928702620803,,
GE-E01412,1555,cellflip-oriented-SLSQP,research/geometric-extremal/search/area/experiments.jsonl,,,0.01928166114887924,,
GE-E01413,1556,cellflip-oriented-SLSQP,research/geometric-extremal/search/area/experiments.jsonl,,,0.021597733285084682,,
GE-E01414,1556,cellflip-oriented-SLSQP,research/geometric-extremal/search/area/experiments.jsonl,,,0.012459642141331531,,
GE-E01415,1557,cellflip-oriented-SLSQP,research/geometric-extremal/search/area/experiments.jsonl,,,0.013087836692582022,,
GE-E01416,1557,cellflip-oriented-SLSQP,research/geometric-extremal/search/area/experiments.jsonl,,,0.014627421776901663,,
GE-E01417,1558,cellflip-oriented-SLSQP,research/geometric-extremal/search/area/experiments.jsonl,,,0.013335278438893214,,
GE-E01418,1558,cellflip-oriented-SLSQP,research/geometric-extremal/search/area/experiments.jsonl,,,0.019225320031130207,,
GE-E01419,1559,cellflip-oriented-SLSQP,research/geometric-extremal/search/area/experiments.jsonl,,,0.015007505401709035,,
GE-E01420,1559,cellflip-oriented-SLSQP,research/geometric-extremal/search/area/experiments.jsonl,,,0.015379532492813352,,
GE-E01421,1560,cellflip-oriented-SLSQP,research/geometric-extremal/search/area/experiments.jsonl,,,0.01810206139286314,,
GE-E01422,1560,cellflip-oriented-SLSQP,research/geometric-extremal/search/area/experiments.jsonl,,,0.015273917628605149,,
GE-E01423,1561,cellflip-oriented-SLSQP,research/geometric-extremal/search/area/experiments.jsonl,,,0.011308334149000185,,
GE-E01424,1561,cellflip-oriented-SLSQP,research/geometric-extremal/search/area/experiments.jsonl,,,0.013850471328178739,,
GE-E01425,1562,cellflip-oriented-SLSQP,research/geometric-extremal/search/area/experiments.jsonl,,,0.018691827625065837,,
GE-E01426,1562,cellflip-oriented-SLSQP,research/geometric-extremal/search/area/experiments.jsonl,,,0.019684263430847698,,
GE-E01427,1563,cellflip-oriented-SLSQP,research/geometric-extremal/search/area/experiments.jsonl,,,0.015805815436158308,,
GE-E01428,1563,cellflip-oriented-SLSQP,research/geometric-extremal/search/area/experiments.jsonl,,,0.017088233524936665,,
GE-E01429,1564,cellflip-oriented-SLSQP,research/geometric-extremal/search/area/experiments.jsonl,,,0.01189019054873028,,
GE-E01430,1564,cellflip-oriented-SLSQP,research/geometric-extremal/search/area/experiments.jsonl,,,0.016832734427348287,,
GE-E01431,1565,cellflip-oriented-SLSQP,research/geometric-extremal/search/area/experiments.jsonl,,,0.014593785762553404,,
GE-E01432,1565,cellflip-oriented-SLSQP,research/geometric-extremal/search/area/experiments.jsonl,,,0.018911155828012786,,
GE-E01433,1566,cellflip-oriented-SLSQP,research/geometric-extremal/search/area/experiments.jsonl,,,0.019055514379078015,,
GE-E01434,1566,cellflip-oriented-SLSQP,research/geometric-extremal/search/area/experiments.jsonl,,,0.01945803665580372,,
GE-E01435,1567,cellflip-oriented-SLSQP,research/geometric-extremal/search/area/experiments.jsonl,,,0.012423225282931329,,
GE-E01436,1567,cellflip-oriented-SLSQP,research/geometric-extremal/search/area/experiments.jsonl,,,0.015532231428948577,,
GE-E01437,1568,cellflip-oriented-SLSQP,research/geometric-extremal/search/area/experiments.jsonl,,,0.016825051523052782,,
GE-E01438,1568,cellflip-oriented-SLSQP,research/geometric-extremal/search/area/experiments.jsonl,,,0.019924431837646958,,
GE-E01439,1569,cellflip-oriented-SLSQP,research/geometric-extremal/search/area/experiments.jsonl,,,0.013520783029982752,,
GE-E01440,1569,cellflip-oriented-SLSQP,research/geometric-extremal/search/area/experiments.jsonl,,,0.013212060661411973,,
GE-E01441,1570,cellflip-oriented-SLSQP,research/geometric-extremal/search/area/experiments.jsonl,,,0.01595951358706566,,
GE-E01442,1570,cellflip-oriented-SLSQP,research/geometric-extremal/search/area/experiments.jsonl,,,0.019799153449700627,,
GE-E01443,1571,cellflip-oriented-SLSQP,research/geometric-extremal/search/area/experiments.jsonl,,,0.019055514378915856,,
GE-E01444,1571,cellflip-oriented-SLSQP,research/geometric-extremal/search/area/experiments.jsonl,,,0.018693235780903962,,
GE-E01445,1572,cellflip-oriented-SLSQP,research/geometric-extremal/search/area/experiments.jsonl,,,0.01136683199464949,,
GE-E01446,1572,cellflip-oriented-SLSQP,research/geometric-extremal/search/area/experiments.jsonl,,,0.01921004964271261,,
GE-E01447,1573,cellflip-oriented-SLSQP,research/geometric-extremal/search/area/experiments.jsonl,,,0.016782515543734743,,
GE-E01448,1573,cellflip-oriented-SLSQP,research/geometric-extremal/search/area/experiments.jsonl,,,0.019012594510662464,,
GE-E01449,1574,cellflip-oriented-SLSQP,research/geometric-extremal/search/area/experiments.jsonl,,,0.020653042171243488,,
GE-E01450,1574,cellflip-oriented-SLSQP,research/geometric-extremal/search/area/experiments.jsonl,,,0.018911155828187587,,
GE-E01451,1575,cellflip-oriented-SLSQP,research/geometric-extremal/search/area/experiments.jsonl,,,0.014976032617781642,,
GE-E01452,1575,cellflip-oriented-SLSQP,research/geometric-extremal/search/area/experiments.jsonl,,,0.012462873538070834,,
GE-E01453,1576,cellflip-oriented-SLSQP,research/geometric-extremal/search/area/experiments.jsonl,,,0.016833772443740267,,
GE-E01454,1576,cellflip-oriented-SLSQP,research/geometric-extremal/search/area/experiments.jsonl,,,0.019128546440837692,,
GE-E01455,1577,cellflip-oriented-SLSQP,research/geometric-extremal/search/area/experiments.jsonl,,,0.012342110179193143,,
GE-E01456,1577,cellflip-oriented-SLSQP,research/geometric-extremal/search/area/experiments.jsonl,,,0.016832734427402143,,
GE-E01457,1578,cellflip-oriented-SLSQP,research/geometric-extremal/search/area/experiments.jsonl,,,0.017055808751962585,,
GE-E01458,1578,cellflip-oriented-SLSQP,research/geometric-extremal/search/area/experiments.jsonl,,,0.019867209140700864,,
GE-E01459,1579,cellflip-oriented-SLSQP,research/geometric-extremal/search/area/experiments.jsonl,,,0.01265390524064791,,
GE-E01460,1579,cellflip-oriented-SLSQP,research/geometric-extremal/search/area/experiments.jsonl,,,0.01802553419920745,,
GE-E01461,1580,cellflip-oriented-SLSQP,research/geometric-extremal/search/area/experiments.jsonl,,,0.014160598535661645,,
GE-E01462,1580,cellflip-oriented-SLSQP,research/geometric-extremal/search/area/experiments.jsonl,,,0.018768473554332154,,
GE-E01463,1581,cellflip-oriented-SLSQP,research/geometric-extremal/search/area/experiments.jsonl,,,0.021614174660360135,,
GE-E01464,1581,cellflip-oriented-SLSQP,research/geometric-extremal/search/area/experiments.jsonl,,,0.016999104931301964,,
GE-E01465,1582,cellflip-oriented-SLSQP,research/geometric-extremal/search/area/experiments.jsonl,,,0.013486802053093667,,
GE-E01466,1582,cellflip-oriented-SLSQP,research/geometric-extremal/search/area/experiments.jsonl,,,0.015204917767615891,,
GE-E01467,1583,cellflip-oriented-SLSQP,research/geometric-extremal/search/area/experiments.jsonl,,,0.018642668783353775,,
GE-E01468,1583,cellflip-oriented-SLSQP,research/geometric-extremal/search/area/experiments.jsonl,,,0.013058901361335383,,
GE-E01469,1584,cellflip-oriented-SLSQP,research/geometric-extremal/search/area/experiments.jsonl,,,0.02086684127288475,,
GE-E01470,1584,cellflip-oriented-SLSQP,research/geometric-extremal/search/area/experiments.jsonl,,,0.018911155828229186,,
GE-E01471,1585,cellflip-oriented-SLSQP,research/geometric-extremal/search/area/experiments.jsonl,,,0.01927703119891448,,
GE-E01472,1585,cellflip-oriented-SLSQP,research/geometric-extremal/search/area/experiments.jsonl,,,0.018978892129122984,,
GE-E01473,1586,cellflip-oriented-SLSQP,research/geometric-extremal/search/area/experiments.jsonl,,,0.016989160738226157,,
GE-E01474,1586,cellflip-oriented-SLSQP,research/geometric-extremal/search/area/experiments.jsonl,,,0.020673550560579897,,
GE-E01475,1587,cellflip-oriented-SLSQP,research/geometric-extremal/search/area/experiments.jsonl,,,0.014489886031841075,,
GE-E01476,1587,cellflip-oriented-SLSQP,research/geometric-extremal/search/area/experiments.jsonl,,,0.016043010106381646,,
GE-E01477,1588,cellflip-oriented-SLSQP,research/geometric-extremal/search/area/experiments.jsonl,,,0.012653905240265838,,
GE-E01478,1588,cellflip-oriented-SLSQP,research/geometric-extremal/search/area/experiments.jsonl,,,0.018756926372589154,,
GE-E01479,1589,cellflip-oriented-SLSQP,research/geometric-extremal/search/area/experiments.jsonl,,,0.01574891882051831,,
GE-E01480,1589,cellflip-oriented-SLSQP,research/geometric-extremal/search/area/experiments.jsonl,,,0.018769775779214876,,
GE-E01481,1590,cellflip-oriented-SLSQP,research/geometric-extremal/search/area/experiments.jsonl,,,0.015015619877353935,,
GE-E01482,1590,cellflip-oriented-SLSQP,research/geometric-extremal/search/area/experiments.jsonl,,,0.01853138538403872,,
GE-E01483,1591,cellflip-oriented-SLSQP,research/geometric-extremal/search/area/experiments.jsonl,,,0.011492016800410022,,
GE-E01484,1591,cellflip-oriented-SLSQP,research/geometric-extremal/search/area/experiments.jsonl,,,0.01552110745532959,,
GE-E01485,1592,cellflip-oriented-SLSQP,research/geometric-extremal/search/area/experiments.jsonl,,,0.016989160738214593,,
GE-E01486,1592,cellflip-oriented-SLSQP,research/geometric-extremal/search/area/experiments.jsonl,,,0.0199941814718236,,
GE-E01487,1593,cellflip-oriented-SLSQP,research/geometric-extremal/search/area/experiments.jsonl,,,0.014022594558512128,,
GE-E01488,1593,cellflip-oriented-SLSQP,research/geometric-extremal/search/area/experiments.jsonl,,,0.010624466704938012,,
GE-E01489,1594,cellflip-oriented-SLSQP,research/geometric-extremal/search/area/experiments.jsonl,,,0.0172843075580127,,
GE-E01490,1594,cellflip-oriented-SLSQP,research/geometric-extremal/search/area/experiments.jsonl,,,0.020772930437135687,,
GE-E01491,1595,cellflip-oriented-SLSQP,research/geometric-extremal/search/area/experiments.jsonl,,,0.014324044803395806,,
GE-E01492,1595,cellflip-oriented-SLSQP,research/geometric-extremal/search/area/experiments.jsonl,,,0.01919817796353206,,
GE-E01493,1596,cellflip-oriented-SLSQP,research/geometric-extremal/search/area/experiments.jsonl,,,0.013058218025988054,,
GE-E01494,1596,cellflip-oriented-SLSQP,research/geometric-extremal/search/area/experiments.jsonl,,,0.01482495297278618,,
GE-E01495,1597,cellflip-oriented-SLSQP,research/geometric-extremal/search/area/experiments.jsonl,,,0.010451606655764051,,
GE-E01496,1597,cellflip-oriented-SLSQP,research/geometric-extremal/search/area/experiments.jsonl,,,0.01891115582823016,,
GE-E01497,1598,cellflip-oriented-SLSQP,research/geometric-extremal/search/area/experiments.jsonl,,,0.017143400158191036,,
GE-E01498,1598,cellflip-oriented-SLSQP,research/geometric-extremal/search/area/experiments.jsonl,,,0.014506508147160094,,
GE-E01499,1599,cellflip-oriented-SLSQP,research/geometric-extremal/search/area/experiments.jsonl,,,0.012971208308321507,,
GE-E01500,1599,cellflip-oriented-SLSQP,research/geometric-extremal/search/area/experiments.jsonl,,,0.01717087892404671,,
GE-E01501,1600,cellflip-oriented-SLSQP,research/geometric-extremal/search/area/experiments.jsonl,,,0.016297582099867015,,
GE-E01502,1600,cellflip-oriented-SLSQP,research/geometric-extremal/search/area/experiments.jsonl,,,0.015412945377588092,,
GE-E01503,1601,cellflip-oriented-SLSQP,research/geometric-extremal/search/area/experiments.jsonl,,,0.017245495791085867,,
GE-E01504,1601,cellflip-oriented-SLSQP,research/geometric-extremal/search/area/experiments.jsonl,,,0.018374017928044165,,
GE-E01505,1602,cellflip-oriented-SLSQP,research/geometric-extremal/search/area/experiments.jsonl,,,0.013864906213191936,,
GE-E01506,1602,cellflip-oriented-SLSQP,research/geometric-extremal/search/area/experiments.jsonl,,,0.010822170513407623,,
GE-E01507,1603,cellflip-oriented-SLSQP,research/geometric-extremal/search/area/experiments.jsonl,,,0.013763903388381389,,
GE-E01508,1603,cellflip-oriented-SLSQP,research/geometric-extremal/search/area/experiments.jsonl,,,0.01876847355445347,,
GE-E01509,1604,cellflip-oriented-SLSQP,research/geometric-extremal/search/area/experiments.jsonl,,,0.016279530392329104,,
GE-E01510,1604,cellflip-oriented-SLSQP,research/geometric-extremal/search/area/experiments.jsonl,,,0.016776580041884488,,
GE-E01511,1605,cellflip-oriented-SLSQP,research/geometric-extremal/search/area/experiments.jsonl,,,0.015772763691552293,,
GE-E01512,1605,cellflip-oriented-SLSQP,research/geometric-extremal/search/area/experiments.jsonl,,,0.014501621420824761,,
GE-E01513,1606,cellflip-oriented-SLSQP,research/geometric-extremal/search/area/experiments.jsonl,,,0.019404840023352243,,
GE-E01514,1606,cellflip-oriented-SLSQP,research/geometric-extremal/search/area/experiments.jsonl,,,0.019883562899568694,,
GE-E01515,1607,cellflip-oriented-SLSQP,research/geometric-extremal/search/area/experiments.jsonl,,,0.015167714780830559,,
GE-E01516,1607,cellflip-oriented-SLSQP,research/geometric-extremal/search/area/experiments.jsonl,,,0.018802741175846197,,
GE-E01517,1608,cellflip-oriented-SLSQP,research/geometric-extremal/search/area/experiments.jsonl,,,0.011672354147941369,,
GE-E01518,1608,cellflip-oriented-SLSQP,research/geometric-extremal/search/area/experiments.jsonl,,,0.014317211784986463,,
GE-E01519,1609,cellflip-oriented-SLSQP,research/geometric-extremal/search/area/experiments.jsonl,,,0.01655399345814255,,
GE-E01520,1609,cellflip-oriented-SLSQP,research/geometric-extremal/search/area/experiments.jsonl,,,0.02007699307001328,,
GE-E01521,1610,cellflip-oriented-SLSQP,research/geometric-extremal/search/area/experiments.jsonl,,,0.015698834461104465,,
GE-E01522,1610,cellflip-oriented-SLSQP,research/geometric-extremal/search/area/experiments.jsonl,,,0.008503252809759795,,
GE-E01523,1611,cellflip-oriented-SLSQP,research/geometric-extremal/search/area/experiments.jsonl,,,0.015594271011769089,,
GE-E01524,1611,cellflip-oriented-SLSQP,research/geometric-extremal/search/area/experiments.jsonl,,,0.012355475689245778,,
GE-E01525,1612,cellflip-oriented-SLSQP,research/geometric-extremal/search/area/experiments.jsonl,,,0.015013693160103685,,
GE-E01526,1612,cellflip-oriented-SLSQP,research/geometric-extremal/search/area/experiments.jsonl,,,0.016849663452104847,,
GE-E01527,1613,cellflip-oriented-SLSQP,research/geometric-extremal/search/area/experiments.jsonl,,,0.016279530392459104,,
GE-E01528,1613,cellflip-oriented-SLSQP,research/geometric-extremal/search/area/experiments.jsonl,,,0.01969597790605355,,
GE-E01529,1614,cellflip-oriented-SLSQP,research/geometric-extremal/search/area/experiments.jsonl,,,0.014715410293132915,,
GE-E01530,1614,cellflip-oriented-SLSQP,research/geometric-extremal/search/area/experiments.jsonl,,,0.018756926372551174,,
GE-E01531,1615,cellflip-oriented-SLSQP,research/geometric-extremal/search/area/experiments.jsonl,,,0.014261604968116902,,
GE-E01532,1615,cellflip-oriented-SLSQP,research/geometric-extremal/search/area/experiments.jsonl,,,0.018559813443478325,,
GE-E01533,1616,cellflip-oriented-SLSQP,research/geometric-extremal/search/area/experiments.jsonl,,,0.016382687934014487,,
GE-E01534,1616,cellflip-oriented-SLSQP,research/geometric-extremal/search/area/experiments.jsonl,,,0.018573830069692637,,
GE-E01535,1617,cellflip-oriented-SLSQP,research/geometric-extremal/search/area/experiments.jsonl,,,0.014889116479461225,,
GE-E01536,1617,cellflip-oriented-SLSQP,research/geometric-extremal/search/area/experiments.jsonl,,,0.015619589202044745,,
GE-E01537,1618,cellflip-oriented-SLSQP,research/geometric-extremal/search/area/experiments.jsonl,,,0.016586499193450285,,
GE-E01538,1618,cellflip-oriented-SLSQP,research/geometric-extremal/search/area/experiments.jsonl,,,0.0194999700938386,,
GE-E01539,1619,cellflip-oriented-SLSQP,research/geometric-extremal/search/area/experiments.jsonl,,,0.016766812182203092,,
GE-E01540,1619,cellflip-oriented-SLSQP,research/geometric-extremal/search/area/experiments.jsonl,,,0.018249266934391134,,
GE-E01541,1620,anneal-oriented-SLSQP,research/geometric-extremal/search/area/experiments.jsonl,,,0.012024521734147404,,
GE-E01542,1621,anneal-oriented-SLSQP,research/geometric-extremal/search/area/experiments.jsonl,,,0.014582473210152892,,
GE-E01543,1622,anneal-oriented-SLSQP,research/geometric-extremal/search/area/experiments.jsonl,,,0.014448637971043466,,
GE-E01544,1623,anneal-oriented-SLSQP,research/geometric-extremal/search/area/experiments.jsonl,,,0.01125410185570985,,
GE-E01545,1624,anneal-oriented-SLSQP,research/geometric-extremal/search/area/experiments.jsonl,,,0.012443838864498765,,
GE-E01546,1625,anneal-oriented-SLSQP,research/geometric-extremal/search/area/experiments.jsonl,,,0.014567639852761194,,
GE-E01547,1626,anneal-oriented-SLSQP,research/geometric-extremal/search/area/experiments.jsonl,,,0.014203421273146312,,
GE-E01548,1627,anneal-oriented-SLSQP,research/geometric-extremal/search/area/experiments.jsonl,,,0.014357610368355625,,
GE-E01549,1628,anneal-oriented-SLSQP,research/geometric-extremal/search/area/experiments.jsonl,,,0.013328948749589129,,
GE-E01550,1629,anneal-oriented-SLSQP,research/geometric-extremal/search/area/experiments.jsonl,,,0.016395312163028957,,
GE-E01551,1630,anneal-oriented-SLSQP,research/geometric-extremal/search/area/experiments.jsonl,,,0.015741887658655994,,
GE-E01552,1631,anneal-oriented-SLSQP,research/geometric-extremal/search/area/experiments.jsonl,,,0.015517711492733247,,
GE-E01553,1632,anneal-oriented-SLSQP,research/geometric-extremal/search/area/experiments.jsonl,,,0.015381326793592213,,
GE-E01554,1633,anneal-oriented-SLSQP,research/geometric-extremal/search/area/experiments.jsonl,,,0.015195933497865211,,
GE-E01555,1634,anneal-oriented-SLSQP,research/geometric-extremal/search/area/experiments.jsonl,,,0.014244095460729285,,
GE-E01556,1635,anneal-oriented-SLSQP,research/geometric-extremal/search/area/experiments.jsonl,,,0.014597694560254811,,
GE-E01557,1636,anneal-oriented-SLSQP,research/geometric-extremal/search/area/experiments.jsonl,,,0.013331737693631343,,
GE-E01558,1637,anneal-oriented-SLSQP,research/geometric-extremal/search/area/experiments.jsonl,,,0.013149710350655262,,
GE-E01559,1638,anneal-oriented-SLSQP,research/geometric-extremal/search/area/experiments.jsonl,,,0.011919340917853077,,
GE-E01560,1639,anneal-oriented-SLSQP,research/geometric-extremal/search/area/experiments.jsonl,,,0.012241489778550173,,
GE-E01561,1640,anneal-oriented-SLSQP,research/geometric-extremal/search/area/experiments.jsonl,,,0.014577622943474054,,
GE-E01562,1641,anneal-oriented-SLSQP,research/geometric-extremal/search/area/experiments.jsonl,,,0.01214662296748359,,
GE-E01563,1642,anneal-oriented-SLSQP,research/geometric-extremal/search/area/experiments.jsonl,,,0.011232663221426959,,
GE-E01564,1643,anneal-oriented-SLSQP,research/geometric-extremal/search/area/experiments.jsonl,,,0.014913817165071128,,
GE-E01565,1644,anneal-oriented-SLSQP,research/geometric-extremal/search/area/experiments.jsonl,,,0.012984809650294865,,
GE-E01566,1645,anneal-oriented-SLSQP,research/geometric-extremal/search/area/experiments.jsonl,,,0.01345394257732052,,
GE-E01567,1646,anneal-oriented-SLSQP,research/geometric-extremal/search/area/experiments.jsonl,,,0.016767071729598505,,
GE-E01568,1647,anneal-oriented-SLSQP,research/geometric-extremal/search/area/experiments.jsonl,,,0.012713515965605082,,
GE-E01569,1648,anneal-oriented-SLSQP,research/geometric-extremal/search/area/experiments.jsonl,,,0.012071107882539473,,
GE-E01570,1649,anneal-oriented-SLSQP,research/geometric-extremal/search/area/experiments.jsonl,,,0.015438744537390225,,
GE-E01571,1650,anneal-oriented-SLSQP,research/geometric-extremal/search/area/experiments.jsonl,,,0.015386320824782161,,
GE-E01572,1651,anneal-oriented-SLSQP,research/geometric-extremal/search/area/experiments.jsonl,,,0.014513595929164791,,
GE-E01573,1652,anneal-oriented-SLSQP,research/geometric-extremal/search/area/experiments.jsonl,,,0.015462391517394296,,
GE-E01574,1653,anneal-oriented-SLSQP,research/geometric-extremal/search/area/experiments.jsonl,,,0.014695631077094602,,
GE-E01575,1654,anneal-oriented-SLSQP,research/geometric-extremal/search/area/experiments.jsonl,,,0.011376308010335318,,
GE-E01576,1655,anneal-oriented-SLSQP,research/geometric-extremal/search/area/experiments.jsonl,,,0.014925761603882991,,
GE-E01577,1656,anneal-oriented-SLSQP,research/geometric-extremal/search/area/experiments.jsonl,,,0.016225118611914918,,
GE-E01578,1657,anneal-oriented-SLSQP,research/geometric-extremal/search/area/experiments.jsonl,,,0.013058680822075857,,
GE-E01579,1658,anneal-oriented-SLSQP,research/geometric-extremal/search/area/experiments.jsonl,,,0.013997333317557882,,
GE-E01580,1659,anneal-oriented-SLSQP,research/geometric-extremal/search/area/experiments.jsonl,,,0.0144605774212595,,
GE-E01581,1660,anneal-oriented-SLSQP,research/geometric-extremal/search/area/experiments.jsonl,,,0.013928811167306331,,
GE-E01582,1661,anneal-oriented-SLSQP,research/geometric-extremal/search/area/experiments.jsonl,,,0.014250343286729384,,
GE-E01583,1662,anneal-oriented-SLSQP,research/geometric-extremal/search/area/experiments.jsonl,,,0.01269834254481404,,
GE-E01584,1663,anneal-oriented-SLSQP,research/geometric-extremal/search/area/experiments.jsonl,,,0.016616404923203768,,
GE-E01585,1664,anneal-oriented-SLSQP,research/geometric-extremal/search/area/experiments.jsonl,,,0.010967938007082281,,
GE-E01586,1665,anneal-oriented-SLSQP,research/geometric-extremal/search/area/experiments.jsonl,,,0.014665392301888567,,
GE-E01587,1666,anneal-oriented-SLSQP,research/geometric-extremal/search/area/experiments.jsonl,,,0.012556985958534267,,
GE-E01588,1667,anneal-oriented-SLSQP,research/geometric-extremal/search/area/experiments.jsonl,,,0.015093181778656647,,
GE-E01589,1668,anneal-oriented-SLSQP,research/geometric-extremal/search/area/experiments.jsonl,,,,,
GE-E01590,1669,anneal-oriented-SLSQP,research/geometric-extremal/search/area/experiments.jsonl,,,0.012958348141800776,,
GE-E01591,1670,anneal-oriented-SLSQP,research/geometric-extremal/search/area/experiments.jsonl,,,0.01386443355302736,,
GE-E01592,1671,anneal-oriented-SLSQP,research/geometric-extremal/search/area/experiments.jsonl,,,0.016687549886501493,,
GE-E01593,1672,anneal-oriented-SLSQP,research/geometric-extremal/search/area/experiments.jsonl,,,0.01366271762897644,,
GE-E01594,1673,anneal-oriented-SLSQP,research/geometric-extremal/search/area/experiments.jsonl,,,0.014583636382856056,,
GE-E01595,1674,anneal-oriented-SLSQP,research/geometric-extremal/search/area/experiments.jsonl,,,0.01542786550142106,,
GE-E01596,1675,anneal-oriented-SLSQP,research/geometric-extremal/search/area/experiments.jsonl,,,0.011869783366290692,,
GE-E01597,1676,anneal-oriented-SLSQP,research/geometric-extremal/search/area/experiments.jsonl,,,0.013350746259930369,,
GE-E01598,1677,anneal-oriented-SLSQP,research/geometric-extremal/search/area/experiments.jsonl,,,0.01574960240831818,,
GE-E01599,1678,anneal-oriented-SLSQP,research/geometric-extremal/search/area/experiments.jsonl,,,0.014247821274136497,,
GE-E01600,1679,anneal-oriented-SLSQP,research/geometric-extremal/search/area/experiments.jsonl,,,0.012067488300449288,,
GE-E01601,1680,anneal-oriented-SLSQP,research/geometric-extremal/search/area/experiments.jsonl,,,0.012662630777347784,,
GE-E01602,1681,anneal-oriented-SLSQP,research/geometric-extremal/search/area/experiments.jsonl,,,0.013706142818607794,,
GE-E01603,1682,anneal-oriented-SLSQP,research/geometric-extremal/search/area/experiments.jsonl,,,0.017395089725076186,,
GE-E01604,1683,anneal-oriented-SLSQP,research/geometric-extremal/search/area/experiments.jsonl,,,0.01378784078855404,,
GE-E01605,1684,anneal-oriented-SLSQP,research/geometric-extremal/search/area/experiments.jsonl,,,0.015789886514062844,,
GE-E01606,1685,anneal-oriented-SLSQP,research/geometric-extremal/search/area/experiments.jsonl,,,0.017332791191038685,,
GE-E01607,1686,anneal-oriented-SLSQP,research/geometric-extremal/search/area/experiments.jsonl,,,0.01712465282112979,,
GE-E01608,1687,anneal-oriented-SLSQP,research/geometric-extremal/search/area/experiments.jsonl,,,0.015701148655817516,,
GE-E01609,1688,anneal-oriented-SLSQP,research/geometric-extremal/search/area/experiments.jsonl,,,0.015585568945336383,,
GE-E01610,1689,anneal-oriented-SLSQP,research/geometric-extremal/search/area/experiments.jsonl,,,0.014485050710347605,,
GE-E01611,1690,anneal-oriented-SLSQP,research/geometric-extremal/search/area/experiments.jsonl,,,0.013876810040333407,,
GE-E01612,1691,anneal-oriented-SLSQP,research/geometric-extremal/search/area/experiments.jsonl,,,0.01224576533707493,,
GE-E01613,1692,anneal-oriented-SLSQP,research/geometric-extremal/search/area/experiments.jsonl,,,0.012986192175868867,,
GE-E01614,1693,anneal-oriented-SLSQP,research/geometric-extremal/search/area/experiments.jsonl,,,0.014051657926011155,,
GE-E01615,1694,anneal-oriented-SLSQP,research/geometric-extremal/search/area/experiments.jsonl,,,0.014366014078242182,,
GE-E01616,1695,anneal-oriented-SLSQP,research/geometric-extremal/search/area/experiments.jsonl,,,0.01392500305495723,,
GE-E01617,1696,anneal-oriented-SLSQP,research/geometric-extremal/search/area/experiments.jsonl,,,0.013278989292993633,,
GE-E01618,1697,anneal-oriented-SLSQP,research/geometric-extremal/search/area/experiments.jsonl,,,0.014209197933405969,,
GE-E01619,1698,anneal-oriented-SLSQP,research/geometric-extremal/search/area/experiments.jsonl,,,0.014334223166414143,,
GE-E01620,1699,anneal-oriented-SLSQP,research/geometric-extremal/search/area/experiments.jsonl,,,0.01661296752202749,,
GE-E01621,1700,anneal-oriented-SLSQP,research/geometric-extremal/search/area/experiments.jsonl,,,0.013610649329889831,,
GE-E01622,1701,anneal-oriented-SLSQP,research/geometric-extremal/search/area/experiments.jsonl,,,0.01241665455938023,,
GE-E01623,1702,anneal-oriented-SLSQP,research/geometric-extremal/search/area/experiments.jsonl,,,0.014849621107126272,,
GE-E01624,1703,anneal-oriented-SLSQP,research/geometric-extremal/search/area/experiments.jsonl,,,0.01281415520761258,,
GE-E01625,1704,anneal-oriented-SLSQP,research/geometric-extremal/search/area/experiments.jsonl,,,0.01272482074730848,,
GE-E01626,1705,anneal-oriented-SLSQP,research/geometric-extremal/search/area/experiments.jsonl,,,0.012862106435314378,,
GE-E01627,1706,anneal-oriented-SLSQP,research/geometric-extremal/search/area/experiments.jsonl,,,0.012446537077069357,,
GE-E01628,1707,anneal-oriented-SLSQP,research/geometric-extremal/search/area/experiments.jsonl,,,0.016413278154079083,,
GE-E01629,1708,anneal-oriented-SLSQP,research/geometric-extremal/search/area/experiments.jsonl,,,0.014744629872960891,,
GE-E01630,1709,anneal-oriented-SLSQP,research/geometric-extremal/search/area/experiments.jsonl,,,0.013553993993359133,,
GE-E01631,1710,anneal-oriented-SLSQP,research/geometric-extremal/search/area/experiments.jsonl,,,0.012527822218642277,,
GE-E01632,1711,anneal-oriented-SLSQP,research/geometric-extremal/search/area/experiments.jsonl,,,0.015835557377164355,,
GE-E01633,1712,anneal-oriented-SLSQP,research/geometric-extremal/search/area/experiments.jsonl,,,0.014462381994768927,,
GE-E01634,1713,anneal-oriented-SLSQP,research/geometric-extremal/search/area/experiments.jsonl,,,0.012405695203567794,,
GE-E01635,1714,anneal-oriented-SLSQP,research/geometric-extremal/search/area/experiments.jsonl,,,0.012925183617065393,,
GE-E01636,1715,anneal-oriented-SLSQP,research/geometric-extremal/search/area/experiments.jsonl,,,0.014180153005733883,,
GE-E01637,1716,anneal-oriented-SLSQP,research/geometric-extremal/search/area/experiments.jsonl,,,0.013792919822391454,,
GE-E01638,1717,anneal-oriented-SLSQP,research/geometric-extremal/search/area/experiments.jsonl,,,0.015795372712828746,,
GE-E01639,1718,anneal-oriented-SLSQP,research/geometric-extremal/search/area/experiments.jsonl,,,0.015085007809499187,,
GE-E01640,1719,anneal-oriented-SLSQP,research/geometric-extremal/search/area/experiments.jsonl,,,0.01406075206820874,,
GE-E01641,1720,crossdomain-oriented-SLSQP,research/geometric-extremal/search/area/experiments.jsonl,,,0.024485588584362457,,
GE-E01642,1721,crossdomain-oriented-SLSQP,research/geometric-extremal/search/area/experiments.jsonl,,,0.024485588584364133,,
GE-E01643,1722,crossdomain-oriented-SLSQP,research/geometric-extremal/search/area/experiments.jsonl,,,0.019870978297604695,,
GE-E01644,1723,crossdomain-oriented-SLSQP,research/geometric-extremal/search/area/experiments.jsonl,,,0.014435500233054935,,
GE-E01645,1724,crossdomain-oriented-SLSQP,research/geometric-extremal/search/area/experiments.jsonl,,,0.024485588584363543,,
GE-E01646,1725,crossdomain-oriented-SLSQP,research/geometric-extremal/search/area/experiments.jsonl,,,0.024485588584363262,,
GE-E01647,1726,crossdomain-oriented-SLSQP,research/geometric-extremal/search/area/experiments.jsonl,,,0.017934046368623044,,
GE-E01648,1727,crossdomain-oriented-SLSQP,research/geometric-extremal/search/area/experiments.jsonl,,,0.011361190920791376,,
GE-E01649,1728,crossdomain-oriented-SLSQP,research/geometric-extremal/search/area/experiments.jsonl,,,0.024485588584343857,,
GE-E01650,1729,crossdomain-oriented-SLSQP,research/geometric-extremal/search/area/experiments.jsonl,,,0.024485588584363692,,
GE-E01651,1730,crossdomain-oriented-SLSQP,research/geometric-extremal/search/area/experiments.jsonl,,,0.014483619119916151,,
GE-E01652,1731,crossdomain-oriented-SLSQP,research/geometric-extremal/search/area/experiments.jsonl,,,0.010463590004096118,,
GE-E01653,1732,crossdomain-oriented-SLSQP,research/geometric-extremal/search/area/experiments.jsonl,,,0.02448558858436318,,
GE-E01654,1733,crossdomain-oriented-SLSQP,research/geometric-extremal/search/area/experiments.jsonl,,,0.02448558858436371,,
GE-E01655,1734,crossdomain-oriented-SLSQP,research/geometric-extremal/search/area/experiments.jsonl,,,0.015483991022456445,,
GE-E01656,1735,crossdomain-oriented-SLSQP,research/geometric-extremal/search/area/experiments.jsonl,,,0.011429496301045446,,
GE-E01657,1736,crossdomain-oriented-SLSQP,research/geometric-extremal/search/area/experiments.jsonl,,,0.024485588584338122,,
GE-E01658,1737,crossdomain-oriented-SLSQP,research/geometric-extremal/search/area/experiments.jsonl,,,0.024485588584364223,,
GE-E01659,1738,crossdomain-oriented-SLSQP,research/geometric-extremal/search/area/experiments.jsonl,,,0.02248039868987915,,
GE-E01660,1739,crossdomain-oriented-SLSQP,research/geometric-extremal/search/area/experiments.jsonl,,,0.010543043362727217,,
GE-E01661,1740,crossdomain-oriented-SLSQP,research/geometric-extremal/search/area/experiments.jsonl,,,0.02448558858436352,,
GE-E01662,1741,crossdomain-oriented-SLSQP,research/geometric-extremal/search/area/experiments.jsonl,,,0.024485588584272345,,
GE-E01663,1742,crossdomain-oriented-SLSQP,research/geometric-extremal/search/area/experiments.jsonl,,,0.014168873944193887,,
GE-E01664,1743,crossdomain-oriented-SLSQP,research/geometric-extremal/search/area/experiments.jsonl,,,0.01278796336323362,,
GE-E01665,1744,crossdomain-oriented-SLSQP,research/geometric-extremal/search/area/experiments.jsonl,,,0.024485588584364313,,
GE-E01666,1745,crossdomain-oriented-SLSQP,research/geometric-extremal/search/area/experiments.jsonl,,,0.024485588584363612,,
GE-E01667,1746,crossdomain-oriented-SLSQP,research/geometric-extremal/search/area/experiments.jsonl,,,0.019554555917781224,,
GE-E01668,1747,crossdomain-oriented-SLSQP,research/geometric-extremal/search/area/experiments.jsonl,,,0.011793869243141419,,
GE-E01669,1748,crossdomain-oriented-SLSQP,research/geometric-extremal/search/area/experiments.jsonl,,,0.024485588584363675,,
GE-E01670,1749,crossdomain-oriented-SLSQP,research/geometric-extremal/search/area/experiments.jsonl,,,0.02448558858436414,,
GE-E01671,1750,crossdomain-oriented-SLSQP,research/geometric-extremal/search/area/experiments.jsonl,,,0.01698295108508211,,
GE-E01672,1751,crossdomain-oriented-SLSQP,research/geometric-extremal/search/area/experiments.jsonl,,,0.015185090479135464,,
GE-E01673,1752,crossdomain-oriented-SLSQP,research/geometric-extremal/search/area/experiments.jsonl,,,0.024485588584362766,,
GE-E01674,1753,crossdomain-oriented-SLSQP,research/geometric-extremal/search/area/experiments.jsonl,,,0.024485588584036985,,
GE-E01675,1754,crossdomain-oriented-SLSQP,research/geometric-extremal/search/area/experiments.jsonl,,,0.019610345981387136,,
GE-E01676,1755,crossdomain-oriented-SLSQP,research/geometric-extremal/search/area/experiments.jsonl,,,0.013882256682922322,,
GE-E01677,1756,crossdomain-oriented-SLSQP,research/geometric-extremal/search/area/experiments.jsonl,,,0.024485588584058936,,
GE-E01678,1757,crossdomain-oriented-SLSQP,research/geometric-extremal/search/area/experiments.jsonl,,,0.024485588584363577,,
GE-E01679,1758,crossdomain-oriented-SLSQP,research/geometric-extremal/search/area/experiments.jsonl,,,0.013679606528950441,,
GE-E01680,1759,crossdomain-oriented-SLSQP,research/geometric-extremal/search/area/experiments.jsonl,,,0.009916416048845581,,
GE-E01681,1760,crossdomain-oriented-SLSQP,research/geometric-extremal/search/area/experiments.jsonl,,,0.02448558858436445,,
GE-E01682,1761,crossdomain-oriented-SLSQP,research/geometric-extremal/search/area/experiments.jsonl,,,0.024485588584364407,,
GE-E01683,1762,crossdomain-oriented-SLSQP,research/geometric-extremal/search/area/experiments.jsonl,,,0.015437220470932307,,
GE-E01684,1763,crossdomain-oriented-SLSQP,research/geometric-extremal/search/area/experiments.jsonl,,,0.01200753103264502,,
GE-E01685,1764,crossdomain-oriented-SLSQP,research/geometric-extremal/search/area/experiments.jsonl,,,0.024485588584357742,,
GE-E01686,1765,crossdomain-oriented-SLSQP,research/geometric-extremal/search/area/experiments.jsonl,,,0.024485588584362613,,
GE-E01687,1766,crossdomain-oriented-SLSQP,research/geometric-extremal/search/area/experiments.jsonl,,,0.022266386098830672,,
GE-E01688,1767,crossdomain-oriented-SLSQP,research/geometric-extremal/search/area/experiments.jsonl,,,0.013833145705961657,,
GE-E01689,1768,crossdomain-oriented-SLSQP,research/geometric-extremal/search/area/experiments.jsonl,,,0.024485588584363612,,
GE-E01690,1769,crossdomain-oriented-SLSQP,research/geometric-extremal/search/area/experiments.jsonl,,,0.024485588584364046,,
GE-E01691,1770,crossdomain-oriented-SLSQP,research/geometric-extremal/search/area/experiments.jsonl,,,0.019906152090607355,,
GE-E01692,1771,crossdomain-oriented-SLSQP,research/geometric-extremal/search/area/experiments.jsonl,,,0.014056520320146522,,
GE-E01693,1772,crossdomain-oriented-SLSQP,research/geometric-extremal/search/area/experiments.jsonl,,,0.024485588584363224,,
GE-E01694,1773,crossdomain-oriented-SLSQP,research/geometric-extremal/search/area/experiments.jsonl,,,0.02448558858436461,,
GE-E01695,1774,crossdomain-oriented-SLSQP,research/geometric-extremal/search/area/experiments.jsonl,,,0.018449552583163744,,
GE-E01696,1775,crossdomain-oriented-SLSQP,research/geometric-extremal/search/area/experiments.jsonl,,,0.014702740154248876,,
GE-E01697,1776,crossdomain-oriented-SLSQP,research/geometric-extremal/search/area/experiments.jsonl,,,0.024485588584155796,,
GE-E01698,1777,crossdomain-oriented-SLSQP,research/geometric-extremal/search/area/experiments.jsonl,,,0.024485588584363515,,
GE-E01699,1778,crossdomain-oriented-SLSQP,research/geometric-extremal/search/area/experiments.jsonl,,,0.020255216758855974,,
GE-E01700,1779,crossdomain-oriented-SLSQP,research/geometric-extremal/search/area/experiments.jsonl,,,0.012584029720401766,,
GE-E01701,1780,crossdomain-oriented-SLSQP,research/geometric-extremal/search/area/experiments.jsonl,,,0.024485588584355053,,
GE-E01702,1781,crossdomain-oriented-SLSQP,research/geometric-extremal/search/area/experiments.jsonl,,,0.02448558858436436,,
GE-E01703,1782,crossdomain-oriented-SLSQP,research/geometric-extremal/search/area/experiments.jsonl,,,0.01650806523953157,,
GE-E01704,1783,crossdomain-oriented-SLSQP,research/geometric-extremal/search/area/experiments.jsonl,,,0.008386015223207956,,
GE-E01705,1784,crossdomain-oriented-SLSQP,research/geometric-extremal/search/area/experiments.jsonl,,,0.024485588584358394,,
GE-E01706,1785,crossdomain-oriented-SLSQP,research/geometric-extremal/search/area/experiments.jsonl,,,0.024485588584364577,,
GE-E01707,1786,crossdomain-oriented-SLSQP,research/geometric-extremal/search/area/experiments.jsonl,,,0.020746397761449296,,
GE-E01708,1787,crossdomain-oriented-SLSQP,research/geometric-extremal/search/area/experiments.jsonl,,,0.00942437185428867,,
GE-E01709,1788,crossdomain-oriented-SLSQP,research/geometric-extremal/search/area/experiments.jsonl,,,0.02448558858436312,,
GE-E01710,1789,crossdomain-oriented-SLSQP,research/geometric-extremal/search/area/experiments.jsonl,,,0.02448558858436369,,
GE-E01711,1790,crossdomain-oriented-SLSQP,research/geometric-extremal/search/area/experiments.jsonl,,,0.019313174384956146,,
GE-E01712,1791,crossdomain-oriented-SLSQP,research/geometric-extremal/search/area/experiments.jsonl,,,0.008444336307635138,,
GE-E01713,1792,crossdomain-oriented-SLSQP,research/geometric-extremal/search/area/experiments.jsonl,,,0.02448558858432763,,
GE-E01714,1793,crossdomain-oriented-SLSQP,research/geometric-extremal/search/area/experiments.jsonl,,,0.024485588584363564,,
GE-E01715,1794,crossdomain-oriented-SLSQP,research/geometric-extremal/search/area/experiments.jsonl,,,0.013859363746283116,,
GE-E01716,1795,crossdomain-oriented-SLSQP,research/geometric-extremal/search/area/experiments.jsonl,,,0.013551405012366199,,
GE-E01717,1796,crossdomain-oriented-SLSQP,research/geometric-extremal/search/area/experiments.jsonl,,,0.024485588583944246,,
GE-E01718,1797,crossdomain-oriented-SLSQP,research/geometric-extremal/search/area/experiments.jsonl,,,0.024485588584363012,,
GE-E01719,1798,crossdomain-oriented-SLSQP,research/geometric-extremal/search/area/experiments.jsonl,,,0.019512950924846503,,
GE-E01720,1799,crossdomain-oriented-SLSQP,research/geometric-extremal/search/area/experiments.jsonl,,,0.01118353824231129,,
GE-E01721,1800,crossdomain-oriented-SLSQP,research/geometric-extremal/search/area/experiments.jsonl,,,0.024485588584282604,,
GE-E01722,1801,crossdomain-oriented-SLSQP,research/geometric-extremal/search/area/experiments.jsonl,,,0.024485588584362908,,
GE-E01723,1802,crossdomain-oriented-SLSQP,research/geometric-extremal/search/area/experiments.jsonl,,,0.01623320352759633,,
GE-E01724,1803,crossdomain-oriented-SLSQP,research/geometric-extremal/search/area/experiments.jsonl,,,0.0070515746686465,,
GE-E01725,1804,crossdomain-oriented-SLSQP,research/geometric-extremal/search/area/experiments.jsonl,,,0.024485588584243337,,
GE-E01726,1805,crossdomain-oriented-SLSQP,research/geometric-extremal/search/area/experiments.jsonl,,,0.02448558858436407,,
GE-E01727,1806,crossdomain-oriented-SLSQP,research/geometric-extremal/search/area/experiments.jsonl,,,0.015882992365531378,,
GE-E01728,1807,crossdomain-oriented-SLSQP,research/geometric-extremal/search/area/experiments.jsonl,,,0.010705443215412528,,
GE-E01729,1808,crossdomain-oriented-SLSQP,research/geometric-extremal/search/area/experiments.jsonl,,,0.02448558858436393,,
GE-E01730,1809,crossdomain-oriented-SLSQP,research/geometric-extremal/search/area/experiments.jsonl,,,0.02448558858435823,,
GE-E01731,1810,crossdomain-oriented-SLSQP,research/geometric-extremal/search/area/experiments.jsonl,,,0.021370767820693616,,
GE-E01732,1811,crossdomain-oriented-SLSQP,research/geometric-extremal/search/area/experiments.jsonl,,,0.01012087523859504,,
GE-E01733,1812,crossdomain-oriented-SLSQP,research/geometric-extremal/search/area/experiments.jsonl,,,0.024485588584055643,,
GE-E01734,1813,crossdomain-oriented-SLSQP,research/geometric-extremal/search/area/experiments.jsonl,,,0.024485588584360896,,
GE-E01735,1814,crossdomain-oriented-SLSQP,research/geometric-extremal/search/area/experiments.jsonl,,,0.020746397761451027,,
GE-E01736,1815,crossdomain-oriented-SLSQP,research/geometric-extremal/search/area/experiments.jsonl,,,0.014475667902047065,,
GE-E01737,1816,crossdomain-oriented-SLSQP,research/geometric-extremal/search/area/experiments.jsonl,,,0.024485588584363862,,
GE-E01738,1817,crossdomain-oriented-SLSQP,research/geometric-extremal/search/area/experiments.jsonl,,,0.024485588584362856,,
GE-E01739,1818,crossdomain-oriented-SLSQP,research/geometric-extremal/search/area/experiments.jsonl,,,0.016900443474532463,,
GE-E01740,1819,crossdomain-oriented-SLSQP,research/geometric-extremal/search/area/experiments.jsonl,,,0.009490057504456863,,
GE-E01741,1820,neighbor-oriented-SLSQP,research/geometric-extremal/search/area/experiments.jsonl,,,0.025558572184143293,,
GE-E01742,1820,neighbor-oriented-SLSQP,research/geometric-extremal/search/area/experiments.jsonl,,,0.024661819063323372,,
GE-E01743,1821,neighbor-oriented-SLSQP,research/geometric-extremal/search/area/experiments.jsonl,,,0.013453165509387244,,
GE-E01744,1821,neighbor-oriented-SLSQP,research/geometric-extremal/search/area/experiments.jsonl,,,0.01690952505580945,,
GE-E01745,1822,neighbor-oriented-SLSQP,research/geometric-extremal/search/area/experiments.jsonl,,,0.02469796516492775,,
GE-E01746,1822,neighbor-oriented-SLSQP,research/geometric-extremal/search/area/experiments.jsonl,,,0.025294904927175867,,
GE-E01747,1823,neighbor-oriented-SLSQP,research/geometric-extremal/search/area/experiments.jsonl,,,0.012604887290233659,,
GE-E01748,1823,neighbor-oriented-SLSQP,research/geometric-extremal/search/area/experiments.jsonl,,,0.019252750901309713,,
GE-E01749,1824,neighbor-oriented-SLSQP,research/geometric-extremal/search/area/experiments.jsonl,,,0.024227723965865363,,
GE-E01750,1824,neighbor-oriented-SLSQP,research/geometric-extremal/search/area/experiments.jsonl,,,0.025965219166219338,,
GE-E01751,1825,neighbor-oriented-SLSQP,research/geometric-extremal/search/area/experiments.jsonl,,,0.013472592379860324,,
GE-E01752,1825,neighbor-oriented-SLSQP,research/geometric-extremal/search/area/experiments.jsonl,,,0.009615120920366258,,
GE-E01753,1826,neighbor-oriented-SLSQP,research/geometric-extremal/search/area/experiments.jsonl,,,0.025558572184144514,,
GE-E01754,1826,neighbor-oriented-SLSQP,research/geometric-extremal/search/area/experiments.jsonl,,,0.024661819063403933,,
GE-E01755,1827,neighbor-oriented-SLSQP,research/geometric-extremal/search/area/experiments.jsonl,,,0.01627899854909695,,
GE-E01756,1827,neighbor-oriented-SLSQP,research/geometric-extremal/search/area/experiments.jsonl,,,0.009615120920353453,,
GE-E01757,1828,neighbor-oriented-SLSQP,research/geometric-extremal/search/area/experiments.jsonl,,,0.024227723965881343,,
GE-E01758,1828,neighbor-oriented-SLSQP,research/geometric-extremal/search/area/experiments.jsonl,,,0.02596521916622065,,
GE-E01759,1829,neighbor-oriented-SLSQP,research/geometric-extremal/search/area/experiments.jsonl,,,0.013102862806727695,,
GE-E01760,1829,neighbor-oriented-SLSQP,research/geometric-extremal/search/area/experiments.jsonl,,,0.00828752884539456,,
GE-E01761,1830,neighbor-oriented-SLSQP,research/geometric-extremal/search/area/experiments.jsonl,,,0.023778700330678408,,
GE-E01762,1830,neighbor-oriented-SLSQP,research/geometric-extremal/search/area/experiments.jsonl,,,0.027209715802742056,,
GE-E01763,1831,neighbor-oriented-SLSQP,research/geometric-extremal/search/area/experiments.jsonl,,,0.015281411951475544,,
GE-E01764,1831,neighbor-oriented-SLSQP,research/geometric-extremal/search/area/experiments.jsonl,,,0.01352679145299369,,
GE-E01765,1832,neighbor-oriented-SLSQP,research/geometric-extremal/search/area/experiments.jsonl,,,0.025443396323574466,,
GE-E01766,1832,neighbor-oriented-SLSQP,research/geometric-extremal/search/area/experiments.jsonl,,,0.025802805440449637,,
GE-E01767,1833,neighbor-oriented-SLSQP,research/geometric-extremal/search/area/experiments.jsonl,,,0.010482808148691973,,
GE-E01768,1833,neighbor-oriented-SLSQP,research/geometric-extremal/search/area/experiments.jsonl,,,0.011425589678264163,,
GE-E01769,1834,neighbor-oriented-SLSQP,research/geometric-extremal/search/area/experiments.jsonl,,,0.02430607348929492,,
GE-E01770,1834,neighbor-oriented-SLSQP,research/geometric-extremal/search/area/experiments.jsonl,,,0.02465319948656119,,
GE-E01771,1835,neighbor-oriented-SLSQP,research/geometric-extremal/search/area/experiments.jsonl,,,0.011464678672130656,,
GE-E01772,1835,neighbor-oriented-SLSQP,research/geometric-extremal/search/area/experiments.jsonl,,,0.011606171657525206,,
GE-E01773,1836,neighbor-oriented-SLSQP,research/geometric-extremal/search/area/experiments.jsonl,,,0.02422772396587249,,
GE-E01774,1836,neighbor-oriented-SLSQP,research/geometric-extremal/search/area/experiments.jsonl,,,0.025965219166219414,,
GE-E01775,1837,neighbor-oriented-SLSQP,research/geometric-extremal/search/area/experiments.jsonl,,,0.010425387298831326,,
GE-E01776,1837,neighbor-oriented-SLSQP,research/geometric-extremal/search/area/experiments.jsonl,,,0.013709342764150825,,
GE-E01777,1838,neighbor-oriented-SLSQP,research/geometric-extremal/search/area/experiments.jsonl,,,0.025297971122805168,,
GE-E01778,1838,neighbor-oriented-SLSQP,research/geometric-extremal/search/area/experiments.jsonl,,,0.026314094449127606,,
GE-E01779,1839,neighbor-oriented-SLSQP,research/geometric-extremal/search/area/experiments.jsonl,,,0.013014518242346763,,
GE-E01780,1839,neighbor-oriented-SLSQP,research/geometric-extremal/search/area/experiments.jsonl,,,0.017989959741386022,,
GE-E01781,1840,neighbor-oriented-SLSQP,research/geometric-extremal/search/area/experiments.jsonl,,,0.02524890129543427,,
GE-E01782,1840,neighbor-oriented-SLSQP,research/geometric-extremal/search/area/experiments.jsonl,,,0.024653199486574268,,
GE-E01783,1841,neighbor-oriented-SLSQP,research/geometric-extremal/search/area/experiments.jsonl,,,0.016838514318621954,,
GE-E01784,1841,neighbor-oriented-SLSQP,research/geometric-extremal/search/area/experiments.jsonl,,,0.009776406967809032,,
GE-E01785,1842,neighbor-oriented-SLSQP,research/geometric-extremal/search/area/experiments.jsonl,,,0.02651475593528714,,
GE-E01786,1842,neighbor-oriented-SLSQP,research/geometric-extremal/search/area/experiments.jsonl,,,0.024661819063472312,,
GE-E01787,1843,neighbor-oriented-SLSQP,research/geometric-extremal/search/area/experiments.jsonl,,,0.014790452684284977,,
GE-E01788,1843,neighbor-oriented-SLSQP,research/geometric-extremal/search/area/experiments.jsonl,,,0.010550682636117,,
GE-E01789,1844,neighbor-oriented-SLSQP,research/geometric-extremal/search/area/experiments.jsonl,,,0.02422772396586647,,
GE-E01790,1844,neighbor-oriented-SLSQP,research/geometric-extremal/search/area/experiments.jsonl,,,0.025965219166220455,,
GE-E01791,1845,neighbor-oriented-SLSQP,research/geometric-extremal/search/area/experiments.jsonl,,,0.018433194603037117,,
GE-E01792,1845,neighbor-oriented-SLSQP,research/geometric-extremal/search/area/experiments.jsonl,,,0.013692426804625341,,
GE-E01793,1846,neighbor-oriented-SLSQP,research/geometric-extremal/search/area/experiments.jsonl,,,0.025443396323574466,,
GE-E01794,1846,neighbor-oriented-SLSQP,research/geometric-extremal/search/area/experiments.jsonl,,,0.026314094449115227,,
GE-E01795,1847,neighbor-oriented-SLSQP,research/geometric-extremal/search/area/experiments.jsonl,,,0.01203583286184013,,
GE-E01796,1847,neighbor-oriented-SLSQP,research/geometric-extremal/search/area/experiments.jsonl,,,0.013512107574346054,,
GE-E01797,1848,neighbor-oriented-SLSQP,research/geometric-extremal/search/area/experiments.jsonl,,,0.025443396323572346,,
GE-E01798,1848,neighbor-oriented-SLSQP,research/geometric-extremal/search/area/experiments.jsonl,,,0.026314094449128262,,
GE-E01799,1849,neighbor-oriented-SLSQP,research/geometric-extremal/search/area/experiments.jsonl,,,0.013586474453187506,,
GE-E01800,1849,neighbor-oriented-SLSQP,research/geometric-extremal/search/area/experiments.jsonl,,,0.011644988926821148,,
GE-E01801,1850,neighbor-oriented-SLSQP,research/geometric-extremal/search/area/experiments.jsonl,,,0.0252979711230267,,
GE-E01802,1850,neighbor-oriented-SLSQP,research/geometric-extremal/search/area/experiments.jsonl,,,0.026314094449126704,,
GE-E01803,1851,neighbor-oriented-SLSQP,research/geometric-extremal/search/area/experiments.jsonl,,,0.01458781167021816,,
GE-E01804,1851,neighbor-oriented-SLSQP,research/geometric-extremal/search/area/experiments.jsonl,,,0.014893161235350469,,
GE-E01805,1852,neighbor-oriented-SLSQP,research/geometric-extremal/search/area/experiments.jsonl,,,0.024697965164927078,,
GE-E01806,1852,neighbor-oriented-SLSQP,research/geometric-extremal/search/area/experiments.jsonl,,,0.025690423401462822,,
GE-E01807,1853,neighbor-oriented-SLSQP,research/geometric-extremal/search/area/experiments.jsonl,,,0.018433194603140673,,
GE-E01808,1853,neighbor-oriented-SLSQP,research/geometric-extremal/search/area/experiments.jsonl,,,0.009237288099894535,,
GE-E01809,1854,neighbor-oriented-SLSQP,research/geometric-extremal/search/area/experiments.jsonl,,,0.02655652891972494,,
GE-E01810,1854,neighbor-oriented-SLSQP,research/geometric-extremal/search/area/experiments.jsonl,,,0.0259652191662199,,
GE-E01811,1855,neighbor-oriented-SLSQP,research/geometric-extremal/search/area/experiments.jsonl,,,0.012294706230089719,,
GE-E01812,1855,neighbor-oriented-SLSQP,research/geometric-extremal/search/area/experiments.jsonl,,,0.018932209431092688,,
GE-E01813,1856,neighbor-oriented-SLSQP,research/geometric-extremal/search/area/experiments.jsonl,,,0.025558572184144514,,
GE-E01814,1856,neighbor-oriented-SLSQP,research/geometric-extremal/search/area/experiments.jsonl,,,0.024661819063486346,,
GE-E01815,1857,neighbor-oriented-SLSQP,research/geometric-extremal/search/area/experiments.jsonl,,,0.016821796816583724,,
GE-E01816,1857,neighbor-oriented-SLSQP,research/geometric-extremal/search/area/experiments.jsonl,,,0.008660215992914737,,
GE-E01817,1858,neighbor-oriented-SLSQP,research/geometric-extremal/search/area/experiments.jsonl,,,0.02655652891971848,,
GE-E01818,1858,neighbor-oriented-SLSQP,research/geometric-extremal/search/area/experiments.jsonl,,,0.02584867822341897,,
GE-E01819,1859,neighbor-oriented-SLSQP,research/geometric-extremal/search/area/experiments.jsonl,,,0.010262662646229841,,
GE-E01820,1859,neighbor-oriented-SLSQP,research/geometric-extremal/search/area/experiments.jsonl,,,0.010216738991183012,,
GE-E01821,1860,neighbor-oriented-SLSQP,research/geometric-extremal/search/area/experiments.jsonl,,,0.025137848910551264,,
GE-E01822,1860,neighbor-oriented-SLSQP,research/geometric-extremal/search/area/experiments.jsonl,,,0.025634840205022887,,
GE-E01823,1861,neighbor-oriented-SLSQP,research/geometric-extremal/search/area/experiments.jsonl,,,0.013443578613426143,,
GE-E01824,1861,neighbor-oriented-SLSQP,research/geometric-extremal/search/area/experiments.jsonl,,,0.00792157514208517,,
GE-E01825,1862,neighbor-oriented-SLSQP,research/geometric-extremal/search/area/experiments.jsonl,,,0.025558572184144583,,
GE-E01826,1862,neighbor-oriented-SLSQP,research/geometric-extremal/search/area/experiments.jsonl,,,0.02466181906327142,,
GE-E01827,1863,neighbor-oriented-SLSQP,research/geometric-extremal/search/area/experiments.jsonl,,,0.017212540675812855,,
GE-E01828,1863,neighbor-oriented-SLSQP,research/geometric-extremal/search/area/experiments.jsonl,,,0.010583267844945966,,
GE-E01829,1864,neighbor-oriented-SLSQP,research/geometric-extremal/search/area/experiments.jsonl,,,0.023778700330629184,,
GE-E01830,1864,neighbor-oriented-SLSQP,research/geometric-extremal/search/area/experiments.jsonl,,,0.027209715802742278,,
GE-E01831,1865,neighbor-oriented-SLSQP,research/geometric-extremal/search/area/experiments.jsonl,,,0.012426366178362052,,
GE-E01832,1865,neighbor-oriented-SLSQP,research/geometric-extremal/search/area/experiments.jsonl,,,0.014051846995656635,,
GE-E01833,1866,neighbor-oriented-SLSQP,research/geometric-extremal/search/area/experiments.jsonl,,,0.025137848910550438,,
GE-E01834,1866,neighbor-oriented-SLSQP,research/geometric-extremal/search/area/experiments.jsonl,,,0.025802805440450004,,
GE-E01835,1867,neighbor-oriented-SLSQP,research/geometric-extremal/search/area/experiments.jsonl,,,0.010542762459199998,,
GE-E01836,1867,neighbor-oriented-SLSQP,research/geometric-extremal/search/area/experiments.jsonl,,,0.017011814326665382,,
GE-E01837,1868,neighbor-oriented-SLSQP,research/geometric-extremal/search/area/experiments.jsonl,,,0.024227723965875223,,
GE-E01838,1868,neighbor-oriented-SLSQP,research/geometric-extremal/search/area/experiments.jsonl,,,0.025965219166220518,,
GE-E01839,1869,neighbor-oriented-SLSQP,research/geometric-extremal/search/area/experiments.jsonl,,,0.014165718299437581,,
GE-E01840,1869,neighbor-oriented-SLSQP,research/geometric-extremal/search/area/experiments.jsonl,,,0.010886270722829496,,
GE-E01841,1870,neighbor-oriented-SLSQP,research/geometric-extremal/search/area/experiments.jsonl,,,0.025558572184144753,,
GE-E01842,1870,neighbor-oriented-SLSQP,research/geometric-extremal/search/area/experiments.jsonl,,,0.02585201163890264,,
GE-E01843,1871,neighbor-oriented-SLSQP,research/geometric-extremal/search/area/experiments.jsonl,,,0.016163657206296603,,
GE-E01844,1871,neighbor-oriented-SLSQP,research/geometric-extremal/search/area/experiments.jsonl,,,0.012748251102717443,,
GE-E01845,1872,neighbor-oriented-SLSQP,research/geometric-extremal/search/area/experiments.jsonl,,,0.025137848910547524,,
GE-E01846,1872,neighbor-oriented-SLSQP,research/geometric-extremal/search/area/experiments.jsonl,,,0.02580280544045012,,
GE-E01847,1873,neighbor-oriented-SLSQP,research/geometric-extremal/search/area/experiments.jsonl,,,0.01242636617835987,,
GE-E01848,1873,neighbor-oriented-SLSQP,research/geometric-extremal/search/area/experiments.jsonl,,,0.017090590623049625,,
GE-E01849,1874,neighbor-oriented-SLSQP,research/geometric-extremal/search/area/experiments.jsonl,,,0.025558572184144583,,
GE-E01850,1874,neighbor-oriented-SLSQP,research/geometric-extremal/search/area/experiments.jsonl,,,0.024661819063455746,,
GE-E01851,1875,neighbor-oriented-SLSQP,research/geometric-extremal/search/area/experiments.jsonl,,,0.01925866232839934,,
GE-E01852,1875,neighbor-oriented-SLSQP,research/geometric-extremal/search/area/experiments.jsonl,,,0.012417793512885933,,
GE-E01853,1876,neighbor-oriented-SLSQP,research/geometric-extremal/search/area/experiments.jsonl,,,0.025297971122810847,,
GE-E01854,1876,neighbor-oriented-SLSQP,research/geometric-extremal/search/area/experiments.jsonl,,,0.025690423401461566,,
GE-E01855,1877,neighbor-oriented-SLSQP,research/geometric-extremal/search/area/experiments.jsonl,,,0.016248468843638005,,
GE-E01856,1877,neighbor-oriented-SLSQP,research/geometric-extremal/search/area/experiments.jsonl,,,0.013374348904057634,,
GE-E01857,1878,neighbor-oriented-SLSQP,research/geometric-extremal/search/area/experiments.jsonl,,,0.025558572184141027,,
GE-E01858,1878,neighbor-oriented-SLSQP,research/geometric-extremal/search/area/experiments.jsonl,,,0.027274731889280507,,
GE-E01859,1879,neighbor-oriented-SLSQP,research/geometric-extremal/search/area/experiments.jsonl,,,0.01626722824967986,,
GE-E01860,1879,neighbor-oriented-SLSQP,research/geometric-extremal/search/area/experiments.jsonl,,,0.013719681866691459,,
GE-E01861,1880,neighbor-oriented-SLSQP,research/geometric-extremal/search/area/experiments.jsonl,,,0.023778700330633847,,
GE-E01862,1880,neighbor-oriented-SLSQP,research/geometric-extremal/search/area/experiments.jsonl,,,0.02631409444912787,,
GE-E01863,1881,neighbor-oriented-SLSQP,research/geometric-extremal/search/area/experiments.jsonl,,,0.014125426766145645,,
GE-E01864,1881,neighbor-oriented-SLSQP,research/geometric-extremal/search/area/experiments.jsonl,,,0.012441946722263517,,
GE-E01865,1882,neighbor-oriented-SLSQP,research/geometric-extremal/search/area/experiments.jsonl,,,0.0242277239658541,,
GE-E01866,1882,neighbor-oriented-SLSQP,research/geometric-extremal/search/area/experiments.jsonl,,,0.025965219166055622,,
GE-E01867,1883,neighbor-oriented-SLSQP,research/geometric-extremal/search/area/experiments.jsonl,,,0.016267228249678977,,
GE-E01868,1883,neighbor-oriented-SLSQP,research/geometric-extremal/search/area/experiments.jsonl,,,0.013374348903706182,,
GE-E01869,1884,neighbor-oriented-SLSQP,research/geometric-extremal/search/area/experiments.jsonl,,,0.025474095077685735,,
GE-E01870,1884,neighbor-oriented-SLSQP,research/geometric-extremal/search/area/experiments.jsonl,,,0.02560763138667785,,
GE-E01871,1885,neighbor-oriented-SLSQP,research/geometric-extremal/search/area/experiments.jsonl,,,0.013980519426707354,,
GE-E01872,1885,neighbor-oriented-SLSQP,research/geometric-extremal/search/area/experiments.jsonl,,,0.017818521524438108,,
GE-E01873,1886,neighbor-oriented-SLSQP,research/geometric-extremal/search/area/experiments.jsonl,,,0.02524890129529179,,
GE-E01874,1886,neighbor-oriented-SLSQP,research/geometric-extremal/search/area/experiments.jsonl,,,0.024653199486550897,,
GE-E01875,1887,neighbor-oriented-SLSQP,research/geometric-extremal/search/area/experiments.jsonl,,,0.01567680144795679,,
GE-E01876,1887,neighbor-oriented-SLSQP,research/geometric-extremal/search/area/experiments.jsonl,,,0.01804774592815987,,
GE-E01877,1888,neighbor-oriented-SLSQP,research/geometric-extremal/search/area/experiments.jsonl,,,0.025248901295458252,,
GE-E01878,1888,neighbor-oriented-SLSQP,research/geometric-extremal/search/area/experiments.jsonl,,,0.025294904926693937,,
GE-E01879,1889,neighbor-oriented-SLSQP,research/geometric-extremal/search/area/experiments.jsonl,,,0.012053161118562953,,
GE-E01880,1889,neighbor-oriented-SLSQP,research/geometric-extremal/search/area/experiments.jsonl,,,0.011551650898743717,,
GE-E01881,1890,neighbor-oriented-SLSQP,research/geometric-extremal/search/area/experiments.jsonl,,,0.025558572184144583,,
GE-E01882,1890,neighbor-oriented-SLSQP,research/geometric-extremal/search/area/experiments.jsonl,,,0.027274731889280358,,
GE-E01883,1891,neighbor-oriented-SLSQP,research/geometric-extremal/search/area/experiments.jsonl,,,0.017341708216476646,,
GE-E01884,1891,neighbor-oriented-SLSQP,research/geometric-extremal/search/area/experiments.jsonl,,,0.01310982668108199,,
GE-E01885,1892,neighbor-oriented-SLSQP,research/geometric-extremal/search/area/experiments.jsonl,,,0.024227723965849955,,
GE-E01886,1892,neighbor-oriented-SLSQP,research/geometric-extremal/search/area/experiments.jsonl,,,0.025852011638904347,,
GE-E01887,1893,neighbor-oriented-SLSQP,research/geometric-extremal/search/area/experiments.jsonl,,,0.014274685079258378,,
GE-E01888,1893,neighbor-oriented-SLSQP,research/geometric-extremal/search/area/experiments.jsonl,,,0.01413750928392121,,
GE-E01889,1894,neighbor-oriented-SLSQP,research/geometric-extremal/search/area/experiments.jsonl,,,0.02500961485570244,,
GE-E01890,1894,neighbor-oriented-SLSQP,research/geometric-extremal/search/area/experiments.jsonl,,,0.025634840204960884,,
GE-E01891,1895,neighbor-oriented-SLSQP,research/geometric-extremal/search/area/experiments.jsonl,,,0.01017817992622421,,
GE-E01892,1895,neighbor-oriented-SLSQP,research/geometric-extremal/search/area/experiments.jsonl,,,0.015310933809730698,,
GE-E01893,1896,neighbor-oriented-SLSQP,research/geometric-extremal/search/area/experiments.jsonl,,,0.025558572184144753,,
GE-E01894,1896,neighbor-oriented-SLSQP,research/geometric-extremal/search/area/experiments.jsonl,,,0.025852011638903397,,
GE-E01895,1897,neighbor-oriented-SLSQP,research/geometric-extremal/search/area/experiments.jsonl,,,0.011565387013264598,,
GE-E01896,1897,neighbor-oriented-SLSQP,research/geometric-extremal/search/area/experiments.jsonl,,,0.017682877362518373,,
GE-E01897,1898,neighbor-oriented-SLSQP,research/geometric-extremal/search/area/experiments.jsonl,,,0.025248901294842033,,
GE-E01898,1898,neighbor-oriented-SLSQP,research/geometric-extremal/search/area/experiments.jsonl,,,0.025294904926721797,,
GE-E01899,1899,neighbor-oriented-SLSQP,research/geometric-extremal/search/area/experiments.jsonl,,,0.01582890142626172,,
GE-E01900,1899,neighbor-oriented-SLSQP,research/geometric-extremal/search/area/experiments.jsonl,,,0.012418428175433744,,
GE-E01901,1900,neighbor-oriented-SLSQP,research/geometric-extremal/search/area/experiments.jsonl,,,0.02500961485516538,,
GE-E01902,1900,neighbor-oriented-SLSQP,research/geometric-extremal/search/area/experiments.jsonl,,,0.02563484020499675,,
GE-E01903,1901,neighbor-oriented-SLSQP,research/geometric-extremal/search/area/experiments.jsonl,,,0.014715410293152181,,
GE-E01904,1901,neighbor-oriented-SLSQP,research/geometric-extremal/search/area/experiments.jsonl,,,0.014888555532938583,,
GE-E01905,1902,neighbor-oriented-SLSQP,research/geometric-extremal/search/area/experiments.jsonl,,,0.025137848910552825,,
GE-E01906,1902,neighbor-oriented-SLSQP,research/geometric-extremal/search/area/experiments.jsonl,,,0.025802805440449925,,
GE-E01907,1903,neighbor-oriented-SLSQP,research/geometric-extremal/search/area/experiments.jsonl,,,0.015435376214868636,,
GE-E01908,1903,neighbor-oriented-SLSQP,research/geometric-extremal/search/area/experiments.jsonl,,,0.011576344098577503,,
GE-E01909,1904,neighbor-oriented-SLSQP,research/geometric-extremal/search/area/experiments.jsonl,,,0.025474095077794294,,
GE-E01910,1904,neighbor-oriented-SLSQP,research/geometric-extremal/search/area/experiments.jsonl,,,0.025607631386523534,,
GE-E01911,1905,neighbor-oriented-SLSQP,research/geometric-extremal/search/area/experiments.jsonl,,,0.014566431490171053,,
GE-E01912,1905,neighbor-oriented-SLSQP,research/geometric-extremal/search/area/experiments.jsonl,,,0.010701431093136603,,
GE-E01913,1906,neighbor-oriented-SLSQP,research/geometric-extremal/search/area/experiments.jsonl,,,0.02430607348929492,,
GE-E01914,1906,neighbor-oriented-SLSQP,research/geometric-extremal/search/area/experiments.jsonl,,,0.02584867822341873,,
GE-E01915,1907,neighbor-oriented-SLSQP,research/geometric-extremal/search/area/experiments.jsonl,,,0.011921308751389378,,
GE-E01916,1907,neighbor-oriented-SLSQP,research/geometric-extremal/search/area/experiments.jsonl,,,0.014089649554204756,,
GE-E01917,1908,neighbor-oriented-SLSQP,research/geometric-extremal/search/area/experiments.jsonl,,,0.02547409507781539,,
GE-E01918,1908,neighbor-oriented-SLSQP,research/geometric-extremal/search/area/experiments.jsonl,,,0.025607631386678556,,
GE-E01919,1909,neighbor-oriented-SLSQP,research/geometric-extremal/search/area/experiments.jsonl,,,0.011409323209327698,,
GE-E01920,1909,neighbor-oriented-SLSQP,research/geometric-extremal/search/area/experiments.jsonl,,,0.014769914975820088,,
GE-E01921,1910,neighbor-oriented-SLSQP,research/geometric-extremal/search/area/experiments.jsonl,,,0.025137848910550886,,
GE-E01922,1910,neighbor-oriented-SLSQP,research/geometric-extremal/search/area/experiments.jsonl,,,0.025802805440450792,,
GE-E01923,1911,neighbor-oriented-SLSQP,research/geometric-extremal/search/area/experiments.jsonl,,,0.014906939418748103,,
GE-E01924,1911,neighbor-oriented-SLSQP,research/geometric-extremal/search/area/experiments.jsonl,,,0.01576389374662442,,
GE-E01925,1912,neighbor-oriented-SLSQP,research/geometric-extremal/search/area/experiments.jsonl,,,0.025558572184144583,,
GE-E01926,1912,neighbor-oriented-SLSQP,research/geometric-extremal/search/area/experiments.jsonl,,,0.027274731889280247,,
GE-E01927,1913,neighbor-oriented-SLSQP,research/geometric-extremal/search/area/experiments.jsonl,,,0.018433194603158256,,
GE-E01928,1913,neighbor-oriented-SLSQP,research/geometric-extremal/search/area/experiments.jsonl,,,0.013241367525798808,,
GE-E01929,1914,neighbor-oriented-SLSQP,research/geometric-extremal/search/area/experiments.jsonl,,,0.025137848910550757,,
GE-E01930,1914,neighbor-oriented-SLSQP,research/geometric-extremal/search/area/experiments.jsonl,,,0.025802805440450743,,
GE-E01931,1915,neighbor-oriented-SLSQP,research/geometric-extremal/search/area/experiments.jsonl,,,0.01454940725677429,,
GE-E01932,1915,neighbor-oriented-SLSQP,research/geometric-extremal/search/area/experiments.jsonl,,,0.015906943542571612,,
GE-E01933,1916,neighbor-oriented-SLSQP,research/geometric-extremal/search/area/experiments.jsonl,,,0.025558572184144583,,
GE-E01934,1916,neighbor-oriented-SLSQP,research/geometric-extremal/search/area/experiments.jsonl,,,0.02466181906348663,,
GE-E01935,1917,neighbor-oriented-SLSQP,research/geometric-extremal/search/area/experiments.jsonl,,,0.014710986210508085,,
GE-E01936,1917,neighbor-oriented-SLSQP,research/geometric-extremal/search/area/experiments.jsonl,,,0.01287521757352373,,
GE-E01937,1918,neighbor-oriented-SLSQP,research/geometric-extremal/search/area/experiments.jsonl,,,0.02469796516492933,,
GE-E01938,1918,neighbor-oriented-SLSQP,research/geometric-extremal/search/area/experiments.jsonl,,,0.025690423401463613,,
GE-E01939,1919,neighbor-oriented-SLSQP,research/geometric-extremal/search/area/experiments.jsonl,,,0.012395223399569983,,
GE-E01940,1919,neighbor-oriented-SLSQP,research/geometric-extremal/search/area/experiments.jsonl,,,0.014654441288223147,,
GE-E01941,1920,neighbor-oriented-SLSQP,research/geometric-extremal/search/area/experiments.jsonl,,,0.026514755935287786,,
GE-E01942,1920,neighbor-oriented-SLSQP,research/geometric-extremal/search/area/experiments.jsonl,,,0.0264780182386708,,
GE-E01943,1921,neighbor-oriented-SLSQP,research/geometric-extremal/search/area/experiments.jsonl,,,0.016001727139601032,,
GE-E01944,1921,neighbor-oriented-SLSQP,research/geometric-extremal/search/area/experiments.jsonl,,,0.018514777037538566,,
GE-E01945,1922,neighbor-oriented-SLSQP,research/geometric-extremal/search/area/experiments.jsonl,,,0.025558572184144583,,
GE-E01946,1922,neighbor-oriented-SLSQP,research/geometric-extremal/search/area/experiments.jsonl,,,0.02466181906329247,,
GE-E01947,1923,neighbor-oriented-SLSQP,research/geometric-extremal/search/area/experiments.jsonl,,,0.015055946691401137,,
GE-E01948,1923,neighbor-oriented-SLSQP,research/geometric-extremal/search/area/experiments.jsonl,,,0.0093416330184883,,
GE-E01949,1924,neighbor-oriented-SLSQP,research/geometric-extremal/search/area/experiments.jsonl,,,0.025558572184139847,,
GE-E01950,1924,neighbor-oriented-SLSQP,research/geometric-extremal/search/area/experiments.jsonl,,,0.02727473188928052,,
GE-E01951,1925,neighbor-oriented-SLSQP,research/geometric-extremal/search/area/experiments.jsonl,,,0.012957637245526964,,
GE-E01952,1925,neighbor-oriented-SLSQP,research/geometric-extremal/search/area/experiments.jsonl,,,0.009523371927398569,,
GE-E01953,1926,neighbor-oriented-SLSQP,research/geometric-extremal/search/area/experiments.jsonl,,,0.02422772396585163,,
GE-E01954,1926,neighbor-oriented-SLSQP,research/geometric-extremal/search/area/experiments.jsonl,,,0.02596521916621934,,
GE-E01955,1927,neighbor-oriented-SLSQP,research/geometric-extremal/search/area/experiments.jsonl,,,0.017896596183599137,,
GE-E01956,1927,neighbor-oriented-SLSQP,research/geometric-extremal/search/area/experiments.jsonl,,,0.013388267266386238,,
GE-E01957,1928,neighbor-oriented-SLSQP,research/geometric-extremal/search/area/experiments.jsonl,,,0.02500961485566427,,
GE-E01958,1928,neighbor-oriented-SLSQP,research/geometric-extremal/search/area/experiments.jsonl,,,0.02647801823875149,,
GE-E01959,1929,neighbor-oriented-SLSQP,research/geometric-extremal/search/area/experiments.jsonl,,,0.013426144575989764,,
GE-E01960,1929,neighbor-oriented-SLSQP,research/geometric-extremal/search/area/experiments.jsonl,,,0.010297875418186738,,
GE-E01961,1930,neighbor-oriented-SLSQP,research/geometric-extremal/search/area/experiments.jsonl,,,0.025248901294966593,,
GE-E01962,1930,neighbor-oriented-SLSQP,research/geometric-extremal/search/area/experiments.jsonl,,,0.025294904926550753,,
GE-E01963,1931,neighbor-oriented-SLSQP,research/geometric-extremal/search/area/experiments.jsonl,,,0.012426366178358796,,
GE-E01964,1931,neighbor-oriented-SLSQP,research/geometric-extremal/search/area/experiments.jsonl,,,0.019788530332296005,,
GE-E01965,1932,neighbor-oriented-SLSQP,research/geometric-extremal/search/area/experiments.jsonl,,,0.02524890129531221,,
GE-E01966,1932,neighbor-oriented-SLSQP,research/geometric-extremal/search/area/experiments.jsonl,,,0.02465319948657389,,
GE-E01967,1933,neighbor-oriented-SLSQP,research/geometric-extremal/search/area/experiments.jsonl,,,0.013976570611616109,,
GE-E01968,1933,neighbor-oriented-SLSQP,research/geometric-extremal/search/area/experiments.jsonl,,,0.013122556256892931,,
GE-E01969,1934,neighbor-oriented-SLSQP,research/geometric-extremal/search/area/experiments.jsonl,,,0.023778700330655923,,
GE-E01970,1934,neighbor-oriented-SLSQP,research/geometric-extremal/search/area/experiments.jsonl,,,0.027209715802742424,,
GE-E01971,1935,neighbor-oriented-SLSQP,research/geometric-extremal/search/area/experiments.jsonl,,,0.014523436575147054,,
GE-E01972,1935,neighbor-oriented-SLSQP,research/geometric-extremal/search/area/experiments.jsonl,,,0.013149378617587243,,
GE-E01973,1936,neighbor-oriented-SLSQP,research/geometric-extremal/search/area/experiments.jsonl,,,0.025297971123026078,,
GE-E01974,1936,neighbor-oriented-SLSQP,research/geometric-extremal/search/area/experiments.jsonl,,,0.026314094449127242,,
GE-E01975,1937,neighbor-oriented-SLSQP,research/geometric-extremal/search/area/experiments.jsonl,,,0.012294706230280603,,
GE-E01976,1937,neighbor-oriented-SLSQP,research/geometric-extremal/search/area/experiments.jsonl,,,0.011646102462151245,,
GE-E01977,1938,neighbor-oriented-SLSQP,research/geometric-extremal/search/area/experiments.jsonl,,,0.02513784891055259,,
GE-E01978,1938,neighbor-oriented-SLSQP,research/geometric-extremal/search/area/experiments.jsonl,,,0.025802805440449886,,
GE-E01979,1939,neighbor-oriented-SLSQP,research/geometric-extremal/search/area/experiments.jsonl,,,0.01316254477914638,,
GE-E01980,1939,neighbor-oriented-SLSQP,research/geometric-extremal/search/area/experiments.jsonl,,,0.009129597908930778,,
GE-E01981,1940,neighbor-oriented-SLSQP,research/geometric-extremal/search/area/experiments.jsonl,,,0.02422772396586247,,
GE-E01982,1940,neighbor-oriented-SLSQP,research/geometric-extremal/search/area/experiments.jsonl,,,0.025852011638904687,,
GE-E01983,1941,neighbor-oriented-SLSQP,research/geometric-extremal/search/area/experiments.jsonl,,,0.017450777265477207,,
GE-E01984,1941,neighbor-oriented-SLSQP,research/geometric-extremal/search/area/experiments.jsonl,,,0.011708851316779685,,
GE-E01985,1942,neighbor-oriented-SLSQP,research/geometric-extremal/search/area/experiments.jsonl,,,0.02655652891971792,,
GE-E01986,1942,neighbor-oriented-SLSQP,research/geometric-extremal/search/area/experiments.jsonl,,,0.02596521916622004,,
GE-E01987,1943,neighbor-oriented-SLSQP,research/geometric-extremal/search/area/experiments.jsonl,,,0.014182956285672562,,
GE-E01988,1943,neighbor-oriented-SLSQP,research/geometric-extremal/search/area/experiments.jsonl,,,0.012644660348642301,,
GE-E01989,1944,neighbor-oriented-SLSQP,research/geometric-extremal/search/area/experiments.jsonl,,,0.026514755935233406,,
GE-E01990,1944,neighbor-oriented-SLSQP,research/geometric-extremal/search/area/experiments.jsonl,,,0.02466181906348509,,
GE-E01991,1945,neighbor-oriented-SLSQP,research/geometric-extremal/search/area/experiments.jsonl,,,0.013750365073851785,,
GE-E01992,1945,neighbor-oriented-SLSQP,research/geometric-extremal/search/area/experiments.jsonl,,,0.009106785602701135,,
GE-E01993,1946,neighbor-oriented-SLSQP,research/geometric-extremal/search/area/experiments.jsonl,,,0.024306073489294606,,
GE-E01994,1946,neighbor-oriented-SLSQP,research/geometric-extremal/search/area/experiments.jsonl,,,0.0246531994865743,,
GE-E01995,1947,neighbor-oriented-SLSQP,research/geometric-extremal/search/area/experiments.jsonl,,,0.013008962127293213,,
GE-E01996,1947,neighbor-oriented-SLSQP,research/geometric-extremal/search/area/experiments.jsonl,,,0.013753735196869397,,
GE-E01997,1948,neighbor-oriented-SLSQP,research/geometric-extremal/search/area/experiments.jsonl,,,0.025558572184139847,,
GE-E01998,1948,neighbor-oriented-SLSQP,research/geometric-extremal/search/area/experiments.jsonl,,,0.027274731889281076,,
GE-E01999,1949,neighbor-oriented-SLSQP,research/geometric-extremal/search/area/experiments.jsonl,,,0.009122702453495217,,
GE-E02000,1949,neighbor-oriented-SLSQP,research/geometric-extremal/search/area/experiments.jsonl,,,0.01509288089883298,,
GE-E02001,1950,neighbor-oriented-SLSQP,research/geometric-extremal/search/area/experiments.jsonl,,,0.024306073489293152,,
GE-E02002,1950,neighbor-oriented-SLSQP,research/geometric-extremal/search/area/experiments.jsonl,,,0.024653199486573955,,
GE-E02003,1951,neighbor-oriented-SLSQP,research/geometric-extremal/search/area/experiments.jsonl,,,0.010967085033301635,,
GE-E02004,1951,neighbor-oriented-SLSQP,research/geometric-extremal/search/area/experiments.jsonl,,,0.012875217573046672,,
GE-E02005,1952,neighbor-oriented-SLSQP,research/geometric-extremal/search/area/experiments.jsonl,,,0.02500961485554849,,
GE-E02006,1952,neighbor-oriented-SLSQP,research/geometric-extremal/search/area/experiments.jsonl,,,0.025634840204881548,,
GE-E02007,1953,neighbor-oriented-SLSQP,research/geometric-extremal/search/area/experiments.jsonl,,,0.014527334490435117,,
GE-E02008,1953,neighbor-oriented-SLSQP,research/geometric-extremal/search/area/experiments.jsonl,,,0.0140102722778909,,
GE-E02009,1954,neighbor-oriented-SLSQP,research/geometric-extremal/search/area/experiments.jsonl,,,0.02544339632357508,,
GE-E02010,1954,neighbor-oriented-SLSQP,research/geometric-extremal/search/area/experiments.jsonl,,,0.026314094449127537,,
GE-E02011,1955,neighbor-oriented-SLSQP,research/geometric-extremal/search/area/experiments.jsonl,,,0.013209443238891004,,
GE-E02012,1955,neighbor-oriented-SLSQP,research/geometric-extremal/search/area/experiments.jsonl,,,0.011624824381532608,,
GE-E02013,1956,neighbor-oriented-SLSQP,research/geometric-extremal/search/area/experiments.jsonl,,,0.025558572184144583,,
GE-E02014,1956,neighbor-oriented-SLSQP,research/geometric-extremal/search/area/experiments.jsonl,,,0.027274731889281117,,
GE-E02015,1957,neighbor-oriented-SLSQP,research/geometric-extremal/search/area/experiments.jsonl,,,0.014787478102853031,,
GE-E02016,1957,neighbor-oriented-SLSQP,research/geometric-extremal/search/area/experiments.jsonl,,,0.014458959006451461,,
GE-E02017,1958,neighbor-oriented-SLSQP,research/geometric-extremal/search/area/experiments.jsonl,,,0.025009614855404202,,
GE-E02018,1958,neighbor-oriented-SLSQP,research/geometric-extremal/search/area/experiments.jsonl,,,0.025634840204887304,,
GE-E02019,1959,neighbor-oriented-SLSQP,research/geometric-extremal/search/area/experiments.jsonl,,,0.014227859942707297,,
GE-E02020,1959,neighbor-oriented-SLSQP,research/geometric-extremal/search/area/experiments.jsonl,,,0.012053698898413975,,
GE-E02021,1960,neighbor-oriented-SLSQP,research/geometric-extremal/search/area/experiments.jsonl,,,0.025248901295417146,,
GE-E02022,1960,neighbor-oriented-SLSQP,research/geometric-extremal/search/area/experiments.jsonl,,,0.025294904927175496,,
GE-E02023,1961,neighbor-oriented-SLSQP,research/geometric-extremal/search/area/experiments.jsonl,,,0.013215446123362435,,
GE-E02024,1961,neighbor-oriented-SLSQP,research/geometric-extremal/search/area/experiments.jsonl,,,0.008653155212768306,,
GE-E02025,1962,neighbor-oriented-SLSQP,research/geometric-extremal/search/area/experiments.jsonl,,,0.02555857218414026,,
GE-E02026,1962,neighbor-oriented-SLSQP,research/geometric-extremal/search/area/experiments.jsonl,,,0.02466181906348077,,
GE-E02027,1963,neighbor-oriented-SLSQP,research/geometric-extremal/search/area/experiments.jsonl,,,0.010509487356766168,,
GE-E02028,1963,neighbor-oriented-SLSQP,research/geometric-extremal/search/area/experiments.jsonl,,,0.013502573308312888,,
GE-E02029,1964,neighbor-oriented-SLSQP,research/geometric-extremal/search/area/experiments.jsonl,,,0.02377870033056878,,
GE-E02030,1964,neighbor-oriented-SLSQP,research/geometric-extremal/search/area/experiments.jsonl,,,0.0272097158027411,,
GE-E02031,1965,neighbor-oriented-SLSQP,research/geometric-extremal/search/area/experiments.jsonl,,,0.01227933281566206,,
GE-E02032,1965,neighbor-oriented-SLSQP,research/geometric-extremal/search/area/experiments.jsonl,,,0.010748968951388058,,
GE-E02033,1966,neighbor-oriented-SLSQP,research/geometric-extremal/search/area/experiments.jsonl,,,0.024227723965851666,,
GE-E02034,1966,neighbor-oriented-SLSQP,research/geometric-extremal/search/area/experiments.jsonl,,,0.025852011638903816,,
GE-E02035,1967,neighbor-oriented-SLSQP,research/geometric-extremal/search/area/experiments.jsonl,,,0.014969813510569516,,
GE-E02036,1967,neighbor-oriented-SLSQP,research/geometric-extremal/search/area/experiments.jsonl,,,0.019731067811121265,,
GE-E02037,1968,neighbor-oriented-SLSQP,research/geometric-extremal/search/area/experiments.jsonl,,,0.02513784890999998,,
GE-E02038,1968,neighbor-oriented-SLSQP,research/geometric-extremal/search/area/experiments.jsonl,,,0.025802805440449095,,
GE-E02039,1969,neighbor-oriented-SLSQP,research/geometric-extremal/search/area/experiments.jsonl,,,0.01293688668468763,,
GE-E02040,1969,neighbor-oriented-SLSQP,research/geometric-extremal/search/area/experiments.jsonl,,,0.00788340886639329,,
GE-E02041,1970,neighbor-oriented-SLSQP,research/geometric-extremal/search/area/experiments.jsonl,,,0.025297971123023514,,
GE-E02042,1970,neighbor-oriented-SLSQP,research/geometric-extremal/search/area/experiments.jsonl,,,0.025690423401462614,,
GE-E02043,1971,neighbor-oriented-SLSQP,research/geometric-extremal/search/area/experiments.jsonl,,,0.010848946603247424,,
GE-E02044,1971,neighbor-oriented-SLSQP,research/geometric-extremal/search/area/experiments.jsonl,,,0.010649554703433567,,
GE-E02045,1972,neighbor-oriented-SLSQP,research/geometric-extremal/search/area/experiments.jsonl,,,0.0255585721841421,,
GE-E02046,1972,neighbor-oriented-SLSQP,research/geometric-extremal/search/area/experiments.jsonl,,,0.02727473188928167,,
GE-E02047,1973,neighbor-oriented-SLSQP,research/geometric-extremal/search/area/experiments.jsonl,,,0.01432712411304994,,
GE-E02048,1973,neighbor-oriented-SLSQP,research/geometric-extremal/search/area/experiments.jsonl,,,0.01181212669452858,,
GE-E02049,1974,neighbor-oriented-SLSQP,research/geometric-extremal/search/area/experiments.jsonl,,,0.025558572184140364,,
GE-E02050,1974,neighbor-oriented-SLSQP,research/geometric-extremal/search/area/experiments.jsonl,,,0.027274731889280566,,
GE-E02051,1975,neighbor-oriented-SLSQP,research/geometric-extremal/search/area/experiments.jsonl,,,0.01726526434865208,,
GE-E02052,1975,neighbor-oriented-SLSQP,research/geometric-extremal/search/area/experiments.jsonl,,,0.012893400918926339,,
GE-E02053,1976,neighbor-oriented-SLSQP,research/geometric-extremal/search/area/experiments.jsonl,,,0.024227723965864607,,
GE-E02054,1976,neighbor-oriented-SLSQP,research/geometric-extremal/search/area/experiments.jsonl,,,0.02596521916622089,,
GE-E02055,1977,neighbor-oriented-SLSQP,research/geometric-extremal/search/area/experiments.jsonl,,,0.018484201613814605,,
GE-E02056,1977,neighbor-oriented-SLSQP,research/geometric-extremal/search/area/experiments.jsonl,,,0.01635830812264699,,
GE-E02057,1978,neighbor-oriented-SLSQP,research/geometric-extremal/search/area/experiments.jsonl,,,0.025137848910548464,,
GE-E02058,1978,neighbor-oriented-SLSQP,research/geometric-extremal/search/area/experiments.jsonl,,,0.02580280544044988,,
GE-E02059,1979,neighbor-oriented-SLSQP,research/geometric-extremal/search/area/experiments.jsonl,,,0.015443698700908256,,
GE-E02060,1979,neighbor-oriented-SLSQP,research/geometric-extremal/search/area/experiments.jsonl,,,0.009664829560015234,,
GE-E02061,1980,neighbor-oriented-SLSQP,research/geometric-extremal/search/area/experiments.jsonl,,,0.025443396323574466,,
GE-E02062,1980,neighbor-oriented-SLSQP,research/geometric-extremal/search/area/experiments.jsonl,,,0.02631409444912798,,
GE-E02063,1981,neighbor-oriented-SLSQP,research/geometric-extremal/search/area/experiments.jsonl,,,0.014218925431998247,,
GE-E02064,1981,neighbor-oriented-SLSQP,research/geometric-extremal/search/area/experiments.jsonl,,,0.015312865509615546,,
GE-E02065,1982,neighbor-oriented-SLSQP,research/geometric-extremal/search/area/experiments.jsonl,,,0.026556528919714155,,
GE-E02066,1982,neighbor-oriented-SLSQP,research/geometric-extremal/search/area/experiments.jsonl,,,0.025965219166219508,,
GE-E02067,1983,neighbor-oriented-SLSQP,research/geometric-extremal/search/area/experiments.jsonl,,,0.013432743831621323,,
GE-E02068,1983,neighbor-oriented-SLSQP,research/geometric-extremal/search/area/experiments.jsonl,,,0.009012671529373645,,
GE-E02069,1984,neighbor-oriented-SLSQP,research/geometric-extremal/search/area/experiments.jsonl,,,0.02469796516492775,,
GE-E02070,1984,neighbor-oriented-SLSQP,research/geometric-extremal/search/area/experiments.jsonl,,,0.02569042340146256,,
GE-E02071,1985,neighbor-oriented-SLSQP,research/geometric-extremal/search/area/experiments.jsonl,,,0.01500912419936075,,
GE-E02072,1985,neighbor-oriented-SLSQP,research/geometric-extremal/search/area/experiments.jsonl,,,0.018687155026148736,,
GE-E02073,1986,neighbor-oriented-SLSQP,research/geometric-extremal/search/area/experiments.jsonl,,,0.025137848910550285,,
GE-E02074,1986,neighbor-oriented-SLSQP,research/geometric-extremal/search/area/experiments.jsonl,,,0.02580280544045065,,
GE-E02075,1987,neighbor-oriented-SLSQP,research/geometric-extremal/search/area/experiments.jsonl,,,0.015667325337983186,,
GE-E02076,1987,neighbor-oriented-SLSQP,research/geometric-extremal/search/area/experiments.jsonl,,,0.009265886707004319,,
GE-E02077,1988,neighbor-oriented-SLSQP,research/geometric-extremal/search/area/experiments.jsonl,,,0.026514755935288136,,
GE-E02078,1988,neighbor-oriented-SLSQP,research/geometric-extremal/search/area/experiments.jsonl,,,0.02647801823804922,,
GE-E02079,1989,neighbor-oriented-SLSQP,research/geometric-extremal/search/area/experiments.jsonl,,,0.013512507185579928,,
GE-E02080,1989,neighbor-oriented-SLSQP,research/geometric-extremal/search/area/experiments.jsonl,,,0.011734453752515164,,
GE-E02081,1990,neighbor-oriented-SLSQP,research/geometric-extremal/search/area/experiments.jsonl,,,0.02422772396584196,,
GE-E02082,1990,neighbor-oriented-SLSQP,research/geometric-extremal/search/area/experiments.jsonl,,,0.02585201163890354,,
GE-E02083,1991,neighbor-oriented-SLSQP,research/geometric-extremal/search/area/experiments.jsonl,,,0.011085239975477397,,
GE-E02084,1991,neighbor-oriented-SLSQP,research/geometric-extremal/search/area/experiments.jsonl,,,0.008358905455102707,,
GE-E02085,1992,neighbor-oriented-SLSQP,research/geometric-extremal/search/area/experiments.jsonl,,,0.025474095077719174,,
GE-E02086,1992,neighbor-oriented-SLSQP,research/geometric-extremal/search/area/experiments.jsonl,,,0.027209715802741834,,
GE-E02087,1993,neighbor-oriented-SLSQP,research/geometric-extremal/search/area/experiments.jsonl,,,0.010558232091557512,,
GE-E02088,1993,neighbor-oriented-SLSQP,research/geometric-extremal/search/area/experiments.jsonl,,,0.010125945727921576,,
GE-E02089,1994,neighbor-oriented-SLSQP,research/geometric-extremal/search/area/experiments.jsonl,,,0.025558572184144514,,
GE-E02090,1994,neighbor-oriented-SLSQP,research/geometric-extremal/search/area/experiments.jsonl,,,0.02466181906344227,,
GE-E02091,1995,neighbor-oriented-SLSQP,research/geometric-extremal/search/area/experiments.jsonl,,,0.012653143380935232,,
GE-E02092,1995,neighbor-oriented-SLSQP,research/geometric-extremal/search/area/experiments.jsonl,,,0.013327698460859575,,
GE-E02093,1996,neighbor-oriented-SLSQP,research/geometric-extremal/search/area/experiments.jsonl,,,0.02513784891054965,,
GE-E02094,1996,neighbor-oriented-SLSQP,research/geometric-extremal/search/area/experiments.jsonl,,,0.025802805440450393,,
GE-E02095,1997,neighbor-oriented-SLSQP,research/geometric-extremal/search/area/experiments.jsonl,,,0.01145304211267943,,
GE-E02096,1997,neighbor-oriented-SLSQP,research/geometric-extremal/search/area/experiments.jsonl,,,0.010247699998307894,,
GE-E02097,1998,neighbor-oriented-SLSQP,research/geometric-extremal/search/area/experiments.jsonl,,,0.024227723965867472,,
GE-E02098,1998,neighbor-oriented-SLSQP,research/geometric-extremal/search/area/experiments.jsonl,,,0.025852011638903664,,
GE-E02099,1999,neighbor-oriented-SLSQP,research/geometric-extremal/search/area/experiments.jsonl,,,0.01055823209178494,,
GE-E02100,1999,neighbor-oriented-SLSQP,research/geometric-extremal/search/area/experiments.jsonl,,,0.011922540218745165,,
GE-E02101,2000,neighbor-oriented-SLSQP,research/geometric-extremal/search/area/experiments.jsonl,,,0.024697965164928976,,
GE-E02102,2000,neighbor-oriented-SLSQP,research/geometric-extremal/search/area/experiments.jsonl,,,0.025690423401463366,,
GE-E02103,2001,neighbor-oriented-SLSQP,research/geometric-extremal/search/area/experiments.jsonl,,,0.01549710043129424,,
GE-E02104,2001,neighbor-oriented-SLSQP,research/geometric-extremal/search/area/experiments.jsonl,,,0.015285527671470475,,
GE-E02105,2002,neighbor-oriented-SLSQP,research/geometric-extremal/search/area/experiments.jsonl,,,0.025137848910549817,,
GE-E02106,2002,neighbor-oriented-SLSQP,research/geometric-extremal/search/area/experiments.jsonl,,,0.025802805440449664,,
GE-E02107,2003,neighbor-oriented-SLSQP,research/geometric-extremal/search/area/experiments.jsonl,,,0.016504817837415753,,
GE-E02108,2003,neighbor-oriented-SLSQP,research/geometric-extremal/search/area/experiments.jsonl,,,0.010053644035286169,,
GE-E02109,2004,neighbor-oriented-SLSQP,research/geometric-extremal/search/area/experiments.jsonl,,,0.0265147559352866,,
GE-E02110,2004,neighbor-oriented-SLSQP,research/geometric-extremal/search/area/experiments.jsonl,,,0.026478018238228058,,
GE-E02111,2005,neighbor-oriented-SLSQP,research/geometric-extremal/search/area/experiments.jsonl,,,0.013006618882532062,,
GE-E02112,2005,neighbor-oriented-SLSQP,research/geometric-extremal/search/area/experiments.jsonl,,,0.011179020044968176,,
GE-E02113,2006,neighbor-oriented-SLSQP,research/geometric-extremal/search/area/experiments.jsonl,,,0.0252979711230231,,
GE-E02114,2006,neighbor-oriented-SLSQP,research/geometric-extremal/search/area/experiments.jsonl,,,0.02631409444908662,,
GE-E02115,2007,neighbor-oriented-SLSQP,research/geometric-extremal/search/area/experiments.jsonl,,,0.01629492326958615,,
GE-E02116,2007,neighbor-oriented-SLSQP,research/geometric-extremal/search/area/experiments.jsonl,,,0.012782090167389348,,
GE-E02117,2008,neighbor-oriented-SLSQP,research/geometric-extremal/search/area/experiments.jsonl,,,0.026514755935260936,,
GE-E02118,2008,neighbor-oriented-SLSQP,research/geometric-extremal/search/area/experiments.jsonl,,,0.02647801823841674,,
GE-E02119,2009,neighbor-oriented-SLSQP,research/geometric-extremal/search/area/experiments.jsonl,,,0.014102603277486846,,
GE-E02120,2009,neighbor-oriented-SLSQP,research/geometric-extremal/search/area/experiments.jsonl,,,0.017544410879946126,,
GE-E02121,2010,neighbor-oriented-SLSQP,research/geometric-extremal/search/area/experiments.jsonl,,,0.025009614855656934,,
GE-E02122,2010,neighbor-oriented-SLSQP,research/geometric-extremal/search/area/experiments.jsonl,,,0.025634840204862556,,
GE-E02123,2011,neighbor-oriented-SLSQP,research/geometric-extremal/search/area/experiments.jsonl,,,0.013367557432458883,,
GE-E02124,2011,neighbor-oriented-SLSQP,research/geometric-extremal/search/area/experiments.jsonl,,,0.014535723276273891,,
GE-E02125,2012,neighbor-oriented-SLSQP,research/geometric-extremal/search/area/experiments.jsonl,,,0.025443396323572346,,
GE-E02126,2012,neighbor-oriented-SLSQP,research/geometric-extremal/search/area/experiments.jsonl,,,0.02580280544044815,,
GE-E02127,2013,neighbor-oriented-SLSQP,research/geometric-extremal/search/area/experiments.jsonl,,,0.01673821762288836,,
GE-E02128,2013,neighbor-oriented-SLSQP,research/geometric-extremal/search/area/experiments.jsonl,,,0.009734561656976351,,
GE-E02129,2014,neighbor-oriented-SLSQP,research/geometric-extremal/search/area/experiments.jsonl,,,0.02430607348929492,,
GE-E02130,2014,neighbor-oriented-SLSQP,research/geometric-extremal/search/area/experiments.jsonl,,,0.02465319948656594,,
GE-E02131,2015,neighbor-oriented-SLSQP,research/geometric-extremal/search/area/experiments.jsonl,,,0.016442899400807984,,
GE-E02132,2015,neighbor-oriented-SLSQP,research/geometric-extremal/search/area/experiments.jsonl,,,0.012053698898414842,,
GE-E02133,2016,neighbor-oriented-SLSQP,research/geometric-extremal/search/area/experiments.jsonl,,,0.02529797112302514,,
GE-E02134,2016,neighbor-oriented-SLSQP,research/geometric-extremal/search/area/experiments.jsonl,,,0.02569042340146232,,
GE-E02135,2017,neighbor-oriented-SLSQP,research/geometric-extremal/search/area/experiments.jsonl,,,0.014622586606380248,,
GE-E02136,2017,neighbor-oriented-SLSQP,research/geometric-extremal/search/area/experiments.jsonl,,,0.011908211087144746,,
GE-E02137,2018,neighbor-oriented-SLSQP,research/geometric-extremal/search/area/experiments.jsonl,,,0.02524890129475397,,
GE-E02138,2018,neighbor-oriented-SLSQP,research/geometric-extremal/search/area/experiments.jsonl,,,0.025294904926963353,,
GE-E02139,2019,neighbor-oriented-SLSQP,research/geometric-extremal/search/area/experiments.jsonl,,,0.010967085032946274,,
GE-E02140,2019,neighbor-oriented-SLSQP,research/geometric-extremal/search/area/experiments.jsonl,,,0.015260226790670085,,
GE-E02141,41217,palette_mutation_coloring_clique,research/geometric-extremal/search/few_distance/experiments.jsonl,,,,,
GE-E02142,41217,palette_mutation_coloring_clique,research/geometric-extremal/search/few_distance/experiments.jsonl,,,,,
GE-E02143,41217,palette_mutation_coloring_clique,research/geometric-extremal/search/few_distance/experiments.jsonl,,,,,
GE-E02144,41217,palette_mutation_coloring_clique,research/geometric-extremal/search/few_distance/experiments.jsonl,,,,,
GE-E02145,41217,palette_mutation_coloring_clique,research/geometric-extremal/search/few_distance/experiments.jsonl,,,,,
GE-E02146,41217,palette_mutation_coloring_clique,research/geometric-extremal/search/few_distance/experiments.jsonl,,,,,
GE-E02147,41217,palette_mutation_coloring_clique,research/geometric-extremal/search/few_distance/experiments.jsonl,,,,,
GE-E02148,41217,palette_mutation_coloring_clique,research/geometric-extremal/search/few_distance/experiments.jsonl,,,,,
GE-E02149,41217,palette_mutation_coloring_clique,research/geometric-extremal/search/few_distance/experiments.jsonl,,,,,
GE-E02150,41217,palette_mutation_coloring_clique,research/geometric-extremal/search/few_distance/experiments.jsonl,,,,,
GE-E02151,41217,palette_mutation_coloring_clique,research/geometric-extremal/search/few_distance/experiments.jsonl,,,,,
GE-E02152,41217,palette_mutation_coloring_clique,research/geometric-extremal/search/few_distance/experiments.jsonl,,,,,
GE-E02153,41217,palette_mutation_coloring_clique,research/geometric-extremal/search/few_distance/experiments.jsonl,,,,,
GE-E02154,41217,palette_mutation_coloring_clique,research/geometric-extremal/search/few_distance/experiments.jsonl,,,,,
GE-E02155,41217,palette_mutation_coloring_clique,research/geometric-extremal/search/few_distance/experiments.jsonl,,,,,
GE-E02156,41217,palette_mutation_coloring_clique,research/geometric-extremal/search/few_distance/experiments.jsonl,,,,,
GE-E02157,41217,palette_mutation_coloring_clique,research/geometric-extremal/search/few_distance/experiments.jsonl,,,,,
GE-E02158,41217,palette_mutation_coloring_clique,research/geometric-extremal/search/few_distance/experiments.jsonl,,,,,
GE-E02159,41217,palette_mutation_coloring_clique,research/geometric-extremal/search/few_distance/experiments.jsonl,,,,,
GE-E02160,41217,palette_mutation_coloring_clique,research/geometric-extremal/search/few_distance/experiments.jsonl,,,,,
GE-E02161,41217,palette_mutation_coloring_clique,research/geometric-extremal/search/few_distance/experiments.jsonl,,,,,
GE-E02162,41217,palette_mutation_coloring_clique,research/geometric-extremal/search/few_distance/experiments.jsonl,,,,,
GE-E02163,41217,palette_mutation_coloring_clique,research/geometric-extremal/search/few_distance/experiments.jsonl,,,,,
GE-E02164,41217,palette_mutation_coloring_clique,research/geometric-extremal/search/few_distance/experiments.jsonl,,,,,
GE-E02165,41217,palette_mutation_coloring_clique,research/geometric-extremal/search/few_distance/experiments.jsonl,,,,,
GE-E02166,41217,palette_mutation_coloring_clique,research/geometric-extremal/search/few_distance/experiments.jsonl,,,,,
GE-E02167,41217,palette_mutation_coloring_clique,research/geometric-extremal/search/few_distance/experiments.jsonl,,,,,
GE-E02168,41217,palette_mutation_coloring_clique,research/geometric-extremal/search/few_distance/experiments.jsonl,,,,,
GE-E02169,41217,palette_mutation_coloring_clique,research/geometric-extremal/search/few_distance/experiments.jsonl,,,,,
GE-E02170,41217,palette_mutation_coloring_clique,research/geometric-extremal/search/few_distance/experiments.jsonl,,,,,
GE-E02171,41217,palette_mutation_coloring_clique,research/geometric-extremal/search/few_distance/experiments.jsonl,,,,,
GE-E02172,41217,palette_mutation_coloring_clique,research/geometric-extremal/search/few_distance/experiments.jsonl,,,,,
GE-E02173,41217,palette_mutation_coloring_clique,research/geometric-extremal/search/few_distance/experiments.jsonl,,,,,
GE-E02174,41217,palette_mutation_coloring_clique,research/geometric-extremal/search/few_distance/experiments.jsonl,,,,,
GE-E02175,41217,palette_mutation_coloring_clique,research/geometric-extremal/search/few_distance/experiments.jsonl,,,,,
GE-E02176,41217,palette_mutation_coloring_clique,research/geometric-extremal/search/few_distance/experiments.jsonl,,,,,
GE-E02177,41217,palette_mutation_coloring_clique,research/geometric-extremal/search/few_distance/experiments.jsonl,,,,,
GE-E02178,41217,palette_mutation_coloring_clique,research/geometric-extremal/search/few_distance/experiments.jsonl,,,,,
GE-E02179,41217,palette_mutation_coloring_clique,research/geometric-extremal/search/few_distance/experiments.jsonl,,,,,
GE-E02180,41217,palette_mutation_coloring_clique,research/geometric-extremal/search/few_distance/experiments.jsonl,,,,,
GE-E02181,41217,palette_mutation_coloring_clique,research/geometric-extremal/search/few_distance/experiments.jsonl,,,,,
GE-E02182,41217,palette_mutation_coloring_clique,research/geometric-extremal/search/few_distance/experiments.jsonl,,,,,
GE-E02183,41217,palette_mutation_coloring_clique,research/geometric-extremal/search/few_distance/experiments.jsonl,,,,,
GE-E02184,41217,palette_mutation_coloring_clique,research/geometric-extremal/search/few_distance/experiments.jsonl,,,,,
GE-E02185,41217,palette_mutation_coloring_clique,research/geometric-extremal/search/few_distance/experiments.jsonl,,,,,
GE-E02186,41217,palette_mutation_coloring_clique,research/geometric-extremal/search/few_distance/experiments.jsonl,,,,,
GE-E02187,41217,palette_mutation_coloring_clique,research/geometric-extremal/search/few_distance/experiments.jsonl,,,,,
GE-E02188,41217,palette_mutation_coloring_clique,research/geometric-extremal/search/few_distance/experiments.jsonl,,,,,
GE-E02189,41217,palette_mutation_coloring_clique,research/geometric-extremal/search/few_distance/experiments.jsonl,,,,,
GE-E02190,41217,palette_mutation_coloring_clique,research/geometric-extremal/search/few_distance/experiments.jsonl,,,,,
GE-E02191,41217,palette_mutation_coloring_clique,research/geometric-extremal/search/few_distance/experiments.jsonl,,,,,
GE-E02192,41217,palette_mutation_coloring_clique,research/geometric-extremal/search/few_distance/experiments.jsonl,,,,,
GE-E02193,41217,palette_mutation_coloring_clique,research/geometric-extremal/search/few_distance/experiments.jsonl,,,,,
GE-E02194,41217,palette_mutation_coloring_clique,research/geometric-extremal/search/few_distance/experiments.jsonl,,,,,
GE-E02195,41217,palette_mutation_coloring_clique,research/geometric-extremal/search/few_distance/experiments.jsonl,,,,,
GE-E02196,41217,palette_mutation_coloring_clique,research/geometric-extremal/search/few_distance/experiments.jsonl,,,,,
GE-E02197,41217,palette_mutation_coloring_clique,research/geometric-extremal/search/few_distance/experiments.jsonl,,,,,
GE-E02198,41217,palette_mutation_coloring_clique,research/geometric-extremal/search/few_distance/experiments.jsonl,,,,,
GE-E02199,41217,palette_mutation_coloring_clique,research/geometric-extremal/search/few_distance/experiments.jsonl,,,,,
GE-E02200,41217,palette_mutation_coloring_clique,research/geometric-extremal/search/few_distance/experiments.jsonl,,,,,
GE-E02201,41217,palette_mutation_coloring_clique,research/geometric-extremal/search/few_distance/experiments.jsonl,,,,,
GE-E02202,41217,palette_mutation_coloring_clique,research/geometric-extremal/search/few_distance/experiments.jsonl,,,,,
GE-E02203,41217,palette_mutation_coloring_clique,research/geometric-extremal/search/few_distance/experiments.jsonl,,,,,
GE-E02204,41217,palette_mutation_coloring_clique,research/geometric-extremal/search/few_distance/experiments.jsonl,,,,,
GE-E02205,41217,palette_mutation_coloring_clique,research/geometric-extremal/search/few_distance/experiments.jsonl,,,,,
GE-E02206,41217,palette_mutation_coloring_clique,research/geometric-extremal/search/few_distance/experiments.jsonl,,,,,
GE-E02207,41217,palette_mutation_coloring_clique,research/geometric-extremal/search/few_distance/experiments.jsonl,,,,,
GE-E02208,41217,palette_mutation_coloring_clique,research/geometric-extremal/search/few_distance/experiments.jsonl,,,,,
GE-E02209,41217,palette_mutation_coloring_clique,research/geometric-extremal/search/few_distance/experiments.jsonl,,,,,
GE-E02210,41217,palette_mutation_coloring_clique,research/geometric-extremal/search/few_distance/experiments.jsonl,,,,,
GE-E02211,41217,palette_mutation_coloring_clique,research/geometric-extremal/search/few_distance/experiments.jsonl,,,,,
GE-E02212,41217,palette_mutation_coloring_clique,research/geometric-extremal/search/few_distance/experiments.jsonl,,,,,
GE-E02213,41217,palette_mutation_coloring_clique,research/geometric-extremal/search/few_distance/experiments.jsonl,,,,,
GE-E02214,41217,palette_mutation_coloring_clique,research/geometric-extremal/search/few_distance/experiments.jsonl,,,,,
GE-E02215,41217,palette_mutation_coloring_clique,research/geometric-extremal/search/few_distance/experiments.jsonl,,,,,
GE-E02216,41217,palette_mutation_coloring_clique,research/geometric-extremal/search/few_distance/experiments.jsonl,,,,,
GE-E02217,41217,palette_mutation_coloring_clique,research/geometric-extremal/search/few_distance/experiments.jsonl,,,,,
GE-E02218,41217,palette_mutation_coloring_clique,research/geometric-extremal/search/few_distance/experiments.jsonl,,,,,
GE-E02219,41217,palette_mutation_coloring_clique,research/geometric-extremal/search/few_distance/experiments.jsonl,,,,,
GE-E02220,41217,palette_mutation_coloring_clique,research/geometric-extremal/search/few_distance/experiments.jsonl,,,,,
GE-E02221,41217,palette_mutation_coloring_clique,research/geometric-extremal/search/few_distance/experiments.jsonl,,,,,
GE-E02222,41217,palette_mutation_coloring_clique,research/geometric-extremal/search/few_distance/experiments.jsonl,,,,,
GE-E02223,41217,palette_mutation_coloring_clique,research/geometric-extremal/search/few_distance/experiments.jsonl,,,,,
GE-E02224,41217,palette_mutation_coloring_clique,research/geometric-extremal/search/few_distance/experiments.jsonl,,,,,
GE-E02225,41217,palette_mutation_coloring_clique,research/geometric-extremal/search/few_distance/experiments.jsonl,,,,,
GE-E02226,41217,palette_mutation_coloring_clique,research/geometric-extremal/search/few_distance/experiments.jsonl,,,,,
GE-E02227,41217,palette_mutation_coloring_clique,research/geometric-extremal/search/few_distance/experiments.jsonl,,,,,
GE-E02228,41217,palette_mutation_coloring_clique,research/geometric-extremal/search/few_distance/experiments.jsonl,,,,,
GE-E02229,41217,palette_mutation_coloring_clique,research/geometric-extremal/search/few_distance/experiments.jsonl,,,,,
GE-E02230,41217,palette_mutation_coloring_clique,research/geometric-extremal/search/few_distance/experiments.jsonl,,,,,
GE-E02231,41217,palette_mutation_coloring_clique,research/geometric-extremal/search/few_distance/experiments.jsonl,,,,,
GE-E02232,41217,palette_mutation_coloring_clique,research/geometric-extremal/search/few_distance/experiments.jsonl,,,,,
GE-E02233,41217,palette_mutation_coloring_clique,research/geometric-extremal/search/few_distance/experiments.jsonl,,,,,
GE-E02234,41217,palette_mutation_coloring_clique,research/geometric-extremal/search/few_distance/experiments.jsonl,,,,,
GE-E02235,41217,palette_mutation_coloring_clique,research/geometric-extremal/search/few_distance/experiments.jsonl,,,,,
GE-E02236,41217,palette_mutation_coloring_clique,research/geometric-extremal/search/few_distance/experiments.jsonl,,,,,
GE-E02237,41217,palette_mutation_coloring_clique,research/geometric-extremal/search/few_distance/experiments.jsonl,,,,,
GE-E02238,41217,palette_mutation_coloring_clique,research/geometric-extremal/search/few_distance/experiments.jsonl,,,,,
GE-E02239,41217,palette_mutation_coloring_clique,research/geometric-extremal/search/few_distance/experiments.jsonl,,,,,
GE-E02240,41217,palette_mutation_coloring_clique,research/geometric-extremal/search/few_distance/experiments.jsonl,,,,,
GE-E02241,41217,palette_mutation_coloring_clique,research/geometric-extremal/search/few_distance/experiments.jsonl,,,,,
GE-E02242,41217,palette_mutation_coloring_clique,research/geometric-extremal/search/few_distance/experiments.jsonl,,,,,
GE-E02243,41217,palette_mutation_coloring_clique,research/geometric-extremal/search/few_distance/experiments.jsonl,,,,,
GE-E02244,41217,palette_mutation_coloring_clique,research/geometric-extremal/search/few_distance/experiments.jsonl,,,,,
GE-E02245,41217,palette_mutation_coloring_clique,research/geometric-extremal/search/few_distance/experiments.jsonl,,,,,
GE-E02246,41217,palette_mutation_coloring_clique,research/geometric-extremal/search/few_distance/experiments.jsonl,,,,,
GE-E02247,41217,palette_mutation_coloring_clique,research/geometric-extremal/search/few_distance/experiments.jsonl,,,,,
GE-E02248,41217,palette_mutation_coloring_clique,research/geometric-extremal/search/few_distance/experiments.jsonl,,,,,
GE-E02249,41217,palette_mutation_coloring_clique,research/geometric-extremal/search/few_distance/experiments.jsonl,,,,,
GE-E02250,41217,palette_mutation_coloring_clique,research/geometric-extremal/search/few_distance/experiments.jsonl,,,,,
GE-E02251,41217,palette_mutation_coloring_clique,research/geometric-extremal/search/few_distance/experiments.jsonl,,,,,
GE-E02252,41217,palette_mutation_coloring_clique,research/geometric-extremal/search/few_distance/experiments.jsonl,,,,,
GE-E02253,41217,palette_mutation_coloring_clique,research/geometric-extremal/search/few_distance/experiments.jsonl,,,,,
GE-E02254,41217,palette_mutation_coloring_clique,research/geometric-extremal/search/few_distance/experiments.jsonl,,,,,
GE-E02255,41217,palette_mutation_coloring_clique,research/geometric-extremal/search/few_distance/experiments.jsonl,,,,,
GE-E02256,41217,palette_mutation_coloring_clique,research/geometric-extremal/search/few_distance/experiments.jsonl,,,,,
GE-E02257,41217,palette_mutation_coloring_clique,research/geometric-extremal/search/few_distance/experiments.jsonl,,,,,
GE-E02258,41217,palette_mutation_coloring_clique,research/geometric-extremal/search/few_distance/experiments.jsonl,,,,,
GE-E02259,41217,palette_mutation_coloring_clique,research/geometric-extremal/search/few_distance/experiments.jsonl,,,,,
GE-E02260,41217,palette_mutation_coloring_clique,research/geometric-extremal/search/few_distance/experiments.jsonl,,,,,
GE-E02261,41217,palette_mutation_coloring_clique,research/geometric-extremal/search/few_distance/experiments.jsonl,,,,,
GE-E02262,41217,palette_mutation_coloring_clique,research/geometric-extremal/search/few_distance/experiments.jsonl,,,,,
GE-E02263,41217,palette_mutation_coloring_clique,research/geometric-extremal/search/few_distance/experiments.jsonl,,,,,
GE-E02264,41217,palette_mutation_coloring_clique,research/geometric-extremal/search/few_distance/experiments.jsonl,,,,,
GE-E02265,41217,palette_mutation_coloring_clique,research/geometric-extremal/search/few_distance/experiments.jsonl,,,,,
GE-E02266,41217,palette_mutation_coloring_clique,research/geometric-extremal/search/few_distance/experiments.jsonl,,,,,
GE-E02267,41217,palette_mutation_coloring_clique,research/geometric-extremal/search/few_distance/experiments.jsonl,,,,,
GE-E02268,41217,palette_mutation_coloring_clique,research/geometric-extremal/search/few_distance/experiments.jsonl,,,,,
GE-E02269,41217,palette_mutation_coloring_clique,research/geometric-extremal/search/few_distance/experiments.jsonl,,,,,
GE-E02270,41217,palette_mutation_coloring_clique,research/geometric-extremal/search/few_distance/experiments.jsonl,,,,,
GE-E02271,41217,palette_mutation_coloring_clique,research/geometric-extremal/search/few_distance/experiments.jsonl,,,,,
GE-E02272,41217,palette_mutation_coloring_clique,research/geometric-extremal/search/few_distance/experiments.jsonl,,,,,
GE-E02273,41217,palette_mutation_coloring_clique,research/geometric-extremal/search/few_distance/experiments.jsonl,,,,,
GE-E02274,41217,palette_mutation_coloring_clique,research/geometric-extremal/search/few_distance/experiments.jsonl,,,,,
GE-E02275,41217,palette_mutation_coloring_clique,research/geometric-extremal/search/few_distance/experiments.jsonl,,,,,
GE-E02276,41217,palette_mutation_coloring_clique,research/geometric-extremal/search/few_distance/experiments.jsonl,,,,,
GE-E02277,41217,palette_mutation_coloring_clique,research/geometric-extremal/search/few_distance/experiments.jsonl,,,,,
GE-E02278,41217,palette_mutation_coloring_clique,research/geometric-extremal/search/few_distance/experiments.jsonl,,,,,
GE-E02279,41217,palette_mutation_coloring_clique,research/geometric-extremal/search/few_distance/experiments.jsonl,,,,,
GE-E02280,41217,palette_mutation_coloring_clique,research/geometric-extremal/search/few_distance/experiments.jsonl,,,,,
GE-E02281,41217,palette_mutation_coloring_clique,research/geometric-extremal/search/few_distance/experiments.jsonl,,,,,
GE-E02282,41217,palette_mutation_coloring_clique,research/geometric-extremal/search/few_distance/experiments.jsonl,,,,,
GE-E02283,41217,palette_mutation_coloring_clique,research/geometric-extremal/search/few_distance/experiments.jsonl,,,,,
GE-E02284,41217,palette_mutation_coloring_clique,research/geometric-extremal/search/few_distance/experiments.jsonl,,,,,
GE-E02285,41217,palette_mutation_coloring_clique,research/geometric-extremal/search/few_distance/experiments.jsonl,,,,,
GE-E02286,41217,palette_mutation_coloring_clique,research/geometric-extremal/search/few_distance/experiments.jsonl,,,,,
GE-E02287,41217,palette_mutation_coloring_clique,research/geometric-extremal/search/few_distance/experiments.jsonl,,,,,
GE-E02288,41217,palette_mutation_coloring_clique,research/geometric-extremal/search/few_distance/experiments.jsonl,,,,,
GE-E02289,41217,palette_mutation_coloring_clique,research/geometric-extremal/search/few_distance/experiments.jsonl,,,,,
GE-E02290,41217,palette_mutation_coloring_clique,research/geometric-extremal/search/few_distance/experiments.jsonl,,,,,
GE-E02291,41217,palette_mutation_coloring_clique,research/geometric-extremal/search/few_distance/experiments.jsonl,,,,,
GE-E02292,41217,palette_mutation_coloring_clique,research/geometric-extremal/search/few_distance/experiments.jsonl,,,,,
GE-E02293,41217,palette_mutation_coloring_clique,research/geometric-extremal/search/few_distance/experiments.jsonl,,,,,
GE-E02294,41217,palette_mutation_coloring_clique,research/geometric-extremal/search/few_distance/experiments.jsonl,,,,,
GE-E02295,41217,palette_mutation_coloring_clique,research/geometric-extremal/search/few_distance/experiments.jsonl,,,,,
GE-E02296,41217,palette_mutation_coloring_clique,research/geometric-extremal/search/few_distance/experiments.jsonl,,,,,
GE-E02297,41217,palette_mutation_coloring_clique,research/geometric-extremal/search/few_distance/experiments.jsonl,,,,,
GE-E02298,41217,palette_mutation_coloring_clique,research/geometric-extremal/search/few_distance/experiments.jsonl,,,,,
GE-E02299,41217,palette_mutation_coloring_clique,research/geometric-extremal/search/few_distance/experiments.jsonl,,,,,
GE-E02300,41217,palette_mutation_coloring_clique,research/geometric-extremal/search/few_distance/experiments.jsonl,,,,,
GE-E02301,41217,palette_mutation_coloring_clique,research/geometric-extremal/search/few_distance/experiments.jsonl,,,,,
GE-E02302,41217,palette_mutation_coloring_clique,research/geometric-extremal/search/few_distance/experiments.jsonl,,,,,
GE-E02303,41217,palette_mutation_coloring_clique,research/geometric-extremal/search/few_distance/experiments.jsonl,,,,,
GE-E02304,41217,palette_mutation_coloring_clique,research/geometric-extremal/search/few_distance/experiments.jsonl,,,,,
GE-E02305,41217,palette_mutation_coloring_clique,research/geometric-extremal/search/few_distance/experiments.jsonl,,,,,
GE-E02306,41217,palette_mutation_coloring_clique,research/geometric-extremal/search/few_distance/experiments.jsonl,,,,,
GE-E02307,41217,palette_mutation_coloring_clique,research/geometric-extremal/search/few_distance/experiments.jsonl,,,,,
GE-E02308,41217,palette_mutation_coloring_clique,research/geometric-extremal/search/few_distance/experiments.jsonl,,,,,
GE-E02309,41217,palette_mutation_coloring_clique,research/geometric-extremal/search/few_distance/experiments.jsonl,,,,,
GE-E02310,41217,palette_mutation_coloring_clique,research/geometric-extremal/search/few_distance/experiments.jsonl,,,,,
GE-E02311,41217,palette_mutation_coloring_clique,research/geometric-extremal/search/few_distance/experiments.jsonl,,,,,
GE-E02312,41217,palette_mutation_coloring_clique,research/geometric-extremal/search/few_distance/experiments.jsonl,,,,,
GE-E02313,41217,palette_mutation_coloring_clique,research/geometric-extremal/search/few_distance/experiments.jsonl,,,,,
GE-E02314,41217,palette_mutation_coloring_clique,research/geometric-extremal/search/few_distance/experiments.jsonl,,,,,
GE-E02315,41217,palette_mutation_coloring_clique,research/geometric-extremal/search/few_distance/experiments.jsonl,,,,,
GE-E02316,41217,palette_mutation_coloring_clique,research/geometric-extremal/search/few_distance/experiments.jsonl,,,,,
GE-E02317,41217,palette_mutation_coloring_clique,research/geometric-extremal/search/few_distance/experiments.jsonl,,,,,
GE-E02318,41217,palette_mutation_coloring_clique,research/geometric-extremal/search/few_distance/experiments.jsonl,,,,,
GE-E02319,41217,palette_mutation_coloring_clique,research/geometric-extremal/search/few_distance/experiments.jsonl,,,,,
GE-E02320,41217,palette_mutation_coloring_clique,research/geometric-extremal/search/few_distance/experiments.jsonl,,,,,
GE-E02321,41217,palette_mutation_coloring_clique,research/geometric-extremal/search/few_distance/experiments.jsonl,,,,,
GE-E02322,41217,palette_mutation_coloring_clique,research/geometric-extremal/search/few_distance/experiments.jsonl,,,,,
GE-E02323,41217,palette_mutation_coloring_clique,research/geometric-extremal/search/few_distance/experiments.jsonl,,,,,
GE-E02324,41217,palette_mutation_coloring_clique,research/geometric-extremal/search/few_distance/experiments.jsonl,,,,,
GE-E02325,41217,palette_mutation_coloring_clique,research/geometric-extremal/search/few_distance/experiments.jsonl,,,,,
GE-E02326,41217,palette_mutation_coloring_clique,research/geometric-extremal/search/few_distance/experiments.jsonl,,,,,
GE-E02327,41217,palette_mutation_coloring_clique,research/geometric-extremal/search/few_distance/experiments.jsonl,,,,,
GE-E02328,41217,palette_mutation_coloring_clique,research/geometric-extremal/search/few_distance/experiments.jsonl,,,,,
GE-E02329,41217,palette_mutation_coloring_clique,research/geometric-extremal/search/few_distance/experiments.jsonl,,,,,
GE-E02330,41217,palette_mutation_coloring_clique,research/geometric-extremal/search/few_distance/experiments.jsonl,,,,,
GE-E02331,41217,palette_mutation_coloring_clique,research/geometric-extremal/search/few_distance/experiments.jsonl,,,,,
GE-E02332,41217,palette_mutation_coloring_clique,research/geometric-extremal/search/few_distance/experiments.jsonl,,,,,
GE-E02333,41217,palette_mutation_coloring_clique,research/geometric-extremal/search/few_distance/experiments.jsonl,,,,,
GE-E02334,41217,palette_mutation_coloring_clique,research/geometric-extremal/search/few_distance/experiments.jsonl,,,,,
GE-E02335,41217,palette_mutation_coloring_clique,research/geometric-extremal/search/few_distance/experiments.jsonl,,,,,
GE-E02336,41217,palette_mutation_coloring_clique,research/geometric-extremal/search/few_distance/experiments.jsonl,,,,,
GE-E02337,41217,palette_mutation_coloring_clique,research/geometric-extremal/search/few_distance/experiments.jsonl,,,,,
GE-E02338,41217,palette_mutation_coloring_clique,research/geometric-extremal/search/few_distance/experiments.jsonl,,,,,
GE-E02339,41217,palette_mutation_coloring_clique,research/geometric-extremal/search/few_distance/experiments.jsonl,,,,,
GE-E02340,41217,palette_mutation_coloring_clique,research/geometric-extremal/search/few_distance/experiments.jsonl,,,,,
GE-E02341,41217,palette_mutation_coloring_clique,research/geometric-extremal/search/few_distance/experiments.jsonl,,,,,
GE-E02342,41217,palette_mutation_coloring_clique,research/geometric-extremal/search/few_distance/experiments.jsonl,,,,,
GE-E02343,41217,palette_mutation_coloring_clique,research/geometric-extremal/search/few_distance/experiments.jsonl,,,,,
GE-E02344,41217,palette_mutation_coloring_clique,research/geometric-extremal/search/few_distance/experiments.jsonl,,,,,
GE-E02345,41217,palette_mutation_coloring_clique,research/geometric-extremal/search/few_distance/experiments.jsonl,,,,,
GE-E02346,41217,palette_mutation_coloring_clique,research/geometric-extremal/search/few_distance/experiments.jsonl,,,,,
GE-E02347,41217,palette_mutation_coloring_clique,research/geometric-extremal/search/few_distance/experiments.jsonl,,,,,
GE-E02348,41217,palette_mutation_coloring_clique,research/geometric-extremal/search/few_distance/experiments.jsonl,,,,,
GE-E02349,41217,palette_mutation_coloring_clique,research/geometric-extremal/search/few_distance/experiments.jsonl,,,,,
GE-E02350,41217,palette_mutation_coloring_clique,research/geometric-extremal/search/few_distance/experiments.jsonl,,,,,
GE-E02351,41217,palette_mutation_coloring_clique,research/geometric-extremal/search/few_distance/experiments.jsonl,,,,,
GE-E02352,41217,palette_mutation_coloring_clique,research/geometric-extremal/search/few_distance/experiments.jsonl,,,,,
GE-E02353,41217,palette_mutation_coloring_clique,research/geometric-extremal/search/few_distance/experiments.jsonl,,,,,
GE-E02354,41217,palette_mutation_coloring_clique,research/geometric-extremal/search/few_distance/experiments.jsonl,,,,,
GE-E02355,41217,palette_mutation_coloring_clique,research/geometric-extremal/search/few_distance/experiments.jsonl,,,,,
GE-E02356,41217,palette_mutation_coloring_clique,research/geometric-extremal/search/few_distance/experiments.jsonl,,,,,
GE-E02357,41217,palette_mutation_coloring_clique,research/geometric-extremal/search/few_distance/experiments.jsonl,,,,,
GE-E02358,41217,palette_mutation_coloring_clique,research/geometric-extremal/search/few_distance/experiments.jsonl,,,,,
GE-E02359,41217,palette_mutation_coloring_clique,research/geometric-extremal/search/few_distance/experiments.jsonl,,,,,
GE-E02360,41217,palette_mutation_coloring_clique,research/geometric-extremal/search/few_distance/experiments.jsonl,,,,,
GE-E02361,41217,palette_mutation_coloring_clique,research/geometric-extremal/search/few_distance/experiments.jsonl,,,,,
GE-E02362,41217,palette_mutation_coloring_clique,research/geometric-extremal/search/few_distance/experiments.jsonl,,,,,
GE-E02363,41217,palette_mutation_coloring_clique,research/geometric-extremal/search/few_distance/experiments.jsonl,,,,,
GE-E02364,41217,palette_mutation_coloring_clique,research/geometric-extremal/search/few_distance/experiments.jsonl,,,,,
GE-E02365,41217,palette_mutation_coloring_clique,research/geometric-extremal/search/few_distance/experiments.jsonl,,,,,
GE-E02366,41217,palette_mutation_coloring_clique,research/geometric-extremal/search/few_distance/experiments.jsonl,,,,,
GE-E02367,41217,palette_mutation_coloring_clique,research/geometric-extremal/search/few_distance/experiments.jsonl,,,,,
GE-E02368,41217,palette_mutation_coloring_clique,research/geometric-extremal/search/few_distance/experiments.jsonl,,,,,
GE-E02369,41217,palette_mutation_coloring_clique,research/geometric-extremal/search/few_distance/experiments.jsonl,,,,,
GE-E02370,41217,palette_mutation_coloring_clique,research/geometric-extremal/search/few_distance/experiments.jsonl,,,,,
GE-E02371,41217,palette_mutation_coloring_clique,research/geometric-extremal/search/few_distance/experiments.jsonl,,,,,
GE-E02372,41217,palette_mutation_coloring_clique,research/geometric-extremal/search/few_distance/experiments.jsonl,,,,,
GE-E02373,41217,palette_mutation_coloring_clique,research/geometric-extremal/search/few_distance/experiments.jsonl,,,,,
GE-E02374,41217,palette_mutation_coloring_clique,research/geometric-extremal/search/few_distance/experiments.jsonl,,,,,
GE-E02375,41217,palette_mutation_coloring_clique,research/geometric-extremal/search/few_distance/experiments.jsonl,,,,,
GE-E02376,41217,palette_mutation_coloring_clique,research/geometric-extremal/search/few_distance/experiments.jsonl,,,,,
GE-E02377,41217,palette_mutation_coloring_clique,research/geometric-extremal/search/few_distance/experiments.jsonl,,,,,
GE-E02378,41217,palette_mutation_coloring_clique,research/geometric-extremal/search/few_distance/experiments.jsonl,,,,,
GE-E02379,41217,palette_mutation_coloring_clique,research/geometric-extremal/search/few_distance/experiments.jsonl,,,,,
GE-E02380,41217,palette_mutation_coloring_clique,research/geometric-extremal/search/few_distance/experiments.jsonl,,,,,
GE-E02381,41217,palette_mutation_coloring_clique,research/geometric-extremal/search/few_distance/experiments.jsonl,,,,,
GE-E02382,41217,palette_mutation_coloring_clique,research/geometric-extremal/search/few_distance/experiments.jsonl,,,,,
GE-E02383,41217,palette_mutation_coloring_clique,research/geometric-extremal/search/few_distance/experiments.jsonl,,,,,
GE-E02384,41217,palette_mutation_coloring_clique,research/geometric-extremal/search/few_distance/experiments.jsonl,,,,,
GE-E02385,41217,palette_mutation_coloring_clique,research/geometric-extremal/search/few_distance/experiments.jsonl,,,,,
GE-E02386,41217,palette_mutation_coloring_clique,research/geometric-extremal/search/few_distance/experiments.jsonl,,,,,
GE-E02387,41217,palette_mutation_coloring_clique,research/geometric-extremal/search/few_distance/experiments.jsonl,,,,,
GE-E02388,41217,palette_mutation_coloring_clique,research/geometric-extremal/search/few_distance/experiments.jsonl,,,,,
GE-E02389,41217,palette_mutation_coloring_clique,research/geometric-extremal/search/few_distance/experiments.jsonl,,,,,
GE-E02390,41217,palette_mutation_coloring_clique,research/geometric-extremal/search/few_distance/experiments.jsonl,,,,,
GE-E02391,41217,palette_mutation_coloring_clique,research/geometric-extremal/search/few_distance/experiments.jsonl,,,,,
GE-E02392,41217,palette_mutation_coloring_clique,research/geometric-extremal/search/few_distance/experiments.jsonl,,,,,
GE-E02393,41217,palette_mutation_coloring_clique,research/geometric-extremal/search/few_distance/experiments.jsonl,,,,,
GE-E02394,41217,palette_mutation_coloring_clique,research/geometric-extremal/search/few_distance/experiments.jsonl,,,,,
GE-E02395,41217,palette_mutation_coloring_clique,research/geometric-extremal/search/few_distance/experiments.jsonl,,,,,
GE-E02396,41217,palette_mutation_coloring_clique,research/geometric-extremal/search/few_distance/experiments.jsonl,,,,,
GE-E02397,41217,palette_mutation_coloring_clique,research/geometric-extremal/search/few_distance/experiments.jsonl,,,,,
GE-E02398,41217,palette_mutation_coloring_clique,research/geometric-extremal/search/few_distance/experiments.jsonl,,,,,
GE-E02399,41217,palette_mutation_coloring_clique,research/geometric-extremal/search/few_distance/experiments.jsonl,,,,,
GE-E02400,41217,palette_mutation_coloring_clique,research/geometric-extremal/search/few_distance/experiments.jsonl,,,,,
GE-E02401,41217,palette_mutation_coloring_clique,research/geometric-extremal/search/few_distance/experiments.jsonl,,,,,
GE-E02402,41217,palette_mutation_coloring_clique,research/geometric-extremal/search/few_distance/experiments.jsonl,,,,,
GE-E02403,41217,palette_mutation_coloring_clique,research/geometric-extremal/search/few_distance/experiments.jsonl,,,,,
GE-E02404,41217,palette_mutation_coloring_clique,research/geometric-extremal/search/few_distance/experiments.jsonl,,,,,
GE-E02405,41217,palette_mutation_coloring_clique,research/geometric-extremal/search/few_distance/experiments.jsonl,,,,,
GE-E02406,41217,palette_mutation_coloring_clique,research/geometric-extremal/search/few_distance/experiments.jsonl,,,,,
GE-E02407,41217,palette_mutation_coloring_clique,research/geometric-extremal/search/few_distance/experiments.jsonl,,,,,
GE-E02408,41217,palette_mutation_coloring_clique,research/geometric-extremal/search/few_distance/experiments.jsonl,,,,,
GE-E02409,41217,palette_mutation_coloring_clique,research/geometric-extremal/search/few_distance/experiments.jsonl,,,,,
GE-E02410,41217,palette_mutation_coloring_clique,research/geometric-extremal/search/few_distance/experiments.jsonl,,,,,
GE-E02411,41217,palette_mutation_coloring_clique,research/geometric-extremal/search/few_distance/experiments.jsonl,,,,,
GE-E02412,41217,palette_mutation_coloring_clique,research/geometric-extremal/search/few_distance/experiments.jsonl,,,,,
GE-E02413,41217,palette_mutation_coloring_clique,research/geometric-extremal/search/few_distance/experiments.jsonl,,,,,
GE-E02414,41217,palette_mutation_coloring_clique,research/geometric-extremal/search/few_distance/experiments.jsonl,,,,,
GE-E02415,41217,palette_mutation_coloring_clique,research/geometric-extremal/search/few_distance/experiments.jsonl,,,,,
GE-E02416,41217,palette_mutation_coloring_clique,research/geometric-extremal/search/few_distance/experiments.jsonl,,,,,
GE-E02417,41217,palette_mutation_coloring_clique,research/geometric-extremal/search/few_distance/experiments.jsonl,,,,,
GE-E02418,41217,palette_mutation_coloring_clique,research/geometric-extremal/search/few_distance/experiments.jsonl,,,,,
GE-E02419,41217,palette_mutation_coloring_clique,research/geometric-extremal/search/few_distance/experiments.jsonl,,,,,
GE-E02420,41217,palette_mutation_coloring_clique,research/geometric-extremal/search/few_distance/experiments.jsonl,,,,,
GE-E02421,41217,palette_mutation_coloring_clique,research/geometric-extremal/search/few_distance/experiments.jsonl,,,,,
GE-E02422,41217,palette_mutation_coloring_clique,research/geometric-extremal/search/few_distance/experiments.jsonl,,,,,
GE-E02423,41217,palette_mutation_coloring_clique,research/geometric-extremal/search/few_distance/experiments.jsonl,,,,,
GE-E02424,41217,palette_mutation_coloring_clique,research/geometric-extremal/search/few_distance/experiments.jsonl,,,,,
GE-E02425,41217,palette_mutation_coloring_clique,research/geometric-extremal/search/few_distance/experiments.jsonl,,,,,
GE-E02426,41217,palette_mutation_coloring_clique,research/geometric-extremal/search/few_distance/experiments.jsonl,,,,,
GE-E02427,41217,palette_mutation_coloring_clique,research/geometric-extremal/search/few_distance/experiments.jsonl,,,,,
GE-E02428,41217,palette_mutation_coloring_clique,research/geometric-extremal/search/few_distance/experiments.jsonl,,,,,
GE-E02429,41217,palette_mutation_coloring_clique,research/geometric-extremal/search/few_distance/experiments.jsonl,,,,,
GE-E02430,41217,palette_mutation_coloring_clique,research/geometric-extremal/search/few_distance/experiments.jsonl,,,,,
GE-E02431,41217,palette_mutation_coloring_clique,research/geometric-extremal/search/few_distance/experiments.jsonl,,,,,
GE-E02432,41217,palette_mutation_coloring_clique,research/geometric-extremal/search/few_distance/experiments.jsonl,,,,,
GE-E02433,41217,palette_mutation_coloring_clique,research/geometric-extremal/search/few_distance/experiments.jsonl,,,,,
GE-E02434,41217,palette_mutation_coloring_clique,research/geometric-extremal/search/few_distance/experiments.jsonl,,,,,
GE-E02435,41217,palette_mutation_coloring_clique,research/geometric-extremal/search/few_distance/experiments.jsonl,,,,,
GE-E02436,41217,palette_mutation_coloring_clique,research/geometric-extremal/search/few_distance/experiments.jsonl,,,,,
GE-E02437,41217,palette_mutation_coloring_clique,research/geometric-extremal/search/few_distance/experiments.jsonl,,,,,
GE-E02438,41217,palette_mutation_coloring_clique,research/geometric-extremal/search/few_distance/experiments.jsonl,,,,,
GE-E02439,41217,palette_mutation_coloring_clique,research/geometric-extremal/search/few_distance/experiments.jsonl,,,,,
GE-E02440,41217,palette_mutation_coloring_clique,research/geometric-extremal/search/few_distance/experiments.jsonl,,,,,
GE-E02441,41217,palette_mutation_coloring_clique,research/geometric-extremal/search/few_distance/experiments.jsonl,,,,,
GE-E02442,41217,palette_mutation_coloring_clique,research/geometric-extremal/search/few_distance/experiments.jsonl,,,,,
GE-E02443,41217,palette_mutation_coloring_clique,research/geometric-extremal/search/few_distance/experiments.jsonl,,,,,
GE-E02444,41217,palette_mutation_coloring_clique,research/geometric-extremal/search/few_distance/experiments.jsonl,,,,,
GE-E02445,41217,palette_mutation_coloring_clique,research/geometric-extremal/search/few_distance/experiments.jsonl,,,,,
GE-E02446,41217,palette_mutation_coloring_clique,research/geometric-extremal/search/few_distance/experiments.jsonl,,,,,
GE-E02447,41217,palette_mutation_coloring_clique,research/geometric-extremal/search/few_distance/experiments.jsonl,,,,,
GE-E02448,41217,palette_mutation_coloring_clique,research/geometric-extremal/search/few_distance/experiments.jsonl,,,,,
GE-E02449,41217,palette_mutation_coloring_clique,research/geometric-extremal/search/few_distance/experiments.jsonl,,,,,
GE-E02450,41217,palette_mutation_coloring_clique,research/geometric-extremal/search/few_distance/experiments.jsonl,,,,,
GE-E02451,41217,palette_mutation_coloring_clique,research/geometric-extremal/search/few_distance/experiments.jsonl,,,,,
GE-E02452,41217,palette_mutation_coloring_clique,research/geometric-extremal/search/few_distance/experiments.jsonl,,,,,
GE-E02453,41217,palette_mutation_coloring_clique,research/geometric-extremal/search/few_distance/experiments.jsonl,,,,,
GE-E02454,41217,palette_mutation_coloring_clique,research/geometric-extremal/search/few_distance/experiments.jsonl,,,,,
GE-E02455,41217,palette_mutation_coloring_clique,research/geometric-extremal/search/few_distance/experiments.jsonl,,,,,
GE-E02456,41217,palette_mutation_coloring_clique,research/geometric-extremal/search/few_distance/experiments.jsonl,,,,,
GE-E02457,41217,palette_mutation_coloring_clique,research/geometric-extremal/search/few_distance/experiments.jsonl,,,,,
GE-E02458,41217,palette_mutation_coloring_clique,research/geometric-extremal/search/few_distance/experiments.jsonl,,,,,
GE-E02459,41217,palette_mutation_coloring_clique,research/geometric-extremal/search/few_distance/experiments.jsonl,,,,,
GE-E02460,41217,palette_mutation_coloring_clique,research/geometric-extremal/search/few_distance/experiments.jsonl,,,,,
GE-E02461,41217,palette_mutation_coloring_clique,research/geometric-extremal/search/few_distance/experiments.jsonl,,,,,
GE-E02462,41217,palette_mutation_coloring_clique,research/geometric-extremal/search/few_distance/experiments.jsonl,,,,,
GE-E02463,41217,palette_mutation_coloring_clique,research/geometric-extremal/search/few_distance/experiments.jsonl,,,,,
GE-E02464,41217,palette_mutation_coloring_clique,research/geometric-extremal/search/few_distance/experiments.jsonl,,,,,
GE-E02465,41217,palette_mutation_coloring_clique,research/geometric-extremal/search/few_distance/experiments.jsonl,,,,,
GE-E02466,41217,palette_mutation_coloring_clique,research/geometric-extremal/search/few_distance/experiments.jsonl,,,,,
GE-E02467,41217,palette_mutation_coloring_clique,research/geometric-extremal/search/few_distance/experiments.jsonl,,,,,
GE-E02468,41217,palette_mutation_coloring_clique,research/geometric-extremal/search/few_distance/experiments.jsonl,,,,,
GE-E02469,41217,palette_mutation_coloring_clique,research/geometric-extremal/search/few_distance/experiments.jsonl,,,,,
GE-E02470,41217,palette_mutation_coloring_clique,research/geometric-extremal/search/few_distance/experiments.jsonl,,,,,
GE-E02471,41217,palette_mutation_coloring_clique,research/geometric-extremal/search/few_distance/experiments.jsonl,,,,,
GE-E02472,41217,palette_mutation_coloring_clique,research/geometric-extremal/search/few_distance/experiments.jsonl,,,,,
GE-E02473,41217,palette_mutation_coloring_clique,research/geometric-extremal/search/few_distance/experiments.jsonl,,,,,
GE-E02474,41217,palette_mutation_coloring_clique,research/geometric-extremal/search/few_distance/experiments.jsonl,,,,,
GE-E02475,41217,palette_mutation_coloring_clique,research/geometric-extremal/search/few_distance/experiments.jsonl,,,,,
GE-E02476,41217,palette_mutation_coloring_clique,research/geometric-extremal/search/few_distance/experiments.jsonl,,,,,
GE-E02477,41217,palette_mutation_coloring_clique,research/geometric-extremal/search/few_distance/experiments.jsonl,,,,,
GE-E02478,41217,palette_mutation_coloring_clique,research/geometric-extremal/search/few_distance/experiments.jsonl,,,,,
GE-E02479,41217,palette_mutation_coloring_clique,research/geometric-extremal/search/few_distance/experiments.jsonl,,,,,
GE-E02480,41217,palette_mutation_coloring_clique,research/geometric-extremal/search/few_distance/experiments.jsonl,,,,,
GE-E02481,41217,palette_mutation_coloring_clique,research/geometric-extremal/search/few_distance/experiments.jsonl,,,,,
GE-E02482,41217,palette_mutation_coloring_clique,research/geometric-extremal/search/few_distance/experiments.jsonl,,,,,
GE-E02483,41217,palette_mutation_coloring_clique,research/geometric-extremal/search/few_distance/experiments.jsonl,,,,,
GE-E02484,41217,palette_mutation_coloring_clique,research/geometric-extremal/search/few_distance/experiments.jsonl,,,,,
GE-E02485,41217,palette_mutation_coloring_clique,research/geometric-extremal/search/few_distance/experiments.jsonl,,,,,
GE-E02486,41217,palette_mutation_coloring_clique,research/geometric-extremal/search/few_distance/experiments.jsonl,,,,,
GE-E02487,41217,palette_mutation_coloring_clique,research/geometric-extremal/search/few_distance/experiments.jsonl,,,,,
GE-E02488,41217,palette_mutation_coloring_clique,research/geometric-extremal/search/few_distance/experiments.jsonl,,,,,
GE-E02489,41217,palette_mutation_coloring_clique,research/geometric-extremal/search/few_distance/experiments.jsonl,,,,,
GE-E02490,41217,palette_mutation_coloring_clique,research/geometric-extremal/search/few_distance/experiments.jsonl,,,,,
GE-E02491,41217,palette_mutation_coloring_clique,research/geometric-extremal/search/few_distance/experiments.jsonl,,,,,
GE-E02492,41217,palette_mutation_coloring_clique,research/geometric-extremal/search/few_distance/experiments.jsonl,,,,,
GE-E02493,41217,palette_mutation_coloring_clique,research/geometric-extremal/search/few_distance/experiments.jsonl,,,,,
GE-E02494,41217,palette_mutation_coloring_clique,research/geometric-extremal/search/few_distance/experiments.jsonl,,,,,
GE-E02495,41217,palette_mutation_coloring_clique,research/geometric-extremal/search/few_distance/experiments.jsonl,,,,,
GE-E02496,41217,palette_mutation_coloring_clique,research/geometric-extremal/search/few_distance/experiments.jsonl,,,,,
GE-E02497,41217,palette_mutation_coloring_clique,research/geometric-extremal/search/few_distance/experiments.jsonl,,,,,
GE-E02498,41217,palette_mutation_coloring_clique,research/geometric-extremal/search/few_distance/experiments.jsonl,,,,,
GE-E02499,41217,palette_mutation_coloring_clique,research/geometric-extremal/search/few_distance/experiments.jsonl,,,,,
GE-E02500,41217,palette_mutation_coloring_clique,research/geometric-extremal/search/few_distance/experiments.jsonl,,,,,
GE-E02501,41217,palette_mutation_coloring_clique,research/geometric-extremal/search/few_distance/experiments.jsonl,,,,,
GE-E02502,41217,palette_mutation_coloring_clique,research/geometric-extremal/search/few_distance/experiments.jsonl,,,,,
GE-E02503,41217,palette_mutation_coloring_clique,research/geometric-extremal/search/few_distance/experiments.jsonl,,,,,
GE-E02504,41217,palette_mutation_coloring_clique,research/geometric-extremal/search/few_distance/experiments.jsonl,,,,,
GE-E02505,41217,palette_mutation_coloring_clique,research/geometric-extremal/search/few_distance/experiments.jsonl,,,,,
GE-E02506,41217,palette_mutation_coloring_clique,research/geometric-extremal/search/few_distance/experiments.jsonl,,,,,
GE-E02507,41217,palette_mutation_coloring_clique,research/geometric-extremal/search/few_distance/experiments.jsonl,,,,,
GE-E02508,41217,palette_mutation_coloring_clique,research/geometric-extremal/search/few_distance/experiments.jsonl,,,,,
GE-E02509,41217,palette_mutation_coloring_clique,research/geometric-extremal/search/few_distance/experiments.jsonl,,,,,
GE-E02510,41217,palette_mutation_coloring_clique,research/geometric-extremal/search/few_distance/experiments.jsonl,,,,,
GE-E02511,41217,palette_mutation_coloring_clique,research/geometric-extremal/search/few_distance/experiments.jsonl,,,,,
GE-E02512,41217,palette_mutation_coloring_clique,research/geometric-extremal/search/few_distance/experiments.jsonl,,,,,
GE-E02513,41217,palette_mutation_coloring_clique,research/geometric-extremal/search/few_distance/experiments.jsonl,,,,,
GE-E02514,41217,palette_mutation_coloring_clique,research/geometric-extremal/search/few_distance/experiments.jsonl,,,,,
GE-E02515,41217,palette_mutation_coloring_clique,research/geometric-extremal/search/few_distance/experiments.jsonl,,,,,
GE-E02516,41217,palette_mutation_coloring_clique,research/geometric-extremal/search/few_distance/experiments.jsonl,,,,,
GE-E02517,41217,palette_mutation_coloring_clique,research/geometric-extremal/search/few_distance/experiments.jsonl,,,,,
GE-E02518,41217,palette_mutation_coloring_clique,research/geometric-extremal/search/few_distance/experiments.jsonl,,,,,
GE-E02519,41217,palette_mutation_coloring_clique,research/geometric-extremal/search/few_distance/experiments.jsonl,,,,,
GE-E02520,41217,palette_mutation_coloring_clique,research/geometric-extremal/search/few_distance/experiments.jsonl,,,,,
GE-E02521,41217,palette_mutation_coloring_clique,research/geometric-extremal/search/few_distance/experiments.jsonl,,,,,
GE-E02522,41217,palette_mutation_coloring_clique,research/geometric-extremal/search/few_distance/experiments.jsonl,,,,,
GE-E02523,41217,palette_mutation_coloring_clique,research/geometric-extremal/search/few_distance/experiments.jsonl,,,,,
GE-E02524,41217,palette_mutation_coloring_clique,research/geometric-extremal/search/few_distance/experiments.jsonl,,,,,
GE-E02525,41217,palette_mutation_coloring_clique,research/geometric-extremal/search/few_distance/experiments.jsonl,,,,,
GE-E02526,41217,palette_mutation_coloring_clique,research/geometric-extremal/search/few_distance/experiments.jsonl,,,,,
GE-E02527,41217,palette_mutation_coloring_clique,research/geometric-extremal/search/few_distance/experiments.jsonl,,,,,
GE-E02528,41217,palette_mutation_coloring_clique,research/geometric-extremal/search/few_distance/experiments.jsonl,,,,,
GE-E02529,41217,palette_mutation_coloring_clique,research/geometric-extremal/search/few_distance/experiments.jsonl,,,,,
GE-E02530,41217,palette_mutation_coloring_clique,research/geometric-extremal/search/few_distance/experiments.jsonl,,,,,
GE-E02531,41217,palette_mutation_coloring_clique,research/geometric-extremal/search/few_distance/experiments.jsonl,,,,,
GE-E02532,41217,palette_mutation_coloring_clique,research/geometric-extremal/search/few_distance/experiments.jsonl,,,,,
GE-E02533,41217,palette_mutation_coloring_clique,research/geometric-extremal/search/few_distance/experiments.jsonl,,,,,
GE-E02534,41217,palette_mutation_coloring_clique,research/geometric-extremal/search/few_distance/experiments.jsonl,,,,,
GE-E02535,41217,palette_mutation_coloring_clique,research/geometric-extremal/search/few_distance/experiments.jsonl,,,,,
GE-E02536,41217,palette_mutation_coloring_clique,research/geometric-extremal/search/few_distance/experiments.jsonl,,,,,
GE-E02537,41217,palette_mutation_coloring_clique,research/geometric-extremal/search/few_distance/experiments.jsonl,,,,,
GE-E02538,41217,palette_mutation_coloring_clique,research/geometric-extremal/search/few_distance/experiments.jsonl,,,,,
GE-E02539,41217,palette_mutation_coloring_clique,research/geometric-extremal/search/few_distance/experiments.jsonl,,,,,
GE-E02540,41217,palette_mutation_coloring_clique,research/geometric-extremal/search/few_distance/experiments.jsonl,,,,,
GE-E02541,41217,palette_mutation_coloring_clique,research/geometric-extremal/search/few_distance/experiments.jsonl,,,,,
GE-E02542,41217,palette_mutation_coloring_clique,research/geometric-extremal/search/few_distance/experiments.jsonl,,,,,
GE-E02543,41217,palette_mutation_coloring_clique,research/geometric-extremal/search/few_distance/experiments.jsonl,,,,,
GE-E02544,41217,palette_mutation_coloring_clique,research/geometric-extremal/search/few_distance/experiments.jsonl,,,,,
GE-E02545,41217,palette_mutation_coloring_clique,research/geometric-extremal/search/few_distance/experiments.jsonl,,,,,
GE-E02546,41217,palette_mutation_coloring_clique,research/geometric-extremal/search/few_distance/experiments.jsonl,,,,,
GE-E02547,41217,palette_mutation_coloring_clique,research/geometric-extremal/search/few_distance/experiments.jsonl,,,,,
GE-E02548,41217,palette_mutation_coloring_clique,research/geometric-extremal/search/few_distance/experiments.jsonl,,,,,
GE-E02549,41217,palette_mutation_coloring_clique,research/geometric-extremal/search/few_distance/experiments.jsonl,,,,,
GE-E02550,41217,palette_mutation_coloring_clique,research/geometric-extremal/search/few_distance/experiments.jsonl,,,,,
GE-E02551,41217,palette_mutation_coloring_clique,research/geometric-extremal/search/few_distance/experiments.jsonl,,,,,
GE-E02552,41217,palette_mutation_coloring_clique,research/geometric-extremal/search/few_distance/experiments.jsonl,,,,,
GE-E02553,41217,palette_mutation_coloring_clique,research/geometric-extremal/search/few_distance/experiments.jsonl,,,,,
GE-E02554,41217,palette_mutation_coloring_clique,research/geometric-extremal/search/few_distance/experiments.jsonl,,,,,
GE-E02555,41217,palette_mutation_coloring_clique,research/geometric-extremal/search/few_distance/experiments.jsonl,,,,,
GE-E02556,41217,palette_mutation_coloring_clique,research/geometric-extremal/search/few_distance/experiments.jsonl,,,,,
GE-E02557,41217,palette_mutation_coloring_clique,research/geometric-extremal/search/few_distance/experiments.jsonl,,,,,
GE-E02558,41217,palette_mutation_coloring_clique,research/geometric-extremal/search/few_distance/experiments.jsonl,,,,,
GE-E02559,41217,palette_mutation_coloring_clique,research/geometric-extremal/search/few_distance/experiments.jsonl,,,,,
GE-E02560,41217,palette_mutation_coloring_clique,research/geometric-extremal/search/few_distance/experiments.jsonl,,,,,
GE-E02561,41217,palette_mutation_coloring_clique,research/geometric-extremal/search/few_distance/experiments.jsonl,,,,,
GE-E02562,41217,palette_mutation_coloring_clique,research/geometric-extremal/search/few_distance/experiments.jsonl,,,,,
GE-E02563,41217,palette_mutation_coloring_clique,research/geometric-extremal/search/few_distance/experiments.jsonl,,,,,
GE-E02564,41217,palette_mutation_coloring_clique,research/geometric-extremal/search/few_distance/experiments.jsonl,,,,,
GE-E02565,41217,palette_mutation_coloring_clique,research/geometric-extremal/search/few_distance/experiments.jsonl,,,,,
GE-E02566,41217,palette_mutation_coloring_clique,research/geometric-extremal/search/few_distance/experiments.jsonl,,,,,
GE-E02567,41217,palette_mutation_coloring_clique,research/geometric-extremal/search/few_distance/experiments.jsonl,,,,,
GE-E02568,41217,palette_mutation_coloring_clique,research/geometric-extremal/search/few_distance/experiments.jsonl,,,,,
GE-E02569,41217,palette_mutation_coloring_clique,research/geometric-extremal/search/few_distance/experiments.jsonl,,,,,
GE-E02570,41217,palette_mutation_coloring_clique,research/geometric-extremal/search/few_distance/experiments.jsonl,,,,,
GE-E02571,41217,palette_mutation_coloring_clique,research/geometric-extremal/search/few_distance/experiments.jsonl,,,,,
GE-E02572,41217,palette_mutation_coloring_clique,research/geometric-extremal/search/few_distance/experiments.jsonl,,,,,
GE-E02573,41217,palette_mutation_coloring_clique,research/geometric-extremal/search/few_distance/experiments.jsonl,,,,,
GE-E02574,41217,palette_mutation_coloring_clique,research/geometric-extremal/search/few_distance/experiments.jsonl,,,,,
GE-E02575,41217,palette_mutation_coloring_clique,research/geometric-extremal/search/few_distance/experiments.jsonl,,,,,
GE-E02576,41217,palette_mutation_coloring_clique,research/geometric-extremal/search/few_distance/experiments.jsonl,,,,,
GE-E02577,41217,palette_mutation_coloring_clique,research/geometric-extremal/search/few_distance/experiments.jsonl,,,,,
GE-E02578,41217,palette_mutation_coloring_clique,research/geometric-extremal/search/few_distance/experiments.jsonl,,,,,
GE-E02579,41217,palette_mutation_coloring_clique,research/geometric-extremal/search/few_distance/experiments.jsonl,,,,,
GE-E02580,41217,palette_mutation_coloring_clique,research/geometric-extremal/search/few_distance/experiments.jsonl,,,,,
GE-E02581,41217,palette_mutation_coloring_clique,research/geometric-extremal/search/few_distance/experiments.jsonl,,,,,
GE-E02582,41217,palette_mutation_coloring_clique,research/geometric-extremal/search/few_distance/experiments.jsonl,,,,,
GE-E02583,41217,palette_mutation_coloring_clique,research/geometric-extremal/search/few_distance/experiments.jsonl,,,,,
GE-E02584,41217,palette_mutation_coloring_clique,research/geometric-extremal/search/few_distance/experiments.jsonl,,,,,
GE-E02585,41217,palette_mutation_coloring_clique,research/geometric-extremal/search/few_distance/experiments.jsonl,,,,,
GE-E02586,41217,palette_mutation_coloring_clique,research/geometric-extremal/search/few_distance/experiments.jsonl,,,,,
GE-E02587,41217,palette_mutation_coloring_clique,research/geometric-extremal/search/few_distance/experiments.jsonl,,,,,
GE-E02588,41217,palette_mutation_coloring_clique,research/geometric-extremal/search/few_distance/experiments.jsonl,,,,,
GE-E02589,41217,palette_mutation_coloring_clique,research/geometric-extremal/search/few_distance/experiments.jsonl,,,,,
GE-E02590,41217,palette_mutation_coloring_clique,research/geometric-extremal/search/few_distance/experiments.jsonl,,,,,
GE-E02591,41217,palette_mutation_coloring_clique,research/geometric-extremal/search/few_distance/experiments.jsonl,,,,,
GE-E02592,41217,palette_mutation_coloring_clique,research/geometric-extremal/search/few_distance/experiments.jsonl,,,,,
GE-E02593,41217,palette_mutation_coloring_clique,research/geometric-extremal/search/few_distance/experiments.jsonl,,,,,
GE-E02594,41217,palette_mutation_coloring_clique,research/geometric-extremal/search/few_distance/experiments.jsonl,,,,,
GE-E02595,41217,palette_mutation_coloring_clique,research/geometric-extremal/search/few_distance/experiments.jsonl,,,,,
GE-E02596,41217,palette_mutation_coloring_clique,research/geometric-extremal/search/few_distance/experiments.jsonl,,,,,
GE-E02597,41217,palette_mutation_coloring_clique,research/geometric-extremal/search/few_distance/experiments.jsonl,,,,,
GE-E02598,41217,palette_mutation_coloring_clique,research/geometric-extremal/search/few_distance/experiments.jsonl,,,,,
GE-E02599,41217,palette_mutation_coloring_clique,research/geometric-extremal/search/few_distance/experiments.jsonl,,,,,
GE-E02600,41217,palette_mutation_coloring_clique,research/geometric-extremal/search/few_distance/experiments.jsonl,,,,,
GE-E02601,41217,palette_mutation_coloring_clique,research/geometric-extremal/search/few_distance/experiments.jsonl,,,,,
GE-E02602,41217,palette_mutation_coloring_clique,research/geometric-extremal/search/few_distance/experiments.jsonl,,,,,
GE-E02603,41217,palette_mutation_coloring_clique,research/geometric-extremal/search/few_distance/experiments.jsonl,,,,,
GE-E02604,41217,palette_mutation_coloring_clique,research/geometric-extremal/search/few_distance/experiments.jsonl,,,,,
GE-E02605,41217,palette_mutation_coloring_clique,research/geometric-extremal/search/few_distance/experiments.jsonl,,,,,
GE-E02606,41217,palette_mutation_coloring_clique,research/geometric-extremal/search/few_distance/experiments.jsonl,,,,,
GE-E02607,41217,palette_mutation_coloring_clique,research/geometric-extremal/search/few_distance/experiments.jsonl,,,,,
GE-E02608,41217,palette_mutation_coloring_clique,research/geometric-extremal/search/few_distance/experiments.jsonl,,,,,
GE-E02609,41217,palette_mutation_coloring_clique,research/geometric-extremal/search/few_distance/experiments.jsonl,,,,,
GE-E02610,41217,palette_mutation_coloring_clique,research/geometric-extremal/search/few_distance/experiments.jsonl,,,,,
GE-E02611,41217,palette_mutation_coloring_clique,research/geometric-extremal/search/few_distance/experiments.jsonl,,,,,
GE-E02612,41217,palette_mutation_coloring_clique,research/geometric-extremal/search/few_distance/experiments.jsonl,,,,,
GE-E02613,41217,palette_mutation_coloring_clique,research/geometric-extremal/search/few_distance/experiments.jsonl,,,,,
GE-E02614,41217,palette_mutation_coloring_clique,research/geometric-extremal/search/few_distance/experiments.jsonl,,,,,
GE-E02615,41217,palette_mutation_coloring_clique,research/geometric-extremal/search/few_distance/experiments.jsonl,,,,,
GE-E02616,41217,palette_mutation_coloring_clique,research/geometric-extremal/search/few_distance/experiments.jsonl,,,,,
GE-E02617,41217,palette_mutation_coloring_clique,research/geometric-extremal/search/few_distance/experiments.jsonl,,,,,
GE-E02618,41217,palette_mutation_coloring_clique,research/geometric-extremal/search/few_distance/experiments.jsonl,,,,,
GE-E02619,41217,palette_mutation_coloring_clique,research/geometric-extremal/search/few_distance/experiments.jsonl,,,,,
GE-E02620,41217,palette_mutation_coloring_clique,research/geometric-extremal/search/few_distance/experiments.jsonl,,,,,
GE-E02621,41217,palette_mutation_coloring_clique,research/geometric-extremal/search/few_distance/experiments.jsonl,,,,,
GE-E02622,41217,palette_mutation_coloring_clique,research/geometric-extremal/search/few_distance/experiments.jsonl,,,,,
GE-E02623,41217,palette_mutation_coloring_clique,research/geometric-extremal/search/few_distance/experiments.jsonl,,,,,
GE-E02624,41217,palette_mutation_coloring_clique,research/geometric-extremal/search/few_distance/experiments.jsonl,,,,,
GE-E02625,41217,palette_mutation_coloring_clique,research/geometric-extremal/search/few_distance/experiments.jsonl,,,,,
GE-E02626,41217,palette_mutation_coloring_clique,research/geometric-extremal/search/few_distance/experiments.jsonl,,,,,
GE-E02627,41217,palette_mutation_coloring_clique,research/geometric-extremal/search/few_distance/experiments.jsonl,,,,,
GE-E02628,41217,palette_mutation_coloring_clique,research/geometric-extremal/search/few_distance/experiments.jsonl,,,,,
GE-E02629,41217,palette_mutation_coloring_clique,research/geometric-extremal/search/few_distance/experiments.jsonl,,,,,
GE-E02630,41217,palette_mutation_coloring_clique,research/geometric-extremal/search/few_distance/experiments.jsonl,,,,,
GE-E02631,41217,palette_mutation_coloring_clique,research/geometric-extremal/search/few_distance/experiments.jsonl,,,,,
GE-E02632,41217,palette_mutation_coloring_clique,research/geometric-extremal/search/few_distance/experiments.jsonl,,,,,
GE-E02633,41217,palette_mutation_coloring_clique,research/geometric-extremal/search/few_distance/experiments.jsonl,,,,,
GE-E02634,41217,palette_mutation_coloring_clique,research/geometric-extremal/search/few_distance/experiments.jsonl,,,,,
GE-E02635,41217,palette_mutation_coloring_clique,research/geometric-extremal/search/few_distance/experiments.jsonl,,,,,
GE-E02636,41217,palette_mutation_coloring_clique,research/geometric-extremal/search/few_distance/experiments.jsonl,,,,,
GE-E02637,41217,palette_mutation_coloring_clique,research/geometric-extremal/search/few_distance/experiments.jsonl,,,,,
GE-E02638,41217,palette_mutation_coloring_clique,research/geometric-extremal/search/few_distance/experiments.jsonl,,,,,
GE-E02639,41217,palette_mutation_coloring_clique,research/geometric-extremal/search/few_distance/experiments.jsonl,,,,,
GE-E02640,41217,palette_mutation_coloring_clique,research/geometric-extremal/search/few_distance/experiments.jsonl,,,,,
GE-E02641,41217,palette_mutation_coloring_clique,research/geometric-extremal/search/few_distance/experiments.jsonl,,,,,
GE-E02642,41217,palette_mutation_coloring_clique,research/geometric-extremal/search/few_distance/experiments.jsonl,,,,,
GE-E02643,41217,palette_mutation_coloring_clique,research/geometric-extremal/search/few_distance/experiments.jsonl,,,,,
GE-E02644,41217,palette_mutation_coloring_clique,research/geometric-extremal/search/few_distance/experiments.jsonl,,,,,
GE-E02645,41217,palette_mutation_coloring_clique,research/geometric-extremal/search/few_distance/experiments.jsonl,,,,,
GE-E02646,41217,palette_mutation_coloring_clique,research/geometric-extremal/search/few_distance/experiments.jsonl,,,,,
GE-E02647,41217,palette_mutation_coloring_clique,research/geometric-extremal/search/few_distance/experiments.jsonl,,,,,
GE-E02648,41217,palette_mutation_coloring_clique,research/geometric-extremal/search/few_distance/experiments.jsonl,,,,,
GE-E02649,41217,palette_mutation_coloring_clique,research/geometric-extremal/search/few_distance/experiments.jsonl,,,,,
GE-E02650,41217,palette_mutation_coloring_clique,research/geometric-extremal/search/few_distance/experiments.jsonl,,,,,
GE-E02651,41217,palette_mutation_coloring_clique,research/geometric-extremal/search/few_distance/experiments.jsonl,,,,,
GE-E02652,41217,palette_mutation_coloring_clique,research/geometric-extremal/search/few_distance/experiments.jsonl,,,,,
GE-E02653,41217,palette_mutation_coloring_clique,research/geometric-extremal/search/few_distance/experiments.jsonl,,,,,
GE-E02654,41217,palette_mutation_coloring_clique,research/geometric-extremal/search/few_distance/experiments.jsonl,,,,,
GE-E02655,41217,palette_mutation_coloring_clique,research/geometric-extremal/search/few_distance/experiments.jsonl,,,,,
GE-E02656,41217,palette_mutation_coloring_clique,research/geometric-extremal/search/few_distance/experiments.jsonl,,,,,
GE-E02657,41217,palette_mutation_coloring_clique,research/geometric-extremal/search/few_distance/experiments.jsonl,,,,,
GE-E02658,41217,palette_mutation_coloring_clique,research/geometric-extremal/search/few_distance/experiments.jsonl,,,,,
GE-E02659,41217,palette_mutation_coloring_clique,research/geometric-extremal/search/few_distance/experiments.jsonl,,,,,
GE-E02660,41217,palette_mutation_coloring_clique,research/geometric-extremal/search/few_distance/experiments.jsonl,,,,,
GE-E02661,41217,palette_mutation_coloring_clique,research/geometric-extremal/search/few_distance/experiments.jsonl,,,,,
GE-E02662,41217,palette_mutation_coloring_clique,research/geometric-extremal/search/few_distance/experiments.jsonl,,,,,
GE-E02663,41217,palette_mutation_coloring_clique,research/geometric-extremal/search/few_distance/experiments.jsonl,,,,,
GE-E02664,41217,palette_mutation_coloring_clique,research/geometric-extremal/search/few_distance/experiments.jsonl,,,,,
GE-E02665,41217,palette_mutation_coloring_clique,research/geometric-extremal/search/few_distance/experiments.jsonl,,,,,
GE-E02666,41217,palette_mutation_coloring_clique,research/geometric-extremal/search/few_distance/experiments.jsonl,,,,,
GE-E02667,41217,palette_mutation_coloring_clique,research/geometric-extremal/search/few_distance/experiments.jsonl,,,,,
GE-E02668,41217,palette_mutation_coloring_clique,research/geometric-extremal/search/few_distance/experiments.jsonl,,,,,
GE-E02669,41230,site_swap_annealing,research/geometric-extremal/search/few_distance/experiments.jsonl,250000,,13,,
GE-E02670,41234,site_swap_annealing,research/geometric-extremal/search/few_distance/experiments.jsonl,250000,,17,,
GE-E02671,41237,site_swap_annealing,research/geometric-extremal/search/few_distance/experiments.jsonl,250000,,21,,
GE-E02672,41241,site_swap_annealing,research/geometric-extremal/search/few_distance/experiments.jsonl,250000,,26,,
GE-E02673,,asymmetric_window,research/geometric-extremal/search/few_distance/experiments.jsonl,,,,,
GE-E02674,1000,single_disk_deletion,research/geometric-extremal/search/torus/experiments.jsonl,5,,0.07627462562249443,,
GE-E02675,1000,low_fourier_symmetry_release,research/geometric-extremal/search/torus/experiments.jsonl,6,,0.07555555555555524,,
GE-E02676,1000,farthest_hole_insertion,research/geometric-extremal/search/torus/experiments.jsonl,11,,0.06698729810777078,,
GE-E02677,1001,single_disk_deletion,research/geometric-extremal/search/torus/experiments.jsonl,7,,0.0762746256226898,,
GE-E02678,1001,low_fourier_symmetry_release,research/geometric-extremal/search/torus/experiments.jsonl,10,,0.0755555555555505,,
GE-E02679,1001,farthest_hole_insertion,research/geometric-extremal/search/torus/experiments.jsonl,22,,0.06698729810778026,,
GE-E02680,1002,single_disk_deletion,research/geometric-extremal/search/torus/experiments.jsonl,7,,0.07627462562268875,,
GE-E02681,1002,low_fourier_symmetry_release,research/geometric-extremal/search/torus/experiments.jsonl,20,,0.07555555555555536,,
GE-E02682,1002,farthest_hole_insertion,research/geometric-extremal/search/torus/experiments.jsonl,27,,0.06541849502590714,,
GE-E02683,1003,single_disk_deletion,research/geometric-extremal/search/torus/experiments.jsonl,9,,0.07627462562268941,,
GE-E02684,1003,low_fourier_symmetry_release,research/geometric-extremal/search/torus/experiments.jsonl,40,,0.07555555555555489,,
GE-E02685,1003,farthest_hole_insertion,research/geometric-extremal/search/torus/experiments.jsonl,25,,0.06698729810778019,,
GE-E02686,1004,single_disk_deletion,research/geometric-extremal/search/torus/experiments.jsonl,5,,0.0762746256226892,,
GE-E02687,1004,low_fourier_symmetry_release,research/geometric-extremal/search/torus/experiments.jsonl,6,,0.07555555555555517,,
GE-E02688,1004,farthest_hole_insertion,research/geometric-extremal/search/torus/experiments.jsonl,15,,0.06698729810734413,,
GE-E02689,1005,single_disk_deletion,research/geometric-extremal/search/torus/experiments.jsonl,8,,0.07627462562268918,,
GE-E02690,1005,low_fourier_symmetry_release,research/geometric-extremal/search/torus/experiments.jsonl,11,,0.07555555555555234,,
GE-E02691,1005,farthest_hole_insertion,research/geometric-extremal/search/torus/experiments.jsonl,18,,0.0669872981077803,,
GE-E02692,1006,single_disk_deletion,research/geometric-extremal/search/torus/experiments.jsonl,7,,0.07627462562268984,,
GE-E02693,1006,low_fourier_symmetry_release,research/geometric-extremal/search/torus/experiments.jsonl,21,,0.07179676972448995,,
GE-E02694,1006,farthest_hole_insertion,research/geometric-extremal/search/torus/experiments.jsonl,18,,0.0669872981077804,,
GE-E02695,1007,single_disk_deletion,research/geometric-extremal/search/torus/experiments.jsonl,6,,0.07627462562268901,,
GE-E02696,1007,low_fourier_symmetry_release,research/geometric-extremal/search/torus/experiments.jsonl,43,,0.07555555555555526,,
GE-E02697,1007,farthest_hole_insertion,research/geometric-extremal/search/torus/experiments.jsonl,19,,0.06698729810778015,,
GE-E02698,1008,single_disk_deletion,research/geometric-extremal/search/torus/experiments.jsonl,7,,0.07627462562268955,,
GE-E02699,1008,low_fourier_symmetry_release,research/geometric-extremal/search/torus/experiments.jsonl,7,,0.07555555555555421,,
GE-E02700,1008,farthest_hole_insertion,research/geometric-extremal/search/torus/experiments.jsonl,21,,0.06698729810778012,,
GE-E02701,1009,single_disk_deletion,research/geometric-extremal/search/torus/experiments.jsonl,6,,0.07627462562268979,,
GE-E02702,1009,low_fourier_symmetry_release,research/geometric-extremal/search/torus/experiments.jsonl,10,,0.07555555555555496,,
GE-E02703,1009,farthest_hole_insertion,research/geometric-extremal/search/torus/experiments.jsonl,12,,0.06698729810597735,,
GE-E02704,1010,single_disk_deletion,research/geometric-extremal/search/torus/experiments.jsonl,7,,0.07627462562268994,,
GE-E02705,1010,low_fourier_symmetry_release,research/geometric-extremal/search/torus/experiments.jsonl,17,,0.07179676972449059,,
GE-E02706,1010,farthest_hole_insertion,research/geometric-extremal/search/torus/experiments.jsonl,16,,0.06698729810775533,,
GE-E02707,1011,single_disk_deletion,research/geometric-extremal/search/torus/experiments.jsonl,6,,0.07627462562268943,,
GE-E02708,1011,low_fourier_symmetry_release,research/geometric-extremal/search/torus/experiments.jsonl,62,,0.07555555555550054,,
GE-E02709,1011,farthest_hole_insertion,research/geometric-extremal/search/torus/experiments.jsonl,17,,0.06698729810772616,,
GE-E02710,1012,single_disk_deletion,research/geometric-extremal/search/torus/experiments.jsonl,9,,0.07627462562268862,,
GE-E02711,1012,low_fourier_symmetry_release,research/geometric-extremal/search/torus/experiments.jsonl,6,,0.07555555555555499,,
GE-E02712,1012,farthest_hole_insertion,research/geometric-extremal/search/torus/experiments.jsonl,20,,0.06698729810778034,,
GE-E02713,1013,single_disk_deletion,research/geometric-extremal/search/torus/experiments.jsonl,7,,0.07627462562268972,,
GE-E02714,1013,low_fourier_symmetry_release,research/geometric-extremal/search/torus/experiments.jsonl,11,,0.07555555555555207,,
GE-E02715,1013,farthest_hole_insertion,research/geometric-extremal/search/torus/experiments.jsonl,14,,0.06698729810778041,,
GE-E02716,1014,single_disk_deletion,research/geometric-extremal/search/torus/experiments.jsonl,7,,0.07627462562268936,,
GE-E02717,1014,low_fourier_symmetry_release,research/geometric-extremal/search/torus/experiments.jsonl,15,,0.07179676972449062,,
GE-E02718,1014,farthest_hole_insertion,research/geometric-extremal/search/torus/experiments.jsonl,21,,0.06698729810778017,,
GE-E02719,1015,single_disk_deletion,research/geometric-extremal/search/torus/experiments.jsonl,5,,0.07627462562253315,,
GE-E02720,1015,low_fourier_symmetry_release,research/geometric-extremal/search/torus/experiments.jsonl,22,,0.07555555555555524,,
GE-E02721,1015,farthest_hole_insertion,research/geometric-extremal/search/torus/experiments.jsonl,20,,0.06698729810776782,,
GE-E02722,1016,single_disk_deletion,research/geometric-extremal/search/torus/experiments.jsonl,5,,0.07627462562260877,,
GE-E02723,1016,low_fourier_symmetry_release,research/geometric-extremal/search/torus/experiments.jsonl,6,,0.07555555555555514,,
GE-E02724,1016,farthest_hole_insertion,research/geometric-extremal/search/torus/experiments.jsonl,25,,0.06698729810777175,,
GE-E02725,1017,single_disk_deletion,research/geometric-extremal/search/torus/experiments.jsonl,7,,0.07627462562268955,,
GE-E02726,1017,low_fourier_symmetry_release,research/geometric-extremal/search/torus/experiments.jsonl,10,,0.07555555555555496,,
GE-E02727,1017,farthest_hole_insertion,research/geometric-extremal/search/torus/experiments.jsonl,20,,0.06698729810778054,,
GE-E02728,1018,single_disk_deletion,research/geometric-extremal/search/torus/experiments.jsonl,6,,0.07627462562267875,,
GE-E02729,1018,low_fourier_symmetry_release,research/geometric-extremal/search/torus/experiments.jsonl,13,,0.07555555555555407,,
GE-E02730,1018,farthest_hole_insertion,research/geometric-extremal/search/torus/experiments.jsonl,16,,0.06698729810778054,,
GE-E02731,1019,single_disk_deletion,research/geometric-extremal/search/torus/experiments.jsonl,7,,0.0762746256226837,,
GE-E02732,1019,low_fourier_symmetry_release,research/geometric-extremal/search/torus/experiments.jsonl,13,,0.07555555555555031,,
GE-E02733,1019,farthest_hole_insertion,research/geometric-extremal/search/torus/experiments.jsonl,28,,0.06698729810778027,,
GE-E02734,1000,boundary_cluster_hole_surgery,research/geometric-extremal/search/triangle_packing/experiments.jsonl,1,,,,
GE-E02735,1000,boundary_cluster_hole_surgery,research/geometric-extremal/search/triangle_packing/experiments.jsonl,1,,,,
GE-E02736,1000,boundary_cluster_hole_surgery,research/geometric-extremal/search/triangle_packing/experiments.jsonl,1,,,,
GE-E02737,1001,adjacent_count_transfer,research/geometric-extremal/search/triangle_packing/experiments.jsonl,1,,,,
GE-E02738,1001,adjacent_count_transfer,research/geometric-extremal/search/triangle_packing/experiments.jsonl,7,,,,
GE-E02739,1001,adjacent_count_transfer,research/geometric-extremal/search/triangle_packing/experiments.jsonl,22,,,,
GE-E02740,1002,contact_pair_rotation,research/geometric-extremal/search/triangle_packing/experiments.jsonl,24,,,,
GE-E02741,1002,contact_pair_rotation,research/geometric-extremal/search/triangle_packing/experiments.jsonl,32,,,,
GE-E02742,1002,contact_pair_rotation,research/geometric-extremal/search/triangle_packing/experiments.jsonl,27,,,,
GE-E02743,1003,boundary_cluster_hole_surgery,research/geometric-extremal/search/triangle_packing/experiments.jsonl,1,,,,
GE-E02744,1003,boundary_cluster_hole_surgery,research/geometric-extremal/search/triangle_packing/experiments.jsonl,1,,,,
GE-E02745,1003,boundary_cluster_hole_surgery,research/geometric-extremal/search/triangle_packing/experiments.jsonl,1,,,,
GE-E02746,1004,adjacent_count_transfer,research/geometric-extremal/search/triangle_packing/experiments.jsonl,1,,,,
GE-E02747,1004,adjacent_count_transfer,research/geometric-extremal/search/triangle_packing/experiments.jsonl,8,,,,
GE-E02748,1004,adjacent_count_transfer,research/geometric-extremal/search/triangle_packing/experiments.jsonl,17,,,,
GE-E02749,1005,contact_pair_rotation,research/geometric-extremal/search/triangle_packing/experiments.jsonl,57,,,,
GE-E02750,1005,contact_pair_rotation,research/geometric-extremal/search/triangle_packing/experiments.jsonl,61,,,,
GE-E02751,1005,contact_pair_rotation,research/geometric-extremal/search/triangle_packing/experiments.jsonl,32,,,,
GE-E02752,1006,boundary_cluster_hole_surgery,research/geometric-extremal/search/triangle_packing/experiments.jsonl,1,,,,
GE-E02753,1006,boundary_cluster_hole_surgery,research/geometric-extremal/search/triangle_packing/experiments.jsonl,1,,,,
GE-E02754,1006,boundary_cluster_hole_surgery,research/geometric-extremal/search/triangle_packing/experiments.jsonl,1,,,,
GE-E02755,1007,adjacent_count_transfer,research/geometric-extremal/search/triangle_packing/experiments.jsonl,19,,,,
GE-E02756,1007,adjacent_count_transfer,research/geometric-extremal/search/triangle_packing/experiments.jsonl,1,,,,
GE-E02757,1007,adjacent_count_transfer,research/geometric-extremal/search/triangle_packing/experiments.jsonl,23,,,,
GE-E02758,1008,contact_pair_rotation,research/geometric-extremal/search/triangle_packing/experiments.jsonl,34,,,,
GE-E02759,1008,contact_pair_rotation,research/geometric-extremal/search/triangle_packing/experiments.jsonl,5,,,,
GE-E02760,1008,contact_pair_rotation,research/geometric-extremal/search/triangle_packing/experiments.jsonl,49,,,,
GE-E02761,1009,boundary_cluster_hole_surgery,research/geometric-extremal/search/triangle_packing/experiments.jsonl,1,,,,
GE-E02762,1009,boundary_cluster_hole_surgery,research/geometric-extremal/search/triangle_packing/experiments.jsonl,1,,,,
GE-E02763,1009,boundary_cluster_hole_surgery,research/geometric-extremal/search/triangle_packing/experiments.jsonl,1,,,,
GE-E02764,1010,adjacent_count_transfer,research/geometric-extremal/search/triangle_packing/experiments.jsonl,10,,,,
GE-E02765,1010,adjacent_count_transfer,research/geometric-extremal/search/triangle_packing/experiments.jsonl,24,,,,
GE-E02766,1010,adjacent_count_transfer,research/geometric-extremal/search/triangle_packing/experiments.jsonl,18,,,,
GE-E02767,1011,contact_pair_rotation,research/geometric-extremal/search/triangle_packing/experiments.jsonl,19,,,,
GE-E02768,1011,contact_pair_rotation,research/geometric-extremal/search/triangle_packing/experiments.jsonl,12,,,,
GE-E02769,1011,contact_pair_rotation,research/geometric-extremal/search/triangle_packing/experiments.jsonl,13,,,,
GE-E02770,1012,boundary_cluster_hole_surgery,research/geometric-extremal/search/triangle_packing/experiments.jsonl,1,,,,
GE-E02771,1012,boundary_cluster_hole_surgery,research/geometric-extremal/search/triangle_packing/experiments.jsonl,1,,,,
GE-E02772,1012,boundary_cluster_hole_surgery,research/geometric-extremal/search/triangle_packing/experiments.jsonl,1,,,,
GE-E02773,1013,adjacent_count_transfer,research/geometric-extremal/search/triangle_packing/experiments.jsonl,1,,,,
GE-E02774,1013,adjacent_count_transfer,research/geometric-extremal/search/triangle_packing/experiments.jsonl,5,,,,
GE-E02775,1013,adjacent_count_transfer,research/geometric-extremal/search/triangle_packing/experiments.jsonl,17,,,,
GE-E02776,1014,contact_pair_rotation,research/geometric-extremal/search/triangle_packing/experiments.jsonl,29,,,,
GE-E02777,1014,contact_pair_rotation,research/geometric-extremal/search/triangle_packing/experiments.jsonl,31,,,,
GE-E02778,1014,contact_pair_rotation,research/geometric-extremal/search/triangle_packing/experiments.jsonl,60,,,,
GE-E02779,1015,boundary_cluster_hole_surgery,research/geometric-extremal/search/triangle_packing/experiments.jsonl,1,,,,
GE-E02780,1015,boundary_cluster_hole_surgery,research/geometric-extremal/search/triangle_packing/experiments.jsonl,1,,,,
GE-E02781,1015,boundary_cluster_hole_surgery,research/geometric-extremal/search/triangle_packing/experiments.jsonl,1,,,,
GE-E02782,1016,adjacent_count_transfer,research/geometric-extremal/search/triangle_packing/experiments.jsonl,1,,,,
GE-E02783,1016,adjacent_count_transfer,research/geometric-extremal/search/triangle_packing/experiments.jsonl,37,,,,
GE-E02784,1016,adjacent_count_transfer,research/geometric-extremal/search/triangle_packing/experiments.jsonl,17,,,,
GE-E02785,1017,contact_pair_rotation,research/geometric-extremal/search/triangle_packing/experiments.jsonl,20,,,,
GE-E02786,1017,contact_pair_rotation,research/geometric-extremal/search/triangle_packing/experiments.jsonl,71,,,,
GE-E02787,1017,contact_pair_rotation,research/geometric-extremal/search/triangle_packing/experiments.jsonl,9,,,,
GE-E02788,1018,boundary_cluster_hole_surgery,research/geometric-extremal/search/triangle_packing/experiments.jsonl,1,,,,
GE-E02789,1018,boundary_cluster_hole_surgery,research/geometric-extremal/search/triangle_packing/experiments.jsonl,1,,,,
GE-E02790,1018,boundary_cluster_hole_surgery,research/geometric-extremal/search/triangle_packing/experiments.jsonl,5,,,,
GE-E02791,1019,adjacent_count_transfer,research/geometric-extremal/search/triangle_packing/experiments.jsonl,1,,,,
GE-E02792,1019,adjacent_count_transfer,research/geometric-extremal/search/triangle_packing/experiments.jsonl,1,,,,
GE-E02793,1019,adjacent_count_transfer,research/geometric-extremal/search/triangle_packing/experiments.jsonl,17,,,,
