{"seed": 3320, "kind": "convex", "n": 18, "ratio_to_baseline": 0.7331047540513866, "runtime_seconds": 0.16368341700581368, "error": null}
{"seed": 3320, "kind": "convex", "n": 20, "ratio_to_baseline": 0.6854871774576692, "runtime_seconds": 0.264674833000754, "error": null}
{"seed": 3320, "kind": "convex", "n": 23, "ratio_to_baseline": 0.5218764149360803, "runtime_seconds": 0.26350358400668483, "error": null}
{"seed": 3320, "kind": "convex", "n": 25, "ratio_to_baseline": 0.9999999999995366, "runtime_seconds": 0.09449929199763574, "error": null}
{"seed": 3320, "kind": "convex", "n": 31, "ratio_to_baseline": 0.19187166467862432, "runtime_seconds": 1.441480583998782, "error": null}
{"seed": 3320, "kind": "convex", "n": 33, "ratio_to_baseline": 0.23021042274873102, "runtime_seconds": 1.282046625005023, "error": null}
{"seed": 3320, "kind": "triangle", "n": 20, "ratio_to_baseline": 0.6824542221416966, "runtime_seconds": 0.19886787499854108, "error": null}
{"seed": 3320, "kind": "triangle", "n": 29, "ratio_to_baseline": 0.45916353091900586, "runtime_seconds": 0.7116983329979121, "error": null}
{"seed": 3320, "kind": "square", "n": 21, "ratio_to_baseline": 0.06637054755477703, "runtime_seconds": 0.18536558299820172, "error": null}
{"seed": 3320, "kind": "square", "n": 23, "ratio_to_baseline": 0.569871042436276, "runtime_seconds": 0.105803582999215, "error": null}
{"seed": 3320, "kind": "square", "n": 25, "ratio_to_baseline": 0.1407751272148545, "runtime_seconds": 0.20552529199630953, "error": null}
{"seed": 3320, "kind": "square", "n": 35, "ratio_to_baseline": 0.7739012764734713, "runtime_seconds": 2.9388878749959986, "error": null}
{"seed": 3321, "kind": "convex", "n": 18, "ratio_to_baseline": 0.6637629628512064, "runtime_seconds": 0.1518737080041319, "error": null}
{"seed": 3321, "kind": "convex", "n": 20, "ratio_to_baseline": 0.868728138089681, "runtime_seconds": 0.3096373330045026, "error": null}
{"seed": 3321, "kind": "convex", "n": 23, "ratio_to_baseline": 0.3696524077969966, "runtime_seconds": 0.3463353329934762, "error": null}
{"seed": 3321, "kind": "convex", "n": 25, "ratio_to_baseline": 0.9999999999995366, "runtime_seconds": 0.07342158300161827, "error": null}
{"seed": 3321, "kind": "convex", "n": 31, "ratio_to_baseline": 0.5612437212244249, "runtime_seconds": 1.53461645799689, "error": null}
{"seed": 3321, "kind": "convex", "n": 33, "ratio_to_baseline": 0.9999999999953147, "runtime_seconds": 0.20918241700564977, "error": null}
{"seed": 3321, "kind": "triangle", "n": 20, "ratio_to_baseline": null, "runtime_seconds": 0.02185608299623709, "error": null}
{"seed": 3321, "kind": "triangle", "n": 29, "ratio_to_baseline": 0.4732366080576931, "runtime_seconds": 0.499176459001319, "error": null}
{"seed": 3321, "kind": "square", "n": 21, "ratio_to_baseline": 0.5780084551394044, "runtime_seconds": 0.16633929099771194, "error": null}
{"seed": 3321, "kind": "square", "n": 23, "ratio_to_baseline": 0.8161826885142238, "runtime_seconds": 0.1542471669963561, "error": null}
{"seed": 3321, "kind": "square", "n": 25, "ratio_to_baseline": 0.03297945143730928, "runtime_seconds": 0.3869651669956511, "error": null}
{"seed": 3321, "kind": "square", "n": 35, "ratio_to_baseline": 0.8702265261130211, "runtime_seconds": 2.192504332997487, "error": null}
{"seed": 3322, "kind": "convex", "n": 18, "ratio_to_baseline": 0.6092566751676669, "runtime_seconds": 0.4743472499976633, "error": null}
{"seed": 3322, "kind": "convex", "n": 20, "ratio_to_baseline": 0.9999999999993341, "runtime_seconds": 0.05511174999992363, "error": null}
{"seed": 3322, "kind": "convex", "n": 23, "ratio_to_baseline": 0.3539390188686841, "runtime_seconds": 0.8804617920031887, "error": null}
{"seed": 3322, "kind": "convex", "n": 25, "ratio_to_baseline": 0.18145531312895108, "runtime_seconds": 1.1622061250018305, "error": null}
{"seed": 3322, "kind": "convex", "n": 31, "ratio_to_baseline": 0.5581759643979666, "runtime_seconds": 1.2435998750006547, "error": null}
{"seed": 3322, "kind": "convex", "n": 33, "ratio_to_baseline": 0.18487992805470488, "runtime_seconds": 1.4950356660046964, "error": null}
{"seed": 3322, "kind": "triangle", "n": 20, "ratio_to_baseline": null, "runtime_seconds": 0.02756408399727661, "error": null}
{"seed": 3322, "kind": "triangle", "n": 29, "ratio_to_baseline": 0.7927856979958608, "runtime_seconds": 0.43996624999999767, "error": null}
{"seed": 3322, "kind": "square", "n": 21, "ratio_to_baseline": 0.4971997530949729, "runtime_seconds": 0.38175500000215834, "error": null}
{"seed": 3322, "kind": "square", "n": 23, "ratio_to_baseline": 0.16897600150069544, "runtime_seconds": 0.4336942079971777, "error": null}
{"seed": 3322, "kind": "square", "n": 25, "ratio_to_baseline": 0.7190584017960919, "runtime_seconds": 0.5121046249987558, "error": null}
{"seed": 3322, "kind": "square", "n": 35, "ratio_to_baseline": 0.733402725433146, "runtime_seconds": 1.157699416995456, "error": null}
{"seed": 3323, "kind": "convex", "n": 18, "ratio_to_baseline": 0.9999999999995857, "runtime_seconds": 0.033065374998841435, "error": null}
{"seed": 3323, "kind": "convex", "n": 20, "ratio_to_baseline": 0.8818068482731993, "runtime_seconds": 0.4562327079984243, "error": null}
{"seed": 3323, "kind": "convex", "n": 23, "ratio_to_baseline": 0.7601023904499872, "runtime_seconds": 0.5130973750056, "error": null}
{"seed": 3323, "kind": "convex", "n": 25, "ratio_to_baseline": 0.9999999999995366, "runtime_seconds": 0.1005454580008518, "error": null}
{"seed": 3323, "kind": "convex", "n": 31, "ratio_to_baseline": 0.18906974058541598, "runtime_seconds": 1.9647919170020032, "error": null}
{"seed": 3323, "kind": "convex", "n": 33, "ratio_to_baseline": 0.4794834880248431, "runtime_seconds": 2.016468291003548, "error": null}
{"seed": 3323, "kind": "triangle", "n": 20, "ratio_to_baseline": 0.16711886099992876, "runtime_seconds": 0.11755841699778102, "error": null}
{"seed": 3323, "kind": "triangle", "n": 29, "ratio_to_baseline": 0.6119508264794943, "runtime_seconds": 0.1998810829973081, "error": null}
{"seed": 3323, "kind": "square", "n": 21, "ratio_to_baseline": 0.7666569650292694, "runtime_seconds": 0.22379512499901466, "error": null}
{"seed": 3323, "kind": "square", "n": 23, "ratio_to_baseline": 0.06800371154233857, "runtime_seconds": 0.6415820830006851, "error": null}
{"seed": 3323, "kind": "square", "n": 25, "ratio_to_baseline": 0.6976748842771436, "runtime_seconds": 1.7117525409994414, "error": null}
{"seed": 3323, "kind": "square", "n": 35, "ratio_to_baseline": 0.8094082004092122, "runtime_seconds": 1.076071082999988, "error": null}
{"seed": 3324, "kind": "convex", "n": 18, "ratio_to_baseline": 0.34372163525914545, "runtime_seconds": 0.16642504100309452, "error": null}
{"seed": 3324, "kind": "convex", "n": 20, "ratio_to_baseline": 0.8352020946223149, "runtime_seconds": 0.14878379199944902, "error": null}
{"seed": 3324, "kind": "convex", "n": 23, "ratio_to_baseline": 0.7580945150576969, "runtime_seconds": 0.4904940829947009, "error": null}
{"seed": 3324, "kind": "convex", "n": 25, "ratio_to_baseline": 0.9999999999995366, "runtime_seconds": 0.06252166599733755, "error": null}
{"seed": 3324, "kind": "convex", "n": 31, "ratio_to_baseline": 0.2748009608631501, "runtime_seconds": 0.6022261670004809, "error": null}
{"seed": 3324, "kind": "convex", "n": 33, "ratio_to_baseline": 0.36144258067263363, "runtime_seconds": 1.003349500002514, "error": null}
{"seed": 3324, "kind": "triangle", "n": 20, "ratio_to_baseline": null, "runtime_seconds": 0.010826458004885353, "error": null}
{"seed": 3324, "kind": "triangle", "n": 29, "ratio_to_baseline": null, "runtime_seconds": 0.03346025000064401, "error": null}
{"seed": 3324, "kind": "square", "n": 21, "ratio_to_baseline": 0.4451251242032921, "runtime_seconds": 0.674274165998213, "error": null}
{"seed": 3324, "kind": "square", "n": 23, "ratio_to_baseline": 0.04545057292353508, "runtime_seconds": 0.12884041600045748, "error": null}
{"seed": 3324, "kind": "square", "n": 25, "ratio_to_baseline": 0.7644607833160804, "runtime_seconds": 0.3819852910019108, "error": null}
{"seed": 3324, "kind": "square", "n": 35, "ratio_to_baseline": 0.04261587504393408, "runtime_seconds": 1.6255839579971507, "error": null}
{"seed": 3325, "kind": "convex", "n": 18, "ratio_to_baseline": 0.7694903838677019, "runtime_seconds": 0.04560791700350819, "error": null}
{"seed": 3325, "kind": "convex", "n": 20, "ratio_to_baseline": 0.7304994808838597, "runtime_seconds": 0.21560441700421507, "error": null}
{"seed": 3325, "kind": "convex", "n": 23, "ratio_to_baseline": 0.3847743341019878, "runtime_seconds": 0.29519954100396717, "error": null}
{"seed": 3325, "kind": "convex", "n": 25, "ratio_to_baseline": 0.7545949467645104, "runtime_seconds": 0.23649270799796795, "error": null}
{"seed": 3325, "kind": "convex", "n": 31, "ratio_to_baseline": 0.18745088525721293, "runtime_seconds": 1.2217899590032175, "error": null}
{"seed": 3325, "kind": "convex", "n": 33, "ratio_to_baseline": 0.4867150690353837, "runtime_seconds": 1.396407583000837, "error": null}
{"seed": 3325, "kind": "triangle", "n": 20, "ratio_to_baseline": 0.7418812380751628, "runtime_seconds": 0.12779795799724525, "error": null}
{"seed": 3325, "kind": "triangle", "n": 29, "ratio_to_baseline": 0.09814799534920536, "runtime_seconds": 0.5922613329967135, "error": null}
{"seed": 3325, "kind": "square", "n": 21, "ratio_to_baseline": 0.2095264479380346, "runtime_seconds": 0.17633570799807785, "error": null}
{"seed": 3325, "kind": "square", "n": 23, "ratio_to_baseline": 0.42280087647411674, "runtime_seconds": 0.16489649999857647, "error": null}
{"seed": 3325, "kind": "square", "n": 25, "ratio_to_baseline": 0.8491097189100204, "runtime_seconds": 0.2858687080006348, "error": null}
{"seed": 3325, "kind": "square", "n": 35, "ratio_to_baseline": 0.4452733400303347, "runtime_seconds": 2.2511405410041334, "error": null}
{"seed": 3326, "kind": "convex", "n": 18, "ratio_to_baseline": 0.5718083475945432, "runtime_seconds": 0.08881108299829066, "error": null}
{"seed": 3326, "kind": "convex", "n": 20, "ratio_to_baseline": 0.35698597599634213, "runtime_seconds": 0.17055512500519399, "error": null}
{"seed": 3326, "kind": "convex", "n": 23, "ratio_to_baseline": 0.2969875497358216, "runtime_seconds": 0.28998624999803724, "error": null}
{"seed": 3326, "kind": "convex", "n": 25, "ratio_to_baseline": 0.5540990569237383, "runtime_seconds": 0.3111937079956988, "error": null}
{"seed": 3326, "kind": "convex", "n": 31, "ratio_to_baseline": 0.999999999989406, "runtime_seconds": 0.13780229200347094, "error": null}
{"seed": 3326, "kind": "convex", "n": 33, "ratio_to_baseline": 0.8199291822676112, "runtime_seconds": 1.0681298339986824, "error": null}
{"seed": 3326, "kind": "triangle", "n": 20, "ratio_to_baseline": null, "runtime_seconds": 0.010780292002891656, "error": null}
{"seed": 3326, "kind": "triangle", "n": 29, "ratio_to_baseline": 0.6829395415500794, "runtime_seconds": 0.2906277919973945, "error": null}
{"seed": 3326, "kind": "square", "n": 21, "ratio_to_baseline": 0.6548616014235928, "runtime_seconds": 0.22983145799662452, "error": null}
{"seed": 3326, "kind": "square", "n": 23, "ratio_to_baseline": 0.13985299820693792, "runtime_seconds": 0.2548348749987781, "error": null}
{"seed": 3326, "kind": "square", "n": 25, "ratio_to_baseline": 0.8390965125757908, "runtime_seconds": 0.23951095799566247, "error": null}
{"seed": 3326, "kind": "square", "n": 35, "ratio_to_baseline": 0.6412980365371309, "runtime_seconds": 0.6951143339974806, "error": null}
{"seed": 3327, "kind": "convex", "n": 18, "ratio_to_baseline": 1.3373907952245525e-08, "runtime_seconds": 0.02452429100230802, "error": null}
{"seed": 3327, "kind": "convex", "n": 20, "ratio_to_baseline": 0.5622639807478199, "runtime_seconds": 0.6301544579982874, "error": null}
{"seed": 3327, "kind": "convex", "n": 23, "ratio_to_baseline": 0.7725281653038878, "runtime_seconds": 0.26955774999805726, "error": null}
{"seed": 3327, "kind": "convex", "n": 25, "ratio_to_baseline": 0.5427417611037236, "runtime_seconds": 0.23341575000085868, "error": null}
{"seed": 3327, "kind": "convex", "n": 31, "ratio_to_baseline": 0.3119217940936707, "runtime_seconds": 0.9274746250011958, "error": null}
{"seed": 3327, "kind": "convex", "n": 33, "ratio_to_baseline": 0.22480028796438112, "runtime_seconds": 0.6626208340021549, "error": null}
{"seed": 3327, "kind": "triangle", "n": 20, "ratio_to_baseline": 0.0924701795338526, "runtime_seconds": 0.11158304200216662, "error": null}
{"seed": 3327, "kind": "triangle", "n": 29, "ratio_to_baseline": 0.013525383790006073, "runtime_seconds": 0.695844041001692, "error": null}
{"seed": 3327, "kind": "square", "n": 21, "ratio_to_baseline": 0.16570623097891424, "runtime_seconds": 0.3104751249993569, "error": null}
{"seed": 3327, "kind": "square", "n": 23, "ratio_to_baseline": 0.7747393239744824, "runtime_seconds": 0.4504218329966534, "error": null}
{"seed": 3327, "kind": "square", "n": 25, "ratio_to_baseline": 0.5078323455671313, "runtime_seconds": 0.31377204100135714, "error": null}
{"seed": 3327, "kind": "square", "n": 35, "ratio_to_baseline": 0.7821259391234238, "runtime_seconds": 1.6243105000030482, "error": null}
{"seed": 3328, "kind": "convex", "n": 18, "ratio_to_baseline": 0.9999999999995857, "runtime_seconds": 0.04327812500559958, "error": null}
{"seed": 3328, "kind": "convex", "n": 20, "ratio_to_baseline": 0.7611588158108354, "runtime_seconds": 0.1339987499959534, "error": null}
{"seed": 3328, "kind": "convex", "n": 23, "ratio_to_baseline": 0.9999999999998525, "runtime_seconds": 0.04926754199550487, "error": null}
{"seed": 3328, "kind": "convex", "n": 25, "ratio_to_baseline": 0.9999999999995366, "runtime_seconds": 0.05892020800092723, "error": null}
{"seed": 3328, "kind": "convex", "n": 31, "ratio_to_baseline": 0.8748946582233255, "runtime_seconds": 1.0383513749984559, "error": null}
{"seed": 3328, "kind": "convex", "n": 33, "ratio_to_baseline": 0.5161735309310392, "runtime_seconds": 1.0171682919972227, "error": null}
{"seed": 3328, "kind": "triangle", "n": 20, "ratio_to_baseline": 0.012167366870416207, "runtime_seconds": 0.09668941699783318, "error": null}
{"seed": 3328, "kind": "triangle", "n": 29, "ratio_to_baseline": 0.036001682812991154, "runtime_seconds": 0.783310957995127, "error": null}
{"seed": 3328, "kind": "square", "n": 21, "ratio_to_baseline": 0.5289286072146729, "runtime_seconds": 0.12243641700479202, "error": null}
{"seed": 3328, "kind": "square", "n": 23, "ratio_to_baseline": 0.18704884808360686, "runtime_seconds": 0.14304483399610035, "error": null}
{"seed": 3328, "kind": "square", "n": 25, "ratio_to_baseline": 0.614677980319349, "runtime_seconds": 0.4190911670011701, "error": null}
{"seed": 3328, "kind": "square", "n": 35, "ratio_to_baseline": 0.767962054271333, "runtime_seconds": 1.4489139169963892, "error": null}
{"seed": 3329, "kind": "convex", "n": 18, "ratio_to_baseline": 0.46504272664709906, "runtime_seconds": 0.15502933300012955, "error": null}
{"seed": 3329, "kind": "convex", "n": 20, "ratio_to_baseline": 0.48831604676275636, "runtime_seconds": 0.2467067909965408, "error": null}
{"seed": 3329, "kind": "convex", "n": 23, "ratio_to_baseline": 0.6710015963746699, "runtime_seconds": 0.3258644590023323, "error": null}
{"seed": 3329, "kind": "convex", "n": 25, "ratio_to_baseline": 0.43436046619785046, "runtime_seconds": 0.2341155419999268, "error": null}
{"seed": 3329, "kind": "convex", "n": 31, "ratio_to_baseline": 0.2007358011896363, "runtime_seconds": 1.0118921659959597, "error": null}
{"seed": 3329, "kind": "convex", "n": 33, "ratio_to_baseline": 0.43938753633148037, "runtime_seconds": 1.362829249999777, "error": null}
{"seed": 3329, "kind": "triangle", "n": 20, "ratio_to_baseline": 0.023329472450416285, "runtime_seconds": 0.08481149999715853, "error": null}
{"seed": 3329, "kind": "triangle", "n": 29, "ratio_to_baseline": 0.6196478337777319, "runtime_seconds": 0.2786603330023354, "error": null}
{"seed": 3329, "kind": "square", "n": 21, "ratio_to_baseline": 0.015546887680432008, "runtime_seconds": 0.14544437499716878, "error": null}
{"seed": 3329, "kind": "square", "n": 23, "ratio_to_baseline": 0.09296962281232148, "runtime_seconds": 0.1369539170045755, "error": null}
{"seed": 3329, "kind": "square", "n": 25, "ratio_to_baseline": 0.11050470209640044, "runtime_seconds": 0.36630875000264496, "error": null}
{"seed": 3329, "kind": "square", "n": 35, "ratio_to_baseline": 0.11818125053089826, "runtime_seconds": 2.154950124997413, "error": null}
{"seed": 3330, "kind": "convex", "n": 18, "ratio_to_baseline": 0.6987207072679018, "runtime_seconds": 0.16027658399980282, "error": null}
{"seed": 3330, "kind": "convex", "n": 20, "ratio_to_baseline": 0.7848034384119064, "runtime_seconds": 0.8544487920007668, "error": null}
{"seed": 3330, "kind": "convex", "n": 23, "ratio_to_baseline": 0.7053793105932928, "runtime_seconds": 0.4571701250024489, "error": null}
{"seed": 3330, "kind": "convex", "n": 25, "ratio_to_baseline": 0.5479494861960006, "runtime_seconds": 0.4331522499996936, "error": null}
{"seed": 3330, "kind": "convex", "n": 31, "ratio_to_baseline": 0.999999999989406, "runtime_seconds": 0.1279304170020623, "error": null}
{"seed": 3330, "kind": "convex", "n": 33, "ratio_to_baseline": 0.9999999999953147, "runtime_seconds": 0.1675237909948919, "error": null}
{"seed": 3330, "kind": "triangle", "n": 20, "ratio_to_baseline": 0.5672142779287142, "runtime_seconds": 0.1310969580008532, "error": null}
{"seed": 3330, "kind": "triangle", "n": 29, "ratio_to_baseline": 0.8770026880967514, "runtime_seconds": 0.5952318749987171, "error": null}
{"seed": 3330, "kind": "square", "n": 21, "ratio_to_baseline": 0.13294066896100454, "runtime_seconds": 0.15820395900664153, "error": null}
{"seed": 3330, "kind": "square", "n": 23, "ratio_to_baseline": 0.5381540592120249, "runtime_seconds": 0.2593760419986211, "error": null}
{"seed": 3330, "kind": "square", "n": 25, "ratio_to_baseline": 0.8930310685880455, "runtime_seconds": 0.29448108300130116, "error": null}
{"seed": 3330, "kind": "square", "n": 35, "ratio_to_baseline": 0.5488526520021253, "runtime_seconds": 2.1946022499978426, "error": null}
{"seed": 3331, "kind": "convex", "n": 18, "ratio_to_baseline": 0.8002937881265766, "runtime_seconds": 0.06983787500212202, "error": null}
{"seed": 3331, "kind": "convex", "n": 20, "ratio_to_baseline": 0.8327969356947117, "runtime_seconds": 0.23465412500081584, "error": null}
{"seed": 3331, "kind": "convex", "n": 23, "ratio_to_baseline": 0.1558633897602151, "runtime_seconds": 0.20529691700357944, "error": null}
{"seed": 3331, "kind": "convex", "n": 25, "ratio_to_baseline": 0.9999999999995366, "runtime_seconds": 0.06679220800288022, "error": null}
{"seed": 3331, "kind": "convex", "n": 31, "ratio_to_baseline": 0.6519712746620534, "runtime_seconds": 0.829699415997311, "error": null}
{"seed": 3331, "kind": "convex", "n": 33, "ratio_to_baseline": 0.8353948728525319, "runtime_seconds": 1.5894990419983515, "error": null}
{"seed": 3331, "kind": "triangle", "n": 20, "ratio_to_baseline": null, "runtime_seconds": 0.012229999992996454, "error": null}
{"seed": 3331, "kind": "triangle", "n": 29, "ratio_to_baseline": 0.37970964791504946, "runtime_seconds": 0.3769817909997073, "error": null}
{"seed": 3331, "kind": "square", "n": 21, "ratio_to_baseline": 0.10534946294032632, "runtime_seconds": 0.38505425000039395, "error": null}
{"seed": 3331, "kind": "square", "n": 23, "ratio_to_baseline": 0.06398033912581279, "runtime_seconds": 0.1686672920041019, "error": null}
{"seed": 3331, "kind": "square", "n": 25, "ratio_to_baseline": 0.6726252669156874, "runtime_seconds": 0.41389408300165087, "error": null}
{"seed": 3331, "kind": "square", "n": 35, "ratio_to_baseline": 0.051428989618586024, "runtime_seconds": 1.406707207999716, "error": null}
{"seed": 3332, "kind": "convex", "n": 18, "ratio_to_baseline": 0.5692794855861093, "runtime_seconds": 0.6413871249969816, "error": null}
{"seed": 3332, "kind": "convex", "n": 20, "ratio_to_baseline": 0.7796392122990423, "runtime_seconds": 0.13965016700240085, "error": null}
{"seed": 3332, "kind": "convex", "n": 23, "ratio_to_baseline": 0.6262313316650328, "runtime_seconds": 1.2827852080008597, "error": null}
{"seed": 3332, "kind": "convex", "n": 25, "ratio_to_baseline": 0.6641798689622609, "runtime_seconds": 0.43598466600087704, "error": null}
{"seed": 3332, "kind": "convex", "n": 31, "ratio_to_baseline": 0.13251795234651656, "runtime_seconds": 1.2624798329998157, "error": null}
{"seed": 3332, "kind": "convex", "n": 33, "ratio_to_baseline": 0.7074623238105072, "runtime_seconds": 1.157108874998812, "error": null}
{"seed": 3332, "kind": "triangle", "n": 20, "ratio_to_baseline": 0.06018993169352123, "runtime_seconds": 0.41119087500555906, "error": null}
{"seed": 3332, "kind": "triangle", "n": 29, "ratio_to_baseline": 0.6962417339140463, "runtime_seconds": 0.5836761669997941, "error": null}
{"seed": 3332, "kind": "square", "n": 21, "ratio_to_baseline": 0.12896583463747616, "runtime_seconds": 0.13646104100189405, "error": null}
{"seed": 3332, "kind": "square", "n": 23, "ratio_to_baseline": 0.051080721014751355, "runtime_seconds": 0.1555316669982858, "error": null}
{"seed": 3332, "kind": "square", "n": 25, "ratio_to_baseline": 0.6597357664592434, "runtime_seconds": 0.2933595409995178, "error": null}
{"seed": 3332, "kind": "square", "n": 35, "ratio_to_baseline": 0.7804422048689863, "runtime_seconds": 1.043243166001048, "error": null}
{"seed": 3333, "kind": "convex", "n": 18, "ratio_to_baseline": 0.6055217546309068, "runtime_seconds": 0.12739954199787462, "error": null}
{"seed": 3333, "kind": "convex", "n": 20, "ratio_to_baseline": 0.5439650009375759, "runtime_seconds": 0.07691729100042721, "error": null}
{"seed": 3333, "kind": "convex", "n": 23, "ratio_to_baseline": 0.49375239510777863, "runtime_seconds": 0.2610757090005791, "error": null}
{"seed": 3333, "kind": "convex", "n": 25, "ratio_to_baseline": 0.36066173706569093, "runtime_seconds": 0.6942590000035125, "error": null}
{"seed": 3333, "kind": "convex", "n": 31, "ratio_to_baseline": 0.5037470440379131, "runtime_seconds": 0.6757892919995356, "error": null}
{"seed": 3333, "kind": "convex", "n": 33, "ratio_to_baseline": 0.4410802798849693, "runtime_seconds": 0.686566500000481, "error": null}
{"seed": 3333, "kind": "triangle", "n": 20, "ratio_to_baseline": 0.0275271273049979, "runtime_seconds": 0.3865306250008871, "error": null}
{"seed": 3333, "kind": "triangle", "n": 29, "ratio_to_baseline": 0.0443931314415653, "runtime_seconds": 0.8562464999995427, "error": null}
{"seed": 3333, "kind": "square", "n": 21, "ratio_to_baseline": 0.7293079841135288, "runtime_seconds": 0.07201295899722027, "error": null}
{"seed": 3333, "kind": "square", "n": 23, "ratio_to_baseline": 0.06834726315649471, "runtime_seconds": 0.33017166599893244, "error": null}
{"seed": 3333, "kind": "square", "n": 25, "ratio_to_baseline": 0.505039131686586, "runtime_seconds": 0.26950850000139326, "error": null}
{"seed": 3333, "kind": "square", "n": 35, "ratio_to_baseline": 0.5230658596517352, "runtime_seconds": 2.652408292000473, "error": null}
{"seed": 3334, "kind": "convex", "n": 18, "ratio_to_baseline": 4.9555320403996075e-08, "runtime_seconds": 0.04450858399650315, "error": null}
{"seed": 3334, "kind": "convex", "n": 20, "ratio_to_baseline": 0.9999999999993341, "runtime_seconds": 0.04023316699749557, "error": null}
{"seed": 3334, "kind": "convex", "n": 23, "ratio_to_baseline": 0.8055662251687983, "runtime_seconds": 0.26879433300200617, "error": null}
{"seed": 3334, "kind": "convex", "n": 25, "ratio_to_baseline": 0.9999999999995366, "runtime_seconds": 0.06470149999950081, "error": null}
{"seed": 3334, "kind": "convex", "n": 31, "ratio_to_baseline": 0.20748074514899467, "runtime_seconds": 0.6436803330070688, "error": null}
{"seed": 3334, "kind": "convex", "n": 33, "ratio_to_baseline": 0.4597075125236973, "runtime_seconds": 2.161393999995198, "error": null}
{"seed": 3334, "kind": "triangle", "n": 20, "ratio_to_baseline": 0.1315089495139855, "runtime_seconds": 0.21345054099947447, "error": null}
{"seed": 3334, "kind": "triangle", "n": 29, "ratio_to_baseline": null, "runtime_seconds": 0.03921049999917159, "error": null}
{"seed": 3334, "kind": "square", "n": 21, "ratio_to_baseline": 0.6786011752746461, "runtime_seconds": 0.09968662499886705, "error": null}
{"seed": 3334, "kind": "square", "n": 23, "ratio_to_baseline": 0.016963628591323787, "runtime_seconds": 0.5106615830009105, "error": null}
{"seed": 3334, "kind": "square", "n": 25, "ratio_to_baseline": 0.7036450076345424, "runtime_seconds": 0.19740475000435254, "error": null}
{"seed": 3334, "kind": "square", "n": 35, "ratio_to_baseline": 0.6840243438751837, "runtime_seconds": 1.9233757499969215, "error": null}
{"seed": 3335, "kind": "convex", "n": 18, "ratio_to_baseline": 0.8002939217065765, "runtime_seconds": 0.053465124998183455, "error": null}
{"seed": 3335, "kind": "convex", "n": 20, "ratio_to_baseline": 0.6191665772032319, "runtime_seconds": 0.11024341700249352, "error": null}
{"seed": 3335, "kind": "convex", "n": 23, "ratio_to_baseline": 0.7899067683667846, "runtime_seconds": 0.45118495800124947, "error": null}
{"seed": 3335, "kind": "convex", "n": 25, "ratio_to_baseline": 0.6099057459680565, "runtime_seconds": 0.5074644580017775, "error": null}
{"seed": 3335, "kind": "convex", "n": 31, "ratio_to_baseline": 0.19378876885804355, "runtime_seconds": 0.8981312500036438, "error": null}
{"seed": 3335, "kind": "convex", "n": 33, "ratio_to_baseline": 0.909741437709081, "runtime_seconds": 0.8227132500032894, "error": null}
{"seed": 3335, "kind": "triangle", "n": 20, "ratio_to_baseline": 0.31794928659894306, "runtime_seconds": 0.07837304200074868, "error": null}
{"seed": 3335, "kind": "triangle", "n": 29, "ratio_to_baseline": 0.38492018099081904, "runtime_seconds": 0.49112245800642995, "error": null}
{"seed": 3335, "kind": "square", "n": 21, "ratio_to_baseline": 0.10648551134751764, "runtime_seconds": 0.1995880419999594, "error": null}
{"seed": 3335, "kind": "square", "n": 23, "ratio_to_baseline": 0.8081434738725626, "runtime_seconds": 0.15688662500178907, "error": null}
{"seed": 3335, "kind": "square", "n": 25, "ratio_to_baseline": 0.07299036549940031, "runtime_seconds": 0.24125350000394974, "error": null}
{"seed": 3335, "kind": "square", "n": 35, "ratio_to_baseline": 0.7467570764096768, "runtime_seconds": 0.9822182499992778, "error": null}
{"seed": 3336, "kind": "convex", "n": 18, "ratio_to_baseline": 0.9999999999995857, "runtime_seconds": 0.03777687500405591, "error": null}
{"seed": 3336, "kind": "convex", "n": 20, "ratio_to_baseline": 0.9999999999993341, "runtime_seconds": 0.03263254200282972, "error": null}
{"seed": 3336, "kind": "convex", "n": 23, "ratio_to_baseline": 0.733126785527415, "runtime_seconds": 0.18320066699379822, "error": null}
{"seed": 3336, "kind": "convex", "n": 25, "ratio_to_baseline": 0.22575914251369927, "runtime_seconds": 0.6230341659975238, "error": null}
{"seed": 3336, "kind": "convex", "n": 31, "ratio_to_baseline": 0.2336504723080394, "runtime_seconds": 0.5938679999962915, "error": null}
{"seed": 3336, "kind": "convex", "n": 33, "ratio_to_baseline": 0.9999999999953147, "runtime_seconds": 0.16148245800286531, "error": null}
{"seed": 3336, "kind": "triangle", "n": 20, "ratio_to_baseline": null, "runtime_seconds": 0.020951957994839177, "error": null}
{"seed": 3336, "kind": "triangle", "n": 29, "ratio_to_baseline": 0.9244960847143532, "runtime_seconds": 0.7150288749980973, "error": null}
{"seed": 3336, "kind": "square", "n": 21, "ratio_to_baseline": 0.014173333102399507, "runtime_seconds": 0.07650433299568249, "error": null}
{"seed": 3336, "kind": "square", "n": 23, "ratio_to_baseline": 0.06620223004515509, "runtime_seconds": 0.07258416600234341, "error": null}
{"seed": 3336, "kind": "square", "n": 25, "ratio_to_baseline": 0.33547431971863206, "runtime_seconds": 0.22413533399958396, "error": null}
{"seed": 3336, "kind": "square", "n": 35, "ratio_to_baseline": 0.041351024859386486, "runtime_seconds": 0.4464161670039175, "error": null}
{"seed": 3337, "kind": "convex", "n": 18, "ratio_to_baseline": 0.5625864383433515, "runtime_seconds": 0.27739995799493045, "error": null}
{"seed": 3337, "kind": "convex", "n": 20, "ratio_to_baseline": 0.9999999999993341, "runtime_seconds": 0.04349637500126846, "error": null}
{"seed": 3337, "kind": "convex", "n": 23, "ratio_to_baseline": 0.7259176822399617, "runtime_seconds": 0.3925559589988552, "error": null}
{"seed": 3337, "kind": "convex", "n": 25, "ratio_to_baseline": 0.7667781801305699, "runtime_seconds": 0.7976190409972332, "error": null}
{"seed": 3337, "kind": "convex", "n": 31, "ratio_to_baseline": 0.6716164882045335, "runtime_seconds": 0.6901731659963843, "error": null}
{"seed": 3337, "kind": "convex", "n": 33, "ratio_to_baseline": 0.7228814547764956, "runtime_seconds": 0.5921030409954255, "error": null}
{"seed": 3337, "kind": "triangle", "n": 20, "ratio_to_baseline": 0.7052494656609044, "runtime_seconds": 0.07136458300374215, "error": null}
{"seed": 3337, "kind": "triangle", "n": 29, "ratio_to_baseline": 0.9130710153717057, "runtime_seconds": 0.37688183399586705, "error": null}
{"seed": 3337, "kind": "square", "n": 21, "ratio_to_baseline": 0.09464037812288244, "runtime_seconds": 0.129697208001744, "error": null}
{"seed": 3337, "kind": "square", "n": 23, "ratio_to_baseline": 0.10269190210898148, "runtime_seconds": 0.3753653750027297, "error": null}
{"seed": 3337, "kind": "square", "n": 25, "ratio_to_baseline": 0.07028613791006535, "runtime_seconds": 0.38495358300133375, "error": null}
{"seed": 3337, "kind": "square", "n": 35, "ratio_to_baseline": 0.03761019282365325, "runtime_seconds": 0.5765621250029653, "error": null}
{"seed": 3338, "kind": "convex", "n": 18, "ratio_to_baseline": 0.756148719932913, "runtime_seconds": 0.1943038340032217, "error": null}
{"seed": 3338, "kind": "convex", "n": 20, "ratio_to_baseline": 0.8233037188047377, "runtime_seconds": 0.19868754200433614, "error": null}
{"seed": 3338, "kind": "convex", "n": 23, "ratio_to_baseline": 0.7089565796271978, "runtime_seconds": 0.3741152919974411, "error": null}
{"seed": 3338, "kind": "convex", "n": 25, "ratio_to_baseline": 0.6278869635141455, "runtime_seconds": 0.6532282499974826, "error": null}
{"seed": 3338, "kind": "convex", "n": 31, "ratio_to_baseline": 0.8699575483328333, "runtime_seconds": 1.8288272079953458, "error": null}
{"seed": 3338, "kind": "convex", "n": 33, "ratio_to_baseline": 0.7270225599366767, "runtime_seconds": 1.2696252910027397, "error": null}
{"seed": 3338, "kind": "triangle", "n": 20, "ratio_to_baseline": 0.683908733825121, "runtime_seconds": 0.09845170799962943, "error": null}
{"seed": 3338, "kind": "triangle", "n": 29, "ratio_to_baseline": 0.30786148190293827, "runtime_seconds": 0.3218090000009397, "error": null}
{"seed": 3338, "kind": "square", "n": 21, "ratio_to_baseline": 0.05077747495451121, "runtime_seconds": 0.12687129199912306, "error": null}
{"seed": 3338, "kind": "square", "n": 23, "ratio_to_baseline": 0.07806727409050826, "runtime_seconds": 0.4490777499959222, "error": null}
{"seed": 3338, "kind": "square", "n": 25, "ratio_to_baseline": 0.8295959005314677, "runtime_seconds": 0.39526062500226544, "error": null}
{"seed": 3338, "kind": "square", "n": 35, "ratio_to_baseline": 0.5939669846406216, "runtime_seconds": 1.6599612909994903, "error": null}
{"seed": 3339, "kind": "convex", "n": 18, "ratio_to_baseline": 0.6092590104821716, "runtime_seconds": 0.19281566599966027, "error": null}
{"seed": 3339, "kind": "convex", "n": 20, "ratio_to_baseline": 0.47552626076330845, "runtime_seconds": 0.32244024999818066, "error": null}
{"seed": 3339, "kind": "convex", "n": 23, "ratio_to_baseline": 0.21264893357942574, "runtime_seconds": 0.18497387500246987, "error": null}
{"seed": 3339, "kind": "convex", "n": 25, "ratio_to_baseline": 0.9999999999995366, "runtime_seconds": 0.07042395800090162, "error": null}
{"seed": 3339, "kind": "convex", "n": 31, "ratio_to_baseline": 0.5974494842294319, "runtime_seconds": 0.8415303750007297, "error": null}
{"seed": 3339, "kind": "convex", "n": 33, "ratio_to_baseline": 0.8748265238324592, "runtime_seconds": 1.9189099999930477, "error": null}
{"seed": 3339, "kind": "triangle", "n": 20, "ratio_to_baseline": null, "runtime_seconds": 0.01374654100072803, "error": null}
{"seed": 3339, "kind": "triangle", "n": 29, "ratio_to_baseline": null, "runtime_seconds": 0.050577207999594975, "error": null}
{"seed": 3339, "kind": "square", "n": 21, "ratio_to_baseline": 0.46511218307917207, "runtime_seconds": 0.18142858300416265, "error": null}
{"seed": 3339, "kind": "square", "n": 23, "ratio_to_baseline": 0.14329004802700035, "runtime_seconds": 0.17557600000145612, "error": null}
{"seed": 3339, "kind": "square", "n": 25, "ratio_to_baseline": 0.7335244936279104, "runtime_seconds": 0.2764122500011581, "error": null}
{"seed": 3339, "kind": "square", "n": 35, "ratio_to_baseline": 0.6269180729650206, "runtime_seconds": 0.8282276669997373, "error": null}
{"seed": 3340, "kind": "convex", "n": 18, "ratio_to_baseline": 0.7156899014608497, "runtime_seconds": 0.13717341700248653, "error": null}
{"seed": 3340, "kind": "convex", "n": 20, "ratio_to_baseline": 0.9999999999993341, "runtime_seconds": 0.06849854200117989, "error": null}
{"seed": 3340, "kind": "convex", "n": 23, "ratio_to_baseline": 0.6706470198373832, "runtime_seconds": 0.4575278749980498, "error": null}
{"seed": 3340, "kind": "convex", "n": 25, "ratio_to_baseline": 0.8419710502493458, "runtime_seconds": 0.7365988329984248, "error": null}
{"seed": 3340, "kind": "convex", "n": 31, "ratio_to_baseline": 0.5406646608016906, "runtime_seconds": 1.444646042000386, "error": null}
{"seed": 3340, "kind": "convex", "n": 33, "ratio_to_baseline": 0.6917524289996066, "runtime_seconds": 1.5510714580013882, "error": null}
{"seed": 3340, "kind": "triangle", "n": 20, "ratio_to_baseline": 0.07938912196320114, "runtime_seconds": 0.1478824169971631, "error": null}
{"seed": 3340, "kind": "triangle", "n": 29, "ratio_to_baseline": 0.05785576111549044, "runtime_seconds": 0.9843145830018329, "error": null}
{"seed": 3340, "kind": "square", "n": 21, "ratio_to_baseline": 0.7867302197205793, "runtime_seconds": 0.2905715000015334, "error": null}
{"seed": 3340, "kind": "square", "n": 23, "ratio_to_baseline": 0.2430283988260586, "runtime_seconds": 0.2351607089949539, "error": null}
{"seed": 3340, "kind": "square", "n": 25, "ratio_to_baseline": 0.1035894693362012, "runtime_seconds": 2.0050016669993056, "error": null}
{"seed": 3340, "kind": "square", "n": 35, "ratio_to_baseline": 0.04075283063744765, "runtime_seconds": 1.1895795830059797, "error": null}
{"seed": 3341, "kind": "convex", "n": 18, "ratio_to_baseline": 0.5678750186658158, "runtime_seconds": 0.10818933299742639, "error": null}
{"seed": 3341, "kind": "convex", "n": 20, "ratio_to_baseline": 0.6913575307935222, "runtime_seconds": 0.21409291600139113, "error": null}
{"seed": 3341, "kind": "convex", "n": 23, "ratio_to_baseline": 0.16908032212801047, "runtime_seconds": 0.631064792003599, "error": null}
{"seed": 3341, "kind": "convex", "n": 25, "ratio_to_baseline": 0.808421055447849, "runtime_seconds": 0.3192399170002318, "error": null}
{"seed": 3341, "kind": "convex", "n": 31, "ratio_to_baseline": 0.24955029467488035, "runtime_seconds": 0.8877864579990273, "error": null}
{"seed": 3341, "kind": "convex", "n": 33, "ratio_to_baseline": 0.8898934712416448, "runtime_seconds": 1.1869133750005858, "error": null}
{"seed": 3341, "kind": "triangle", "n": 20, "ratio_to_baseline": null, "runtime_seconds": 0.012362540997855831, "error": null}
{"seed": 3341, "kind": "triangle", "n": 29, "ratio_to_baseline": 0.026456643912057515, "runtime_seconds": 0.3977880419988651, "error": null}
{"seed": 3341, "kind": "square", "n": 21, "ratio_to_baseline": 0.6366606671334538, "runtime_seconds": 0.14739399999962188, "error": null}
{"seed": 3341, "kind": "square", "n": 23, "ratio_to_baseline": 0.5954297542121658, "runtime_seconds": 0.1993704170017736, "error": null}
{"seed": 3341, "kind": "square", "n": 25, "ratio_to_baseline": 0.6718248746052311, "runtime_seconds": 0.20600683399970876, "error": null}
{"seed": 3341, "kind": "square", "n": 35, "ratio_to_baseline": 0.35518597213134845, "runtime_seconds": 0.4378305830032332, "error": null}
{"seed": 3342, "kind": "convex", "n": 18, "ratio_to_baseline": 0.9999999999995857, "runtime_seconds": 0.02445429200452054, "error": null}
{"seed": 3342, "kind": "convex", "n": 20, "ratio_to_baseline": 0.609088435079556, "runtime_seconds": 0.22830395799974212, "error": null}
{"seed": 3342, "kind": "convex", "n": 23, "ratio_to_baseline": 0.8055672703641872, "runtime_seconds": 0.2543457909996505, "error": null}
{"seed": 3342, "kind": "convex", "n": 25, "ratio_to_baseline": 0.8043784762795805, "runtime_seconds": 0.29821649999939837, "error": null}
{"seed": 3342, "kind": "convex", "n": 31, "ratio_to_baseline": 0.6125862109759513, "runtime_seconds": 0.8763954159949208, "error": null}
{"seed": 3342, "kind": "convex", "n": 33, "ratio_to_baseline": 0.8199400961087496, "runtime_seconds": 0.9356240409979364, "error": null}
{"seed": 3342, "kind": "triangle", "n": 20, "ratio_to_baseline": 0.39881836366214923, "runtime_seconds": 0.11236283299513161, "error": null}
{"seed": 3342, "kind": "triangle", "n": 29, "ratio_to_baseline": 0.7419703636686218, "runtime_seconds": 0.5995161659957375, "error": null}
{"seed": 3342, "kind": "square", "n": 21, "ratio_to_baseline": 0.2797865978160463, "runtime_seconds": 0.6004108330016606, "error": null}
{"seed": 3342, "kind": "square", "n": 23, "ratio_to_baseline": 0.05364468843909254, "runtime_seconds": 0.2653298749937676, "error": null}
{"seed": 3342, "kind": "square", "n": 25, "ratio_to_baseline": 0.016027630575508673, "runtime_seconds": 0.4787705420021666, "error": null}
{"seed": 3342, "kind": "square", "n": 35, "ratio_to_baseline": 0.05923790514486387, "runtime_seconds": 0.8330184589940473, "error": null}
{"seed": 3343, "kind": "convex", "n": 18, "ratio_to_baseline": 5.007879874788708e-09, "runtime_seconds": 0.032392417000664864, "error": null}
{"seed": 3343, "kind": "convex", "n": 20, "ratio_to_baseline": 0.6698789721338546, "runtime_seconds": 0.3725341669996851, "error": null}
{"seed": 3343, "kind": "convex", "n": 23, "ratio_to_baseline": 0.460031056135954, "runtime_seconds": 0.15264579199720174, "error": null}
{"seed": 3343, "kind": "convex", "n": 25, "ratio_to_baseline": 0.6616673288560916, "runtime_seconds": 0.27928366599371657, "error": null}
{"seed": 3343, "kind": "convex", "n": 31, "ratio_to_baseline": 0.23435045612404676, "runtime_seconds": 0.652495458998601, "error": null}
{"seed": 3343, "kind": "convex", "n": 33, "ratio_to_baseline": 0.2495375323777371, "runtime_seconds": 0.6751007499988191, "error": null}
{"seed": 3343, "kind": "triangle", "n": 20, "ratio_to_baseline": 0.3693580685821945, "runtime_seconds": 0.16755704199749744, "error": null}
{"seed": 3343, "kind": "triangle", "n": 29, "ratio_to_baseline": 0.8814323651243633, "runtime_seconds": 0.21347329200216336, "error": null}
{"seed": 3343, "kind": "square", "n": 21, "ratio_to_baseline": 0.8561566972245958, "runtime_seconds": 0.14833454199833795, "error": null}
{"seed": 3343, "kind": "square", "n": 23, "ratio_to_baseline": 0.023889004867612352, "runtime_seconds": 0.15482095799961826, "error": null}
{"seed": 3343, "kind": "square", "n": 25, "ratio_to_baseline": 0.04334513808266158, "runtime_seconds": 0.29851591699843993, "error": null}
{"seed": 3343, "kind": "square", "n": 35, "ratio_to_baseline": 0.6004888349918912, "runtime_seconds": 2.261594375006098, "error": null}
{"seed": 3344, "kind": "convex", "n": 18, "ratio_to_baseline": 0.7755867266205645, "runtime_seconds": 0.10857599999872036, "error": null}
{"seed": 3344, "kind": "convex", "n": 20, "ratio_to_baseline": 0.9999999999993341, "runtime_seconds": 0.05285141600325005, "error": null}
{"seed": 3344, "kind": "convex", "n": 23, "ratio_to_baseline": 0.3367368110279945, "runtime_seconds": 0.24040195799898356, "error": null}
{"seed": 3344, "kind": "convex", "n": 25, "ratio_to_baseline": 0.44244686649758275, "runtime_seconds": 0.8666298340031062, "error": null}
{"seed": 3344, "kind": "convex", "n": 31, "ratio_to_baseline": 0.154007353320968, "runtime_seconds": 1.5479600420003408, "error": null}
{"seed": 3344, "kind": "convex", "n": 33, "ratio_to_baseline": 0.5140142935188978, "runtime_seconds": 1.031755374999193, "error": null}
{"seed": 3344, "kind": "triangle", "n": 20, "ratio_to_baseline": 0.04299592352455766, "runtime_seconds": 0.106359290999535, "error": null}
{"seed": 3344, "kind": "triangle", "n": 29, "ratio_to_baseline": 0.7343489331114094, "runtime_seconds": 0.45594237499608425, "error": null}
{"seed": 3344, "kind": "square", "n": 21, "ratio_to_baseline": 0.12882507724544884, "runtime_seconds": 0.18897670900332741, "error": null}
{"seed": 3344, "kind": "square", "n": 23, "ratio_to_baseline": 0.7715164919920456, "runtime_seconds": 0.1436514579982031, "error": null}
{"seed": 3344, "kind": "square", "n": 25, "ratio_to_baseline": 0.86722673708326, "runtime_seconds": 0.2806792499977746, "error": null}
{"seed": 3344, "kind": "square", "n": 35, "ratio_to_baseline": 0.03043632310598306, "runtime_seconds": 0.48277258300367976, "error": null}
{"seed": 3345, "kind": "convex", "n": 18, "ratio_to_baseline": 0.5186483525187373, "runtime_seconds": 0.11652612499892712, "error": null}
{"seed": 3345, "kind": "convex", "n": 20, "ratio_to_baseline": 0.35923321959522503, "runtime_seconds": 0.1590677499989397, "error": null}
{"seed": 3345, "kind": "convex", "n": 23, "ratio_to_baseline": 0.2822962298427606, "runtime_seconds": 0.24285525000595953, "error": null}
{"seed": 3345, "kind": "convex", "n": 25, "ratio_to_baseline": 0.4335547881361972, "runtime_seconds": 0.3447013750046608, "error": null}
{"seed": 3345, "kind": "convex", "n": 31, "ratio_to_baseline": 0.4154315393981014, "runtime_seconds": 0.556163708002714, "error": null}
{"seed": 3345, "kind": "convex", "n": 33, "ratio_to_baseline": 0.9999999999953147, "runtime_seconds": 0.1579272500021034, "error": null}
{"seed": 3345, "kind": "triangle", "n": 20, "ratio_to_baseline": 0.7629416656589003, "runtime_seconds": 0.13058770900534, "error": null}
{"seed": 3345, "kind": "triangle", "n": 29, "ratio_to_baseline": null, "runtime_seconds": 0.05177416699734749, "error": null}
{"seed": 3345, "kind": "square", "n": 21, "ratio_to_baseline": 0.25206906256393086, "runtime_seconds": 0.12710387499828357, "error": null}
{"seed": 3345, "kind": "square", "n": 23, "ratio_to_baseline": 0.6746431740804458, "runtime_seconds": 0.25181945800432004, "error": null}
{"seed": 3345, "kind": "square", "n": 25, "ratio_to_baseline": 0.507911844577236, "runtime_seconds": 0.5151525830005994, "error": null}
{"seed": 3345, "kind": "square", "n": 35, "ratio_to_baseline": 0.022569240375880192, "runtime_seconds": 1.194336958003987, "error": null}
{"seed": 3346, "kind": "convex", "n": 18, "ratio_to_baseline": 0.6092553916904541, "runtime_seconds": 0.22014366700022947, "error": null}
{"seed": 3346, "kind": "convex", "n": 20, "ratio_to_baseline": 0.7242772316634422, "runtime_seconds": 0.10356704200239619, "error": null}
{"seed": 3346, "kind": "convex", "n": 23, "ratio_to_baseline": 0.6322280858263329, "runtime_seconds": 0.17731708400242496, "error": null}
{"seed": 3346, "kind": "convex", "n": 25, "ratio_to_baseline": 0.3290291097951113, "runtime_seconds": 0.348482209003123, "error": null}
{"seed": 3346, "kind": "convex", "n": 31, "ratio_to_baseline": 0.7305400514371209, "runtime_seconds": 0.4660593750013504, "error": null}
{"seed": 3346, "kind": "convex", "n": 33, "ratio_to_baseline": 0.7437060838940136, "runtime_seconds": 2.249035291999462, "error": null}
{"seed": 3346, "kind": "triangle", "n": 20, "ratio_to_baseline": 0.634393375086121, "runtime_seconds": 0.10040999999910127, "error": null}
{"seed": 3346, "kind": "triangle", "n": 29, "ratio_to_baseline": 0.7342348675834462, "runtime_seconds": 0.3434404159997939, "error": null}
{"seed": 3346, "kind": "square", "n": 21, "ratio_to_baseline": 0.7625166299573491, "runtime_seconds": 0.08222545799799263, "error": null}
{"seed": 3346, "kind": "square", "n": 23, "ratio_to_baseline": 0.7604996986606718, "runtime_seconds": 0.14371712499996647, "error": null}
{"seed": 3346, "kind": "square", "n": 25, "ratio_to_baseline": 0.12359575267153608, "runtime_seconds": 0.3888870000009774, "error": null}
{"seed": 3346, "kind": "square", "n": 35, "ratio_to_baseline": 0.05342406526949079, "runtime_seconds": 0.7227265000037733, "error": null}
{"seed": 3347, "kind": "convex", "n": 18, "ratio_to_baseline": 0.9999999999995857, "runtime_seconds": 0.02945479200570844, "error": null}
{"seed": 3347, "kind": "convex", "n": 20, "ratio_to_baseline": 0.4926600011446149, "runtime_seconds": 0.11074520900001517, "error": null}
{"seed": 3347, "kind": "convex", "n": 23, "ratio_to_baseline": 0.6866105887502046, "runtime_seconds": 0.3139327500030049, "error": null}
{"seed": 3347, "kind": "convex", "n": 25, "ratio_to_baseline": 0.7675013008109208, "runtime_seconds": 1.2461895419983193, "error": null}
{"seed": 3347, "kind": "convex", "n": 31, "ratio_to_baseline": 0.8292509536371517, "runtime_seconds": 0.5404965830020956, "error": null}
{"seed": 3347, "kind": "convex", "n": 33, "ratio_to_baseline": 0.9999999999953147, "runtime_seconds": 0.2047826249981881, "error": null}
{"seed": 3347, "kind": "triangle", "n": 20, "ratio_to_baseline": 0.029927709226775418, "runtime_seconds": 0.09007633299916051, "error": null}
{"seed": 3347, "kind": "triangle", "n": 29, "ratio_to_baseline": null, "runtime_seconds": 0.044605124996451195, "error": null}
{"seed": 3347, "kind": "square", "n": 21, "ratio_to_baseline": 0.08847488790139779, "runtime_seconds": 0.21764574999542674, "error": null}
{"seed": 3347, "kind": "square", "n": 23, "ratio_to_baseline": 0.5444302853612195, "runtime_seconds": 0.24202499999955762, "error": null}
{"seed": 3347, "kind": "square", "n": 25, "ratio_to_baseline": 0.03754449946470908, "runtime_seconds": 0.4406179580037133, "error": null}
{"seed": 3347, "kind": "square", "n": 35, "ratio_to_baseline": 0.575670213450306, "runtime_seconds": 0.5426217080021161, "error": null}
{"seed": 3348, "kind": "convex", "n": 18, "ratio_to_baseline": 0.5740455191836306, "runtime_seconds": 0.05785404200287303, "error": null}
{"seed": 3348, "kind": "convex", "n": 20, "ratio_to_baseline": 0.5635714322230043, "runtime_seconds": 0.2811500829993747, "error": null}
{"seed": 3348, "kind": "convex", "n": 23, "ratio_to_baseline": 0.43543737388220294, "runtime_seconds": 0.4284223330032546, "error": null}
{"seed": 3348, "kind": "convex", "n": 25, "ratio_to_baseline": 0.32328056364999996, "runtime_seconds": 0.2310043749967008, "error": null}
{"seed": 3348, "kind": "convex", "n": 31, "ratio_to_baseline": 0.5737329611317853, "runtime_seconds": 0.9413637499965262, "error": null}
{"seed": 3348, "kind": "convex", "n": 33, "ratio_to_baseline": 0.9999999999953147, "runtime_seconds": 0.20031570800347254, "error": null}
{"seed": 3348, "kind": "triangle", "n": 20, "ratio_to_baseline": 0.4125811318700595, "runtime_seconds": 0.09661716700065881, "error": null}
{"seed": 3348, "kind": "triangle", "n": 29, "ratio_to_baseline": 0.38681470933686357, "runtime_seconds": 0.5087803330025054, "error": null}
{"seed": 3348, "kind": "square", "n": 21, "ratio_to_baseline": 0.4344533273706828, "runtime_seconds": 0.09954737500083866, "error": null}
{"seed": 3348, "kind": "square", "n": 23, "ratio_to_baseline": 0.651423194245549, "runtime_seconds": 0.302780874997552, "error": null}
{"seed": 3348, "kind": "square", "n": 25, "ratio_to_baseline": 0.7216659329929654, "runtime_seconds": 0.32076970899652224, "error": null}
{"seed": 3348, "kind": "square", "n": 35, "ratio_to_baseline": 0.07593268931551073, "runtime_seconds": 0.7945079169949167, "error": null}
{"seed": 3349, "kind": "convex", "n": 18, "ratio_to_baseline": 0.5625820376613342, "runtime_seconds": 0.20672470799763687, "error": null}
{"seed": 3349, "kind": "convex", "n": 20, "ratio_to_baseline": 0.24397847442095863, "runtime_seconds": 0.14495500000339234, "error": null}
{"seed": 3349, "kind": "convex", "n": 23, "ratio_to_baseline": 0.5016166249824222, "runtime_seconds": 0.35066154199739685, "error": null}
{"seed": 3349, "kind": "convex", "n": 25, "ratio_to_baseline": 0.6769242507197554, "runtime_seconds": 0.32711220900091575, "error": null}
{"seed": 3349, "kind": "convex", "n": 31, "ratio_to_baseline": 0.571639212235069, "runtime_seconds": 1.9118662079999922, "error": null}
{"seed": 3349, "kind": "convex", "n": 33, "ratio_to_baseline": 0.9999999999953147, "runtime_seconds": 0.17737825000222074, "error": null}
{"seed": 3349, "kind": "triangle", "n": 20, "ratio_to_baseline": 0.5854126455893558, "runtime_seconds": 0.345603999994637, "error": null}
{"seed": 3349, "kind": "triangle", "n": 29, "ratio_to_baseline": 0.026604331872324957, "runtime_seconds": 2.31419645799906, "error": null}
{"seed": 3349, "kind": "square", "n": 21, "ratio_to_baseline": 0.08123608894534949, "runtime_seconds": 0.21235491699917475, "error": null}
{"seed": 3349, "kind": "square", "n": 23, "ratio_to_baseline": 0.298589879200952, "runtime_seconds": 0.28972091600007843, "error": null}
{"seed": 3349, "kind": "square", "n": 25, "ratio_to_baseline": 0.8875468522583613, "runtime_seconds": 0.31802991699805716, "error": null}
{"seed": 3349, "kind": "square", "n": 35, "ratio_to_baseline": 0.42286138750801383, "runtime_seconds": 1.9514344159979373, "error": null}
{"seed": 3350, "kind": "convex", "n": 18, "ratio_to_baseline": 0.8068772485844022, "runtime_seconds": 0.2840127079980448, "error": null}
{"seed": 3350, "kind": "convex", "n": 20, "ratio_to_baseline": 0.6502591445689745, "runtime_seconds": 0.12636154199572047, "error": null}
{"seed": 3350, "kind": "convex", "n": 23, "ratio_to_baseline": 0.7010105682556304, "runtime_seconds": 0.45372616699751234, "error": null}
{"seed": 3350, "kind": "convex", "n": 25, "ratio_to_baseline": 0.9999999999995366, "runtime_seconds": 0.06853283300006296, "error": null}
{"seed": 3350, "kind": "convex", "n": 31, "ratio_to_baseline": 0.8223602470250095, "runtime_seconds": 2.057363208004972, "error": null}
{"seed": 3350, "kind": "convex", "n": 33, "ratio_to_baseline": 0.7165273318231248, "runtime_seconds": 2.3242645830032416, "error": null}
{"seed": 3350, "kind": "triangle", "n": 20, "ratio_to_baseline": null, "runtime_seconds": 0.011484916998597328, "error": null}
{"seed": 3350, "kind": "triangle", "n": 29, "ratio_to_baseline": 0.6691069634360504, "runtime_seconds": 0.8400757079944015, "error": null}
{"seed": 3350, "kind": "square", "n": 21, "ratio_to_baseline": 0.28872831670581456, "runtime_seconds": 0.2612113750001299, "error": null}
{"seed": 3350, "kind": "square", "n": 23, "ratio_to_baseline": 0.5439937941238586, "runtime_seconds": 0.405385624995688, "error": null}
{"seed": 3350, "kind": "square", "n": 25, "ratio_to_baseline": 0.7332562519173462, "runtime_seconds": 0.24917295899649616, "error": null}
{"seed": 3350, "kind": "square", "n": 35, "ratio_to_baseline": 0.09636757702713498, "runtime_seconds": 1.1436167920037406, "error": null}
{"seed": 3351, "kind": "convex", "n": 18, "ratio_to_baseline": 0.9999999999995857, "runtime_seconds": 0.03325054200104205, "error": null}
{"seed": 3351, "kind": "convex", "n": 20, "ratio_to_baseline": 0.5291696199945072, "runtime_seconds": 0.1548045000017737, "error": null}
{"seed": 3351, "kind": "convex", "n": 23, "ratio_to_baseline": 0.46003088288454586, "runtime_seconds": 0.1671123330015689, "error": null}
{"seed": 3351, "kind": "convex", "n": 25, "ratio_to_baseline": 0.5479491324947401, "runtime_seconds": 0.37511141700088046, "error": null}
{"seed": 3351, "kind": "convex", "n": 31, "ratio_to_baseline": 0.5796397834647932, "runtime_seconds": 0.9397629170052824, "error": null}
{"seed": 3351, "kind": "convex", "n": 33, "ratio_to_baseline": 0.1949021270590771, "runtime_seconds": 1.0419881669949973, "error": null}
{"seed": 3351, "kind": "triangle", "n": 20, "ratio_to_baseline": null, "runtime_seconds": 0.013118208000378218, "error": null}
{"seed": 3351, "kind": "triangle", "n": 29, "ratio_to_baseline": 0.670998278995149, "runtime_seconds": 0.5173322909977287, "error": null}
{"seed": 3351, "kind": "square", "n": 21, "ratio_to_baseline": 0.3742997416224792, "runtime_seconds": 0.2418872089983779, "error": null}
{"seed": 3351, "kind": "square", "n": 23, "ratio_to_baseline": 0.07127109373690818, "runtime_seconds": 0.2017227080068551, "error": null}
{"seed": 3351, "kind": "square", "n": 25, "ratio_to_baseline": 0.8930658507998878, "runtime_seconds": 0.31188541700248607, "error": null}
{"seed": 3351, "kind": "square", "n": 35, "ratio_to_baseline": 0.6827903956566455, "runtime_seconds": 0.9964371250025579, "error": null}
{"seed": 3352, "kind": "convex", "n": 18, "ratio_to_baseline": 0.5250982510364303, "runtime_seconds": 0.08332920899556484, "error": null}
{"seed": 3352, "kind": "convex", "n": 20, "ratio_to_baseline": 0.847021706694546, "runtime_seconds": 0.6148886250011856, "error": null}
{"seed": 3352, "kind": "convex", "n": 23, "ratio_to_baseline": 0.14518168973663173, "runtime_seconds": 0.26493604199640686, "error": null}
{"seed": 3352, "kind": "convex", "n": 25, "ratio_to_baseline": 0.42970982450037926, "runtime_seconds": 0.33012433299882105, "error": null}
{"seed": 3352, "kind": "convex", "n": 31, "ratio_to_baseline": 0.22379324574798037, "runtime_seconds": 1.0869831660020282, "error": null}
{"seed": 3352, "kind": "convex", "n": 33, "ratio_to_baseline": 0.7453866494150394, "runtime_seconds": 1.275689791997138, "error": null}
{"seed": 3352, "kind": "triangle", "n": 20, "ratio_to_baseline": 0.16843255656543168, "runtime_seconds": 0.08219412499602186, "error": null}
{"seed": 3352, "kind": "triangle", "n": 29, "ratio_to_baseline": 0.7712354827355028, "runtime_seconds": 0.31520737500250107, "error": null}
{"seed": 3352, "kind": "square", "n": 21, "ratio_to_baseline": 0.4168196980290638, "runtime_seconds": 0.11273479199735448, "error": null}
{"seed": 3352, "kind": "square", "n": 23, "ratio_to_baseline": 0.7754567093664309, "runtime_seconds": 0.14630183299595956, "error": null}
{"seed": 3352, "kind": "square", "n": 25, "ratio_to_baseline": 0.8526774768318283, "runtime_seconds": 0.35316716600209475, "error": null}
{"seed": 3352, "kind": "square", "n": 35, "ratio_to_baseline": 0.10617765102036189, "runtime_seconds": 1.1688082909968216, "error": null}
{"seed": 3353, "kind": "convex", "n": 18, "ratio_to_baseline": 0.660757924089482, "runtime_seconds": 0.11932270800025435, "error": null}
{"seed": 3353, "kind": "convex", "n": 20, "ratio_to_baseline": 0.7992111155544197, "runtime_seconds": 0.19685795799887273, "error": null}
{"seed": 3353, "kind": "convex", "n": 23, "ratio_to_baseline": 0.6322289279967956, "runtime_seconds": 0.15765783299866598, "error": null}
{"seed": 3353, "kind": "convex", "n": 25, "ratio_to_baseline": 0.9999999999995366, "runtime_seconds": 0.06263154199405108, "error": null}
{"seed": 3353, "kind": "convex", "n": 31, "ratio_to_baseline": 0.21540350894733956, "runtime_seconds": 0.5355635419982718, "error": null}
{"seed": 3353, "kind": "convex", "n": 33, "ratio_to_baseline": 0.22163333294264748, "runtime_seconds": 0.7961606250028126, "error": null}
{"seed": 3353, "kind": "triangle", "n": 20, "ratio_to_baseline": 0.03725602472838529, "runtime_seconds": 0.04763158399873646, "error": null}
{"seed": 3353, "kind": "triangle", "n": 29, "ratio_to_baseline": 0.6937926439497124, "runtime_seconds": 0.43947491599828936, "error": null}
{"seed": 3353, "kind": "square", "n": 21, "ratio_to_baseline": 0.7519216569869802, "runtime_seconds": 0.15770170899486402, "error": null}
{"seed": 3353, "kind": "square", "n": 23, "ratio_to_baseline": 0.7374839449929548, "runtime_seconds": 0.08775091700226767, "error": null}
{"seed": 3353, "kind": "square", "n": 25, "ratio_to_baseline": 0.5085984826575027, "runtime_seconds": 0.4511002919971361, "error": null}
{"seed": 3353, "kind": "square", "n": 35, "ratio_to_baseline": 0.46778707156816673, "runtime_seconds": 0.5714669590015546, "error": null}
{"seed": 3354, "kind": "convex", "n": 18, "ratio_to_baseline": 0.34379315624858003, "runtime_seconds": 0.14899495899589965, "error": null}
{"seed": 3354, "kind": "convex", "n": 20, "ratio_to_baseline": 0.9999999999993341, "runtime_seconds": 0.029319708002731204, "error": null}
{"seed": 3354, "kind": "convex", "n": 23, "ratio_to_baseline": 0.6705148563077963, "runtime_seconds": 0.36702024999976857, "error": null}
{"seed": 3354, "kind": "convex", "n": 25, "ratio_to_baseline": 0.47179828596007417, "runtime_seconds": 0.4293159580047359, "error": null}
{"seed": 3354, "kind": "convex", "n": 31, "ratio_to_baseline": 0.999999999989406, "runtime_seconds": 0.18424141699506436, "error": null}
{"seed": 3354, "kind": "convex", "n": 33, "ratio_to_baseline": 0.9999999999953147, "runtime_seconds": 0.16953804199874867, "error": null}
{"seed": 3354, "kind": "triangle", "n": 20, "ratio_to_baseline": 0.4650669538090504, "runtime_seconds": 0.10375812500569737, "error": null}
{"seed": 3354, "kind": "triangle", "n": 29, "ratio_to_baseline": 0.44687331951545894, "runtime_seconds": 0.4659284170047613, "error": null}
{"seed": 3354, "kind": "square", "n": 21, "ratio_to_baseline": 0.11362020621933594, "runtime_seconds": 0.08640258399827871, "error": null}
{"seed": 3354, "kind": "square", "n": 23, "ratio_to_baseline": 0.21126961894900373, "runtime_seconds": 0.3325449589974596, "error": null}
{"seed": 3354, "kind": "square", "n": 25, "ratio_to_baseline": 0.6882454378194608, "runtime_seconds": 0.21441629200126044, "error": null}
{"seed": 3354, "kind": "square", "n": 35, "ratio_to_baseline": 0.6912441651236981, "runtime_seconds": 1.4141390829972806, "error": null}
{"seed": 3355, "kind": "convex", "n": 18, "ratio_to_baseline": 0.9999999999995857, "runtime_seconds": 0.03277675000572344, "error": null}
{"seed": 3355, "kind": "convex", "n": 20, "ratio_to_baseline": 0.8129741442508532, "runtime_seconds": 0.12634420900576515, "error": null}
{"seed": 3355, "kind": "convex", "n": 23, "ratio_to_baseline": 0.8190910133275285, "runtime_seconds": 0.46487262500158977, "error": null}
{"seed": 3355, "kind": "convex", "n": 25, "ratio_to_baseline": 0.6453868040468899, "runtime_seconds": 0.2830865419964539, "error": null}
{"seed": 3355, "kind": "convex", "n": 31, "ratio_to_baseline": 0.999999999989406, "runtime_seconds": 0.13693445900571533, "error": null}
{"seed": 3355, "kind": "convex", "n": 33, "ratio_to_baseline": 0.74346952983246, "runtime_seconds": 0.6015787500000442, "error": null}
{"seed": 3355, "kind": "triangle", "n": 20, "ratio_to_baseline": 0.6731567491599432, "runtime_seconds": 0.23350424999807728, "error": null}
{"seed": 3355, "kind": "triangle", "n": 29, "ratio_to_baseline": 0.01880104734055441, "runtime_seconds": 0.40829658399889013, "error": null}
{"seed": 3355, "kind": "square", "n": 21, "ratio_to_baseline": 0.2686815418392384, "runtime_seconds": 0.2700766249981825, "error": null}
{"seed": 3355, "kind": "square", "n": 23, "ratio_to_baseline": 0.5040792306161369, "runtime_seconds": 0.49140791699755937, "error": null}
{"seed": 3355, "kind": "square", "n": 25, "ratio_to_baseline": 0.9114602015157107, "runtime_seconds": 0.16654087499773595, "error": null}
{"seed": 3355, "kind": "square", "n": 35, "ratio_to_baseline": 0.7799558662573614, "runtime_seconds": 0.7309518749971176, "error": null}
{"seed": 3356, "kind": "convex", "n": 18, "ratio_to_baseline": 0.7694905539546767, "runtime_seconds": 0.04989020899665775, "error": null}
{"seed": 3356, "kind": "convex", "n": 20, "ratio_to_baseline": 0.8130531433038022, "runtime_seconds": 0.17178516699641477, "error": null}
{"seed": 3356, "kind": "convex", "n": 23, "ratio_to_baseline": 0.8055654391163213, "runtime_seconds": 0.28297183299582684, "error": null}
{"seed": 3356, "kind": "convex", "n": 25, "ratio_to_baseline": 0.9170447383574926, "runtime_seconds": 0.41014829099731287, "error": null}
{"seed": 3356, "kind": "convex", "n": 31, "ratio_to_baseline": 0.2707794647732492, "runtime_seconds": 0.8148797909962013, "error": null}
{"seed": 3356, "kind": "convex", "n": 33, "ratio_to_baseline": 0.7531941368078812, "runtime_seconds": 2.0361179999963497, "error": null}
{"seed": 3356, "kind": "triangle", "n": 20, "ratio_to_baseline": 0.7610933888758209, "runtime_seconds": 0.06716062500345288, "error": null}
{"seed": 3356, "kind": "triangle", "n": 29, "ratio_to_baseline": 0.056469519866584425, "runtime_seconds": 0.3635740829995484, "error": null}
{"seed": 3356, "kind": "square", "n": 21, "ratio_to_baseline": 0.751922921041363, "runtime_seconds": 0.1561312909980188, "error": null}
{"seed": 3356, "kind": "square", "n": 23, "ratio_to_baseline": 0.08028255635806425, "runtime_seconds": 0.2516578330032644, "error": null}
{"seed": 3356, "kind": "square", "n": 25, "ratio_to_baseline": 0.8520048920736436, "runtime_seconds": 0.22986533299990697, "error": null}
{"seed": 3356, "kind": "square", "n": 35, "ratio_to_baseline": 0.02524002967276335, "runtime_seconds": 1.4854700829964713, "error": null}
{"seed": 3357, "kind": "convex", "n": 18, "ratio_to_baseline": 0.6092510631916149, "runtime_seconds": 0.22027991699724225, "error": null}
{"seed": 3357, "kind": "convex", "n": 20, "ratio_to_baseline": 0.6867312101246029, "runtime_seconds": 0.20951529200101504, "error": null}
{"seed": 3357, "kind": "convex", "n": 23, "ratio_to_baseline": 0.43398478683067376, "runtime_seconds": 0.2810753749945434, "error": null}
{"seed": 3357, "kind": "convex", "n": 25, "ratio_to_baseline": 0.4718947115629154, "runtime_seconds": 0.9873602910010959, "error": null}
{"seed": 3357, "kind": "convex", "n": 31, "ratio_to_baseline": 0.19953160159701305, "runtime_seconds": 0.9150297500018496, "error": null}
{"seed": 3357, "kind": "convex", "n": 33, "ratio_to_baseline": 0.9999999999953147, "runtime_seconds": 0.1870561249961611, "error": null}
{"seed": 3357, "kind": "triangle", "n": 20, "ratio_to_baseline": 0.7986467006847231, "runtime_seconds": 0.07148074999713572, "error": null}
{"seed": 3357, "kind": "triangle", "n": 29, "ratio_to_baseline": 0.3133821091227095, "runtime_seconds": 0.5435778750033933, "error": null}
{"seed": 3357, "kind": "square", "n": 21, "ratio_to_baseline": 0.6606892847216336, "runtime_seconds": 0.3965107080002781, "error": null}
{"seed": 3357, "kind": "square", "n": 23, "ratio_to_baseline": 0.3217853122177045, "runtime_seconds": 0.19793325000500772, "error": null}
{"seed": 3357, "kind": "square", "n": 25, "ratio_to_baseline": 0.4192928979968132, "runtime_seconds": 0.6722242920004646, "error": null}
{"seed": 3357, "kind": "square", "n": 35, "ratio_to_baseline": 0.12407498248141885, "runtime_seconds": 1.0809606670009089, "error": null}
{"seed": 3358, "kind": "convex", "n": 18, "ratio_to_baseline": 0.9999999999995857, "runtime_seconds": 0.026887958993029315, "error": null}
{"seed": 3358, "kind": "convex", "n": 20, "ratio_to_baseline": 0.7999683911343685, "runtime_seconds": 0.1629096250035218, "error": null}
{"seed": 3358, "kind": "convex", "n": 23, "ratio_to_baseline": 0.9999999999998525, "runtime_seconds": 0.05913354200311005, "error": null}
{"seed": 3358, "kind": "convex", "n": 25, "ratio_to_baseline": 0.6408306272134662, "runtime_seconds": 0.3229156250017695, "error": null}
{"seed": 3358, "kind": "convex", "n": 31, "ratio_to_baseline": 0.21712209938555388, "runtime_seconds": 2.129835334002564, "error": null}
{"seed": 3358, "kind": "convex", "n": 33, "ratio_to_baseline": 0.9999999999953147, "runtime_seconds": 0.18703987499611685, "error": null}
{"seed": 3358, "kind": "triangle", "n": 20, "ratio_to_baseline": null, "runtime_seconds": 0.01014358300017193, "error": null}
{"seed": 3358, "kind": "triangle", "n": 29, "ratio_to_baseline": 0.7559224548853418, "runtime_seconds": 0.36058937499910826, "error": null}
{"seed": 3358, "kind": "square", "n": 21, "ratio_to_baseline": 0.30678354134940883, "runtime_seconds": 0.17369441700429888, "error": null}
{"seed": 3358, "kind": "square", "n": 23, "ratio_to_baseline": 0.8321993275535564, "runtime_seconds": 0.28860687500127824, "error": null}
{"seed": 3358, "kind": "square", "n": 25, "ratio_to_baseline": 0.5134997111400813, "runtime_seconds": 0.264274209002906, "error": null}
{"seed": 3358, "kind": "square", "n": 35, "ratio_to_baseline": 0.7717612193161358, "runtime_seconds": 0.6905779160006205, "error": null}
{"seed": 3359, "kind": "convex", "n": 18, "ratio_to_baseline": 0.8068814319830457, "runtime_seconds": 0.2558260000005248, "error": null}
{"seed": 3359, "kind": "convex", "n": 20, "ratio_to_baseline": 0.4043396576736562, "runtime_seconds": 0.14262895800493425, "error": null}
{"seed": 3359, "kind": "convex", "n": 23, "ratio_to_baseline": 0.9999999999998525, "runtime_seconds": 0.05305887499707751, "error": null}
{"seed": 3359, "kind": "convex", "n": 25, "ratio_to_baseline": 0.6283716162966331, "runtime_seconds": 0.5195162920063012, "error": null}
{"seed": 3359, "kind": "convex", "n": 31, "ratio_to_baseline": 0.8716670130669981, "runtime_seconds": 1.420267542001966, "error": null}
{"seed": 3359, "kind": "convex", "n": 33, "ratio_to_baseline": 0.46871113196868963, "runtime_seconds": 1.2892957919975743, "error": null}
{"seed": 3359, "kind": "triangle", "n": 20, "ratio_to_baseline": null, "runtime_seconds": 0.012212125002406538, "error": null}
{"seed": 3359, "kind": "triangle", "n": 29, "ratio_to_baseline": null, "runtime_seconds": 0.03341374999581603, "error": null}
{"seed": 3359, "kind": "square", "n": 21, "ratio_to_baseline": 0.6123645939759652, "runtime_seconds": 0.17970854099985445, "error": null}
{"seed": 3359, "kind": "square", "n": 23, "ratio_to_baseline": 0.07906440308030185, "runtime_seconds": 0.45519579100073315, "error": null}
{"seed": 3359, "kind": "square", "n": 25, "ratio_to_baseline": 0.5596765483849501, "runtime_seconds": 0.2222165839993977, "error": null}
{"seed": 3359, "kind": "square", "n": 35, "ratio_to_baseline": 0.8058565880540434, "runtime_seconds": 1.003966374999436, "error": null}
{"seed": 3360, "kind": "convex", "n": 18, "ratio_to_baseline": 0.5726005428162829, "runtime_seconds": 0.1750621669998509, "error": null}
{"seed": 3360, "kind": "convex", "n": 20, "ratio_to_baseline": 0.4460837423319423, "runtime_seconds": 0.12031004099844722, "error": null}
{"seed": 3360, "kind": "convex", "n": 23, "ratio_to_baseline": 0.9999999999998525, "runtime_seconds": 0.05945837499893969, "error": null}
{"seed": 3360, "kind": "convex", "n": 25, "ratio_to_baseline": 0.7920075522702729, "runtime_seconds": 1.216301000000385, "error": null}
{"seed": 3360, "kind": "convex", "n": 31, "ratio_to_baseline": 0.486651242768397, "runtime_seconds": 0.6660452090000035, "error": null}
{"seed": 3360, "kind": "convex", "n": 33, "ratio_to_baseline": 0.9999999999953147, "runtime_seconds": 0.19399979199806694, "error": null}
{"seed": 3360, "kind": "triangle", "n": 20, "ratio_to_baseline": 0.03503745848728041, "runtime_seconds": 0.06610399999772198, "error": null}
{"seed": 3360, "kind": "triangle", "n": 29, "ratio_to_baseline": 0.6524838960544188, "runtime_seconds": 0.6599459579956601, "error": null}
{"seed": 3360, "kind": "square", "n": 21, "ratio_to_baseline": 0.7349167199506458, "runtime_seconds": 0.2707029580051312, "error": null}
{"seed": 3360, "kind": "square", "n": 23, "ratio_to_baseline": 0.11546537177759457, "runtime_seconds": 0.14315416700264905, "error": null}
{"seed": 3360, "kind": "square", "n": 25, "ratio_to_baseline": 0.03877501898020546, "runtime_seconds": 0.238421833004395, "error": null}
{"seed": 3360, "kind": "square", "n": 35, "ratio_to_baseline": 0.08746966859117117, "runtime_seconds": 0.6607481669998378, "error": null}
{"seed": 3361, "kind": "convex", "n": 18, "ratio_to_baseline": 0.5406871154974913, "runtime_seconds": 0.2025839170019026, "error": null}
{"seed": 3361, "kind": "convex", "n": 20, "ratio_to_baseline": 0.5291694279540121, "runtime_seconds": 0.1450205829969491, "error": null}
{"seed": 3361, "kind": "convex", "n": 23, "ratio_to_baseline": 0.2180920195662322, "runtime_seconds": 0.3349316249950789, "error": null}
{"seed": 3361, "kind": "convex", "n": 25, "ratio_to_baseline": 0.9999999999995366, "runtime_seconds": 0.06215087499731453, "error": null}
{"seed": 3361, "kind": "convex", "n": 31, "ratio_to_baseline": 0.8052120056535527, "runtime_seconds": 0.873955749993911, "error": null}
{"seed": 3361, "kind": "convex", "n": 33, "ratio_to_baseline": 0.7571574894748401, "runtime_seconds": 1.1278518340041046, "error": null}
{"seed": 3361, "kind": "triangle", "n": 20, "ratio_to_baseline": null, "runtime_seconds": 0.030114916000457015, "error": null}
{"seed": 3361, "kind": "triangle", "n": 29, "ratio_to_baseline": 0.01861878621859253, "runtime_seconds": 0.5068328749985085, "error": null}
{"seed": 3361, "kind": "square", "n": 21, "ratio_to_baseline": 0.5351019874466924, "runtime_seconds": 0.11342962500202702, "error": null}
{"seed": 3361, "kind": "square", "n": 23, "ratio_to_baseline": 0.03823312526735558, "runtime_seconds": 0.41813449999608565, "error": null}
{"seed": 3361, "kind": "square", "n": 25, "ratio_to_baseline": 0.6568289825718318, "runtime_seconds": 0.3854641249999986, "error": null}
{"seed": 3361, "kind": "square", "n": 35, "ratio_to_baseline": 0.7547247533819982, "runtime_seconds": 1.8432519170019077, "error": null}
{"seed": 3362, "kind": "convex", "n": 18, "ratio_to_baseline": 0.567874800912881, "runtime_seconds": 0.1011522079934366, "error": null}
{"seed": 3362, "kind": "convex", "n": 20, "ratio_to_baseline": 0.7611889932179835, "runtime_seconds": 0.13936012500198558, "error": null}
{"seed": 3362, "kind": "convex", "n": 23, "ratio_to_baseline": 0.2061052796306808, "runtime_seconds": 0.18443237499741372, "error": null}
{"seed": 3362, "kind": "convex", "n": 25, "ratio_to_baseline": 0.7942946402498444, "runtime_seconds": 0.25298704099986935, "error": null}
{"seed": 3362, "kind": "convex", "n": 31, "ratio_to_baseline": 0.5630341547278352, "runtime_seconds": 0.7989182919991435, "error": null}
{"seed": 3362, "kind": "convex", "n": 33, "ratio_to_baseline": 0.5138538239497522, "runtime_seconds": 1.2268728330018348, "error": null}
{"seed": 3362, "kind": "triangle", "n": 20, "ratio_to_baseline": null, "runtime_seconds": 0.011719582995283417, "error": null}
{"seed": 3362, "kind": "triangle", "n": 29, "ratio_to_baseline": 0.05504474990982501, "runtime_seconds": 0.6245219589982298, "error": null}
{"seed": 3362, "kind": "square", "n": 21, "ratio_to_baseline": 0.8311719619855619, "runtime_seconds": 0.15030754200415686, "error": null}
{"seed": 3362, "kind": "square", "n": 23, "ratio_to_baseline": 0.7196637249815235, "runtime_seconds": 0.18387504199927207, "error": null}
{"seed": 3362, "kind": "square", "n": 25, "ratio_to_baseline": 0.08887154316422394, "runtime_seconds": 0.41738662499847123, "error": null}
{"seed": 3362, "kind": "square", "n": 35, "ratio_to_baseline": 0.6919909067330113, "runtime_seconds": 0.9616101669962518, "error": null}
{"seed": 3363, "kind": "convex", "n": 18, "ratio_to_baseline": 0.6829442474131241, "runtime_seconds": 0.10730333399988012, "error": null}
{"seed": 3363, "kind": "convex", "n": 20, "ratio_to_baseline": 0.5622640443265641, "runtime_seconds": 0.6617379160015844, "error": null}
{"seed": 3363, "kind": "convex", "n": 23, "ratio_to_baseline": 0.9999999999998525, "runtime_seconds": 0.04821195799740963, "error": null}
{"seed": 3363, "kind": "convex", "n": 25, "ratio_to_baseline": 0.9999999999995366, "runtime_seconds": 0.06529250000312459, "error": null}
{"seed": 3363, "kind": "convex", "n": 31, "ratio_to_baseline": 0.2626436350389156, "runtime_seconds": 1.4506967080014874, "error": null}
{"seed": 3363, "kind": "convex", "n": 33, "ratio_to_baseline": 0.36345750349167055, "runtime_seconds": 1.1876254579983652, "error": null}
{"seed": 3363, "kind": "triangle", "n": 20, "ratio_to_baseline": 0.044333153384468464, "runtime_seconds": 0.2668444169976283, "error": null}
{"seed": 3363, "kind": "triangle", "n": 29, "ratio_to_baseline": 0.1284532461790982, "runtime_seconds": 0.7617247500020312, "error": null}
{"seed": 3363, "kind": "square", "n": 21, "ratio_to_baseline": 0.3845349057683847, "runtime_seconds": 0.23637345799943432, "error": null}
{"seed": 3363, "kind": "square", "n": 23, "ratio_to_baseline": 0.0854166661533183, "runtime_seconds": 0.321198916004505, "error": null}
{"seed": 3363, "kind": "square", "n": 25, "ratio_to_baseline": 0.6437051729210507, "runtime_seconds": 0.4839617499965243, "error": null}
{"seed": 3363, "kind": "square", "n": 35, "ratio_to_baseline": 0.7410654952225225, "runtime_seconds": 1.2561224159944686, "error": null}
{"seed": 3364, "kind": "convex", "n": 18, "ratio_to_baseline": 5.419268288967055e-09, "runtime_seconds": 0.053384625003673136, "error": null}
{"seed": 3364, "kind": "convex", "n": 20, "ratio_to_baseline": 0.6090893619736957, "runtime_seconds": 0.22658558299735887, "error": null}
{"seed": 3364, "kind": "convex", "n": 23, "ratio_to_baseline": 0.22963539479937445, "runtime_seconds": 0.35960258299746783, "error": null}
{"seed": 3364, "kind": "convex", "n": 25, "ratio_to_baseline": 0.7911864136176195, "runtime_seconds": 0.35119537499849685, "error": null}
{"seed": 3364, "kind": "convex", "n": 31, "ratio_to_baseline": 0.4830725855423099, "runtime_seconds": 0.7814361249984358, "error": null}
{"seed": 3364, "kind": "convex", "n": 33, "ratio_to_baseline": 0.6750038546333564, "runtime_seconds": 0.931298749994312, "error": null}
{"seed": 3364, "kind": "triangle", "n": 20, "ratio_to_baseline": 0.3988184819534802, "runtime_seconds": 0.12133683299907716, "error": null}
{"seed": 3364, "kind": "triangle", "n": 29, "ratio_to_baseline": null, "runtime_seconds": 0.04673079200438224, "error": null}
{"seed": 3364, "kind": "square", "n": 21, "ratio_to_baseline": 0.7600055536321323, "runtime_seconds": 0.12035320900031365, "error": null}
{"seed": 3364, "kind": "square", "n": 23, "ratio_to_baseline": 0.13684333931676848, "runtime_seconds": 0.2468250829988392, "error": null}
{"seed": 3364, "kind": "square", "n": 25, "ratio_to_baseline": 0.5016692053789943, "runtime_seconds": 0.3733452499945997, "error": null}
{"seed": 3364, "kind": "square", "n": 35, "ratio_to_baseline": 0.6615517286422941, "runtime_seconds": 0.7886089160019765, "error": null}
{"seed": 3365, "kind": "convex", "n": 18, "ratio_to_baseline": 0.7029279054004755, "runtime_seconds": 0.15540041699568974, "error": null}
{"seed": 3365, "kind": "convex", "n": 20, "ratio_to_baseline": 0.68632093480336, "runtime_seconds": 0.1683130000019446, "error": null}
{"seed": 3365, "kind": "convex", "n": 23, "ratio_to_baseline": 0.7516863600871617, "runtime_seconds": 0.4141779999990831, "error": null}
{"seed": 3365, "kind": "convex", "n": 25, "ratio_to_baseline": 0.5541044134008861, "runtime_seconds": 0.33341662500606617, "error": null}
{"seed": 3365, "kind": "convex", "n": 31, "ratio_to_baseline": 0.16413615104540077, "runtime_seconds": 0.733575167003437, "error": null}
{"seed": 3365, "kind": "convex", "n": 33, "ratio_to_baseline": 0.22376930137928158, "runtime_seconds": 0.833421167000779, "error": null}
{"seed": 3365, "kind": "triangle", "n": 20, "ratio_to_baseline": null, "runtime_seconds": 0.013258250000944827, "error": null}
{"seed": 3365, "kind": "triangle", "n": 29, "ratio_to_baseline": 0.3871627763704671, "runtime_seconds": 0.501645832999202, "error": null}
{"seed": 3365, "kind": "square", "n": 21, "ratio_to_baseline": 0.13359099836831226, "runtime_seconds": 0.18105954199563712, "error": null}
{"seed": 3365, "kind": "square", "n": 23, "ratio_to_baseline": 0.8586837504141209, "runtime_seconds": 0.31416529200214427, "error": null}
{"seed": 3365, "kind": "square", "n": 25, "ratio_to_baseline": 0.8390967542581953, "runtime_seconds": 0.20309412500500912, "error": null}
{"seed": 3365, "kind": "square", "n": 35, "ratio_to_baseline": 0.6720829502438145, "runtime_seconds": 1.4016209170004004, "error": null}
{"seed": 3366, "kind": "convex", "n": 18, "ratio_to_baseline": 0.7052263002767832, "runtime_seconds": 0.13617591700312914, "error": null}
{"seed": 3366, "kind": "convex", "n": 20, "ratio_to_baseline": 0.7335891602578277, "runtime_seconds": 0.7128625830009696, "error": null}
{"seed": 3366, "kind": "convex", "n": 23, "ratio_to_baseline": 0.5931381898662906, "runtime_seconds": 0.24742949999927077, "error": null}
{"seed": 3366, "kind": "convex", "n": 25, "ratio_to_baseline": 0.7902111532980474, "runtime_seconds": 0.6247885409975424, "error": null}
{"seed": 3366, "kind": "convex", "n": 31, "ratio_to_baseline": 0.5398126740981682, "runtime_seconds": 0.9307083750027232, "error": null}
{"seed": 3366, "kind": "convex", "n": 33, "ratio_to_baseline": 0.7604320057364586, "runtime_seconds": 1.9527054999998654, "error": null}
{"seed": 3366, "kind": "triangle", "n": 20, "ratio_to_baseline": 0.5672185420696665, "runtime_seconds": 0.15150108299712883, "error": null}
{"seed": 3366, "kind": "triangle", "n": 29, "ratio_to_baseline": null, "runtime_seconds": 0.042018959000415634, "error": null}
{"seed": 3366, "kind": "square", "n": 21, "ratio_to_baseline": 0.7799969336887702, "runtime_seconds": 0.12492470799770672, "error": null}
{"seed": 3366, "kind": "square", "n": 23, "ratio_to_baseline": 0.6974658065562039, "runtime_seconds": 0.2640626249994966, "error": null}
{"seed": 3366, "kind": "square", "n": 25, "ratio_to_baseline": 0.030473144066187285, "runtime_seconds": 0.21915833299863152, "error": null}
{"seed": 3366, "kind": "square", "n": 35, "ratio_to_baseline": 0.7779962995179125, "runtime_seconds": 5.399965082993731, "error": null}
{"seed": 3367, "kind": "convex", "n": 18, "ratio_to_baseline": 0.6621263675116038, "runtime_seconds": 0.14542358300241176, "error": null}
{"seed": 3367, "kind": "convex", "n": 20, "ratio_to_baseline": 0.7440031043455337, "runtime_seconds": 0.21401199999672826, "error": null}
{"seed": 3367, "kind": "convex", "n": 23, "ratio_to_baseline": 0.8260663884996625, "runtime_seconds": 0.6801944999970146, "error": null}
{"seed": 3367, "kind": "convex", "n": 25, "ratio_to_baseline": 0.44244670118144913, "runtime_seconds": 0.8911070410031243, "error": null}
{"seed": 3367, "kind": "convex", "n": 31, "ratio_to_baseline": 0.4576266465825049, "runtime_seconds": 1.3426660839977558, "error": null}
{"seed": 3367, "kind": "convex", "n": 33, "ratio_to_baseline": 0.7144575338940012, "runtime_seconds": 0.8431615000008605, "error": null}
{"seed": 3367, "kind": "triangle", "n": 20, "ratio_to_baseline": 0.05865438096781376, "runtime_seconds": 0.10544129199843155, "error": null}
{"seed": 3367, "kind": "triangle", "n": 29, "ratio_to_baseline": 0.47319930580186903, "runtime_seconds": 0.45012908300122945, "error": null}
{"seed": 3367, "kind": "square", "n": 21, "ratio_to_baseline": 0.5039949970704404, "runtime_seconds": 0.3302883330034092, "error": null}
{"seed": 3367, "kind": "square", "n": 23, "ratio_to_baseline": 0.06516358277548943, "runtime_seconds": 0.22568941700592404, "error": null}
{"seed": 3367, "kind": "square", "n": 25, "ratio_to_baseline": 0.8631618751382295, "runtime_seconds": 0.3382199160041637, "error": null}
{"seed": 3367, "kind": "square", "n": 35, "ratio_to_baseline": 0.7046833166448214, "runtime_seconds": 1.172195583996654, "error": null}
{"seed": 3368, "kind": "convex", "n": 18, "ratio_to_baseline": 0.5168110152482344, "runtime_seconds": 0.07561020800494589, "error": null}
{"seed": 3368, "kind": "convex", "n": 20, "ratio_to_baseline": 0.5431199287227305, "runtime_seconds": 0.42775908300245646, "error": null}
{"seed": 3368, "kind": "convex", "n": 23, "ratio_to_baseline": 0.9999999999998525, "runtime_seconds": 0.044755250004527625, "error": null}
{"seed": 3368, "kind": "convex", "n": 25, "ratio_to_baseline": 0.5018934925625372, "runtime_seconds": 0.4355729170056293, "error": null}
{"seed": 3368, "kind": "convex", "n": 31, "ratio_to_baseline": 0.5629012166952662, "runtime_seconds": 0.6471515000012005, "error": null}
{"seed": 3368, "kind": "convex", "n": 33, "ratio_to_baseline": 0.8294681611608702, "runtime_seconds": 1.4796210410058848, "error": null}
{"seed": 3368, "kind": "triangle", "n": 20, "ratio_to_baseline": 0.7475059159927453, "runtime_seconds": 0.12361845800478477, "error": null}
{"seed": 3368, "kind": "triangle", "n": 29, "ratio_to_baseline": 0.4805374859274367, "runtime_seconds": 0.19151654199959012, "error": null}
{"seed": 3368, "kind": "square", "n": 21, "ratio_to_baseline": 0.8287443145945568, "runtime_seconds": 0.09829816700221272, "error": null}
{"seed": 3368, "kind": "square", "n": 23, "ratio_to_baseline": 0.8753300280036678, "runtime_seconds": 0.25910633300372865, "error": null}
{"seed": 3368, "kind": "square", "n": 25, "ratio_to_baseline": 0.5005886958180423, "runtime_seconds": 0.18086541700176895, "error": null}
{"seed": 3368, "kind": "square", "n": 35, "ratio_to_baseline": 0.015991384157462735, "runtime_seconds": 0.7816716249944875, "error": null}
{"seed": 3369, "kind": "convex", "n": 18, "ratio_to_baseline": 0.9999999999995857, "runtime_seconds": 0.030621208003140055, "error": null}
{"seed": 3369, "kind": "convex", "n": 20, "ratio_to_baseline": 0.9999999999993341, "runtime_seconds": 0.035163667002052534, "error": null}
{"seed": 3369, "kind": "convex", "n": 23, "ratio_to_baseline": 0.9999999999998525, "runtime_seconds": 0.0730295829998795, "error": null}
{"seed": 3369, "kind": "convex", "n": 25, "ratio_to_baseline": 0.6642027379013724, "runtime_seconds": 0.4512447079978301, "error": null}
{"seed": 3369, "kind": "convex", "n": 31, "ratio_to_baseline": 0.5786701392629547, "runtime_seconds": 0.8461569169958238, "error": null}
{"seed": 3369, "kind": "convex", "n": 33, "ratio_to_baseline": 0.6970029864656629, "runtime_seconds": 1.4852107080005226, "error": null}
{"seed": 3369, "kind": "triangle", "n": 20, "ratio_to_baseline": 0.04299674494540909, "runtime_seconds": 0.11500391599838622, "error": null}
{"seed": 3369, "kind": "triangle", "n": 29, "ratio_to_baseline": null, "runtime_seconds": 0.034068708002450876, "error": null}
{"seed": 3369, "kind": "square", "n": 21, "ratio_to_baseline": 0.09477211229411009, "runtime_seconds": 0.13804499999969266, "error": null}
{"seed": 3369, "kind": "square", "n": 23, "ratio_to_baseline": 0.10365626478067091, "runtime_seconds": 0.29034562499873573, "error": null}
{"seed": 3369, "kind": "square", "n": 25, "ratio_to_baseline": 0.6729029278117453, "runtime_seconds": 0.4728941669964115, "error": null}
{"seed": 3369, "kind": "square", "n": 35, "ratio_to_baseline": 0.062466341660003276, "runtime_seconds": 1.154634625003382, "error": null}
{"seed": 3370, "kind": "convex", "n": 18, "ratio_to_baseline": 0.7694900569035895, "runtime_seconds": 0.062029792003158946, "error": null}
{"seed": 3370, "kind": "convex", "n": 20, "ratio_to_baseline": 0.8129742098870189, "runtime_seconds": 0.13642441599949962, "error": null}
{"seed": 3370, "kind": "convex", "n": 23, "ratio_to_baseline": 0.6460314875845311, "runtime_seconds": 0.20836987499933457, "error": null}
{"seed": 3370, "kind": "convex", "n": 25, "ratio_to_baseline": 0.4309870972831067, "runtime_seconds": 0.427734375, "error": null}
{"seed": 3370, "kind": "convex", "n": 31, "ratio_to_baseline": 0.19238792665042853, "runtime_seconds": 1.8236861249970389, "error": null}
{"seed": 3370, "kind": "convex", "n": 33, "ratio_to_baseline": 0.3345994547410559, "runtime_seconds": 1.4042054999954416, "error": null}
{"seed": 3370, "kind": "triangle", "n": 20, "ratio_to_baseline": 0.596348832268144, "runtime_seconds": 0.19095199999719625, "error": null}
{"seed": 3370, "kind": "triangle", "n": 29, "ratio_to_baseline": 0.7783788346093047, "runtime_seconds": 0.6656640000001062, "error": null}
{"seed": 3370, "kind": "square", "n": 21, "ratio_to_baseline": 0.7853478478951738, "runtime_seconds": 0.171910166995076, "error": null}
{"seed": 3370, "kind": "square", "n": 23, "ratio_to_baseline": 0.6089063269082341, "runtime_seconds": 0.2930052500014426, "error": null}
{"seed": 3370, "kind": "square", "n": 25, "ratio_to_baseline": 0.17222652131397445, "runtime_seconds": 0.314395165994938, "error": null}
{"seed": 3370, "kind": "square", "n": 35, "ratio_to_baseline": 0.75229008325458, "runtime_seconds": 0.537975582999934, "error": null}
{"seed": 3371, "kind": "convex", "n": 18, "ratio_to_baseline": 0.6592140965841236, "runtime_seconds": 0.16016829200088978, "error": null}
{"seed": 3371, "kind": "convex", "n": 20, "ratio_to_baseline": 0.5495823236784794, "runtime_seconds": 0.15080608300195308, "error": null}
{"seed": 3371, "kind": "convex", "n": 23, "ratio_to_baseline": 0.13646885346047447, "runtime_seconds": 0.32880375000240747, "error": null}
{"seed": 3371, "kind": "convex", "n": 25, "ratio_to_baseline": 0.919244911953154, "runtime_seconds": 0.28197520800313214, "error": null}
{"seed": 3371, "kind": "convex", "n": 31, "ratio_to_baseline": 0.8742468973216063, "runtime_seconds": 1.2298285419965396, "error": null}
{"seed": 3371, "kind": "convex", "n": 33, "ratio_to_baseline": 0.5343281381037229, "runtime_seconds": 1.0237452920046053, "error": null}
{"seed": 3371, "kind": "triangle", "n": 20, "ratio_to_baseline": 0.6877136352785296, "runtime_seconds": 0.1461436669997056, "error": null}
{"seed": 3371, "kind": "triangle", "n": 29, "ratio_to_baseline": 0.7347552316969738, "runtime_seconds": 0.3900005420000525, "error": null}
{"seed": 3371, "kind": "square", "n": 21, "ratio_to_baseline": 0.5289288956378042, "runtime_seconds": 0.12770075000298675, "error": null}
{"seed": 3371, "kind": "square", "n": 23, "ratio_to_baseline": 0.07952020886051947, "runtime_seconds": 0.30727099999785423, "error": null}
{"seed": 3371, "kind": "square", "n": 25, "ratio_to_baseline": 0.8582340650914458, "runtime_seconds": 0.2405476250060019, "error": null}
{"seed": 3371, "kind": "square", "n": 35, "ratio_to_baseline": 0.768817787589848, "runtime_seconds": 0.8187405830030912, "error": null}
{"seed": 3372, "kind": "convex", "n": 18, "ratio_to_baseline": 0.9999999999995857, "runtime_seconds": 0.028409915998054203, "error": null}
{"seed": 3372, "kind": "convex", "n": 20, "ratio_to_baseline": 0.793818562964164, "runtime_seconds": 0.18860841700370656, "error": null}
{"seed": 3372, "kind": "convex", "n": 23, "ratio_to_baseline": 0.8056042387185613, "runtime_seconds": 0.2133533339947462, "error": null}
{"seed": 3372, "kind": "convex", "n": 25, "ratio_to_baseline": 0.4391044378915941, "runtime_seconds": 0.40929116700135637, "error": null}
{"seed": 3372, "kind": "convex", "n": 31, "ratio_to_baseline": 0.1820978841702326, "runtime_seconds": 0.9022684590017889, "error": null}
{"seed": 3372, "kind": "convex", "n": 33, "ratio_to_baseline": 0.8363600914572344, "runtime_seconds": 0.7868278749956517, "error": null}
{"seed": 3372, "kind": "triangle", "n": 20, "ratio_to_baseline": 0.35205090131649175, "runtime_seconds": 0.1514843750046566, "error": null}
{"seed": 3372, "kind": "triangle", "n": 29, "ratio_to_baseline": 0.4038789106856083, "runtime_seconds": 0.9381166670063976, "error": null}
{"seed": 3372, "kind": "square", "n": 21, "ratio_to_baseline": 0.6795887647104054, "runtime_seconds": 0.20525650000490714, "error": null}
{"seed": 3372, "kind": "square", "n": 23, "ratio_to_baseline": 0.866199293807439, "runtime_seconds": 0.441754208994098, "error": null}
{"seed": 3372, "kind": "square", "n": 25, "ratio_to_baseline": 0.8618786004584027, "runtime_seconds": 0.5826246249998803, "error": null}
{"seed": 3372, "kind": "square", "n": 35, "ratio_to_baseline": 0.0688769518955105, "runtime_seconds": 1.888784000002488, "error": null}
{"seed": 3373, "kind": "convex", "n": 18, "ratio_to_baseline": 9.26120234250487e-08, "runtime_seconds": 0.039345582998066675, "error": null}
{"seed": 3373, "kind": "convex", "n": 20, "ratio_to_baseline": 0.808792489544326, "runtime_seconds": 0.18012570800055983, "error": null}
{"seed": 3373, "kind": "convex", "n": 23, "ratio_to_baseline": 0.5639690196156277, "runtime_seconds": 1.7404155839976738, "error": null}
{"seed": 3373, "kind": "convex", "n": 25, "ratio_to_baseline": 0.7141135934328855, "runtime_seconds": 2.063274583000748, "error": null}
{"seed": 3373, "kind": "convex", "n": 31, "ratio_to_baseline": 0.999999999989406, "runtime_seconds": 0.13278745800198521, "error": null}
{"seed": 3373, "kind": "convex", "n": 33, "ratio_to_baseline": 0.9358329825356936, "runtime_seconds": 0.755485542002134, "error": null}
{"seed": 3373, "kind": "triangle", "n": 20, "ratio_to_baseline": 0.54953321520769, "runtime_seconds": 0.1596490830052062, "error": null}
{"seed": 3373, "kind": "triangle", "n": 29, "ratio_to_baseline": 0.17826573706824478, "runtime_seconds": 1.967430417003925, "error": null}
{"seed": 3373, "kind": "square", "n": 21, "ratio_to_baseline": 0.3067780238397458, "runtime_seconds": 0.1687367910053581, "error": null}
{"seed": 3373, "kind": "square", "n": 23, "ratio_to_baseline": 0.5932251562160669, "runtime_seconds": 0.2831602500009467, "error": null}
{"seed": 3373, "kind": "square", "n": 25, "ratio_to_baseline": 0.14299077423437687, "runtime_seconds": 0.4478312499995809, "error": null}
{"seed": 3373, "kind": "square", "n": 35, "ratio_to_baseline": 0.8370643927406743, "runtime_seconds": 1.0036289999989094, "error": null}
{"seed": 3374, "kind": "convex", "n": 18, "ratio_to_baseline": 0.6676432519688174, "runtime_seconds": 0.15738975000567734, "error": null}
{"seed": 3374, "kind": "convex", "n": 20, "ratio_to_baseline": 0.9999999999993341, "runtime_seconds": 0.04403933400317328, "error": null}
{"seed": 3374, "kind": "convex", "n": 23, "ratio_to_baseline": 0.7203869215716704, "runtime_seconds": 0.28224274999956833, "error": null}
{"seed": 3374, "kind": "convex", "n": 25, "ratio_to_baseline": 0.7552485267400565, "runtime_seconds": 0.5520250409972505, "error": null}
{"seed": 3374, "kind": "convex", "n": 31, "ratio_to_baseline": 0.23958298629698557, "runtime_seconds": 0.7875886670008185, "error": null}
{"seed": 3374, "kind": "convex", "n": 33, "ratio_to_baseline": 0.8145592796170602, "runtime_seconds": 0.9858287909955834, "error": null}
{"seed": 3374, "kind": "triangle", "n": 20, "ratio_to_baseline": 0.7809435791004603, "runtime_seconds": 0.09800445799919544, "error": null}
{"seed": 3374, "kind": "triangle", "n": 29, "ratio_to_baseline": 0.5228222471043273, "runtime_seconds": 0.35041383399948245, "error": null}
{"seed": 3374, "kind": "square", "n": 21, "ratio_to_baseline": 0.6723240938753776, "runtime_seconds": 0.15124366699456004, "error": null}
{"seed": 3374, "kind": "square", "n": 23, "ratio_to_baseline": 0.582525026622232, "runtime_seconds": 0.31932837500062305, "error": null}
{"seed": 3374, "kind": "square", "n": 25, "ratio_to_baseline": 0.5582622846533231, "runtime_seconds": 0.5498834579993854, "error": null}
{"seed": 3374, "kind": "square", "n": 35, "ratio_to_baseline": 0.04462859177038597, "runtime_seconds": 1.3919903750065714, "error": null}
{"seed": 3375, "kind": "convex", "n": 18, "ratio_to_baseline": 0.7728212251873642, "runtime_seconds": 0.08664225000393344, "error": null}
{"seed": 3375, "kind": "convex", "n": 20, "ratio_to_baseline": 0.9999999999993341, "runtime_seconds": 0.029659167004865594, "error": null}
{"seed": 3375, "kind": "convex", "n": 23, "ratio_to_baseline": 0.7331265445112523, "runtime_seconds": 0.1796243749995483, "error": null}
{"seed": 3375, "kind": "convex", "n": 25, "ratio_to_baseline": 0.42023536143994294, "runtime_seconds": 0.36672299999918323, "error": null}
{"seed": 3375, "kind": "convex", "n": 31, "ratio_to_baseline": 0.8143798090647895, "runtime_seconds": 2.380802792002214, "error": null}
{"seed": 3375, "kind": "convex", "n": 33, "ratio_to_baseline": 0.7716773006244845, "runtime_seconds": 1.3658619170018937, "error": null}
{"seed": 3375, "kind": "triangle", "n": 20, "ratio_to_baseline": 0.7809438734759864, "runtime_seconds": 0.07426133300032234, "error": null}
{"seed": 3375, "kind": "triangle", "n": 29, "ratio_to_baseline": 0.6087302866221107, "runtime_seconds": 0.26495374999649357, "error": null}
{"seed": 3375, "kind": "square", "n": 21, "ratio_to_baseline": 0.0671715579558152, "runtime_seconds": 0.20068391599488677, "error": null}
{"seed": 3375, "kind": "square", "n": 23, "ratio_to_baseline": 0.05684035431484512, "runtime_seconds": 0.4147739999971236, "error": null}
{"seed": 3375, "kind": "square", "n": 25, "ratio_to_baseline": 0.8638925267365695, "runtime_seconds": 0.3900281249952968, "error": null}
{"seed": 3375, "kind": "square", "n": 35, "ratio_to_baseline": 0.30284291770776467, "runtime_seconds": 1.1694362909984193, "error": null}
{"seed": 3376, "kind": "convex", "n": 18, "ratio_to_baseline": 0.6237305101351643, "runtime_seconds": 0.13220204200479202, "error": null}
{"seed": 3376, "kind": "convex", "n": 20, "ratio_to_baseline": 0.7848525236236367, "runtime_seconds": 0.17315558300470002, "error": null}
{"seed": 3376, "kind": "convex", "n": 23, "ratio_to_baseline": 0.4339848377184635, "runtime_seconds": 0.3005498750062543, "error": null}
{"seed": 3376, "kind": "convex", "n": 25, "ratio_to_baseline": 0.935555269312067, "runtime_seconds": 0.5173924170012469, "error": null}
{"seed": 3376, "kind": "convex", "n": 31, "ratio_to_baseline": 0.47181968811610187, "runtime_seconds": 0.7325746249989606, "error": null}
{"seed": 3376, "kind": "convex", "n": 33, "ratio_to_baseline": 0.4102862539145395, "runtime_seconds": 0.9290714169983403, "error": null}
{"seed": 3376, "kind": "triangle", "n": 20, "ratio_to_baseline": 0.5858550403515453, "runtime_seconds": 0.23285125000256812, "error": null}
{"seed": 3376, "kind": "triangle", "n": 29, "ratio_to_baseline": 0.3053097284591169, "runtime_seconds": 0.25465549999353243, "error": null}
{"seed": 3376, "kind": "square", "n": 21, "ratio_to_baseline": 0.633116868674407, "runtime_seconds": 0.07494366600440117, "error": null}
{"seed": 3376, "kind": "square", "n": 23, "ratio_to_baseline": 0.32298174588484335, "runtime_seconds": 0.17319762500119396, "error": null}
{"seed": 3376, "kind": "square", "n": 25, "ratio_to_baseline": 0.7876512894240171, "runtime_seconds": 0.13998120799806202, "error": null}
{"seed": 3376, "kind": "square", "n": 35, "ratio_to_baseline": 0.740675239778964, "runtime_seconds": 0.5536169589977362, "error": null}
{"seed": 3377, "kind": "convex", "n": 18, "ratio_to_baseline": 0.41147410351287833, "runtime_seconds": 0.16514087499672314, "error": null}
{"seed": 3377, "kind": "convex", "n": 20, "ratio_to_baseline": 0.7938184501765795, "runtime_seconds": 0.1977011249982752, "error": null}
{"seed": 3377, "kind": "convex", "n": 23, "ratio_to_baseline": 0.6460314834962808, "runtime_seconds": 0.19367108299775282, "error": null}
{"seed": 3377, "kind": "convex", "n": 25, "ratio_to_baseline": 0.9999999999995366, "runtime_seconds": 0.07631758299976354, "error": null}
{"seed": 3377, "kind": "convex", "n": 31, "ratio_to_baseline": 0.13446490211658993, "runtime_seconds": 0.7832139579986688, "error": null}
{"seed": 3377, "kind": "convex", "n": 33, "ratio_to_baseline": 0.1848249957627075, "runtime_seconds": 0.9180430830019759, "error": null}
{"seed": 3377, "kind": "triangle", "n": 20, "ratio_to_baseline": 0.3072813511324698, "runtime_seconds": 0.2598335419970681, "error": null}
{"seed": 3377, "kind": "triangle", "n": 29, "ratio_to_baseline": null, "runtime_seconds": 0.03270579100353643, "error": null}
{"seed": 3377, "kind": "square", "n": 21, "ratio_to_baseline": 0.45256673287118154, "runtime_seconds": 0.1671145830041496, "error": null}
{"seed": 3377, "kind": "square", "n": 23, "ratio_to_baseline": 0.6089499604877667, "runtime_seconds": 0.2628834999995888, "error": null}
{"seed": 3377, "kind": "square", "n": 25, "ratio_to_baseline": 0.6007118124785262, "runtime_seconds": 0.2947316249992582, "error": null}
{"seed": 3377, "kind": "square", "n": 35, "ratio_to_baseline": 0.2958802812560683, "runtime_seconds": 1.182048125003348, "error": null}
{"seed": 3378, "kind": "convex", "n": 18, "ratio_to_baseline": 0.9999999999995857, "runtime_seconds": 0.024340500000107568, "error": null}
{"seed": 3378, "kind": "convex", "n": 20, "ratio_to_baseline": 0.7277787497894962, "runtime_seconds": 0.20142162500269478, "error": null}
{"seed": 3378, "kind": "convex", "n": 23, "ratio_to_baseline": 0.9999999999998525, "runtime_seconds": 0.052229124994482845, "error": null}
{"seed": 3378, "kind": "convex", "n": 25, "ratio_to_baseline": 0.9999999999995366, "runtime_seconds": 0.06229187500139233, "error": null}
{"seed": 3378, "kind": "convex", "n": 31, "ratio_to_baseline": 0.08718292094046598, "runtime_seconds": 1.3241288749995874, "error": null}
{"seed": 3378, "kind": "convex", "n": 33, "ratio_to_baseline": 0.9999999999953147, "runtime_seconds": 0.1934043329965789, "error": null}
{"seed": 3378, "kind": "triangle", "n": 20, "ratio_to_baseline": 0.5672167814429308, "runtime_seconds": 0.17366912499710452, "error": null}
{"seed": 3378, "kind": "triangle", "n": 29, "ratio_to_baseline": 0.04548140630101518, "runtime_seconds": 1.088117917002819, "error": null}
{"seed": 3378, "kind": "square", "n": 21, "ratio_to_baseline": 0.46612744782578974, "runtime_seconds": 0.11764649999531684, "error": null}
{"seed": 3378, "kind": "square", "n": 23, "ratio_to_baseline": 0.6949929430468654, "runtime_seconds": 0.37468766599340597, "error": null}
{"seed": 3378, "kind": "square", "n": 25, "ratio_to_baseline": 0.6950548559179902, "runtime_seconds": 0.19112883399793645, "error": null}
{"seed": 3378, "kind": "square", "n": 35, "ratio_to_baseline": 0.052343311464849294, "runtime_seconds": 1.0573189170027035, "error": null}
{"seed": 3379, "kind": "convex", "n": 18, "ratio_to_baseline": 6.28419892625454e-08, "runtime_seconds": 0.045982124996953644, "error": null}
{"seed": 3379, "kind": "convex", "n": 20, "ratio_to_baseline": 0.7076525259702411, "runtime_seconds": 0.38190879199828487, "error": null}
{"seed": 3379, "kind": "convex", "n": 23, "ratio_to_baseline": 0.2501434897695994, "runtime_seconds": 0.4353659999978845, "error": null}
{"seed": 3379, "kind": "convex", "n": 25, "ratio_to_baseline": 0.6218111202846023, "runtime_seconds": 0.3034094999966328, "error": null}
{"seed": 3379, "kind": "convex", "n": 31, "ratio_to_baseline": 0.999999999989406, "runtime_seconds": 0.15930616699915845, "error": null}
{"seed": 3379, "kind": "convex", "n": 33, "ratio_to_baseline": 0.9270615264324737, "runtime_seconds": 0.9469723749934928, "error": null}
{"seed": 3379, "kind": "triangle", "n": 20, "ratio_to_baseline": 0.7365537075210766, "runtime_seconds": 0.04325920800329186, "error": null}
{"seed": 3379, "kind": "triangle", "n": 29, "ratio_to_baseline": 0.32768261883197525, "runtime_seconds": 0.4084916669962695, "error": null}
{"seed": 3379, "kind": "square", "n": 21, "ratio_to_baseline": 0.8043283123736124, "runtime_seconds": 0.14579854099429213, "error": null}
{"seed": 3379, "kind": "square", "n": 23, "ratio_to_baseline": 0.05464968434400345, "runtime_seconds": 0.4410037499983446, "error": null}
{"seed": 3379, "kind": "square", "n": 25, "ratio_to_baseline": 0.7284926850276098, "runtime_seconds": 0.2116095419987687, "error": null}
{"seed": 3379, "kind": "square", "n": 35, "ratio_to_baseline": 0.08346408761761476, "runtime_seconds": 1.8299596670040046, "error": null}
{"seed": 3380, "kind": "convex", "n": 18, "ratio_to_baseline": 0.551621696277334, "runtime_seconds": 0.17245749999710824, "error": null}
{"seed": 3380, "kind": "convex", "n": 20, "ratio_to_baseline": 0.9999999999993341, "runtime_seconds": 0.0426052919938229, "error": null}
{"seed": 3380, "kind": "convex", "n": 23, "ratio_to_baseline": 0.4298303908125404, "runtime_seconds": 0.22583949999534525, "error": null}
{"seed": 3380, "kind": "convex", "n": 25, "ratio_to_baseline": 0.5024139429939704, "runtime_seconds": 0.4763976249960251, "error": null}
{"seed": 3380, "kind": "convex", "n": 31, "ratio_to_baseline": 0.6121742898210185, "runtime_seconds": 0.9360518329995102, "error": null}
{"seed": 3380, "kind": "convex", "n": 33, "ratio_to_baseline": 0.5031139126797425, "runtime_seconds": 7.69109274999937, "error": null}
{"seed": 3380, "kind": "triangle", "n": 20, "ratio_to_baseline": 0.042995753705982145, "runtime_seconds": 0.09084770799381658, "error": null}
{"seed": 3380, "kind": "triangle", "n": 29, "ratio_to_baseline": 0.42995113888135533, "runtime_seconds": 0.8375156249967404, "error": null}
{"seed": 3380, "kind": "square", "n": 21, "ratio_to_baseline": 0.8153661945415777, "runtime_seconds": 0.12345458400523057, "error": null}
{"seed": 3380, "kind": "square", "n": 23, "ratio_to_baseline": 0.3440259361902536, "runtime_seconds": 0.19231445799960056, "error": null}
{"seed": 3380, "kind": "square", "n": 25, "ratio_to_baseline": 0.5193355115512216, "runtime_seconds": 0.32138516700069886, "error": null}
{"seed": 3380, "kind": "square", "n": 35, "ratio_to_baseline": 0.7129584263150441, "runtime_seconds": 0.7020892079963232, "error": null}
{"seed": 3381, "kind": "convex", "n": 18, "ratio_to_baseline": 0.9999999999995857, "runtime_seconds": 0.024754207996011246, "error": null}
{"seed": 3381, "kind": "convex", "n": 20, "ratio_to_baseline": 0.7146757830907058, "runtime_seconds": 0.228275166999083, "error": null}
{"seed": 3381, "kind": "convex", "n": 23, "ratio_to_baseline": 0.7341483587068767, "runtime_seconds": 0.2646562910013017, "error": null}
{"seed": 3381, "kind": "convex", "n": 25, "ratio_to_baseline": 0.16240902011755745, "runtime_seconds": 0.9437347909988603, "error": null}
{"seed": 3381, "kind": "convex", "n": 31, "ratio_to_baseline": 0.34343350133899375, "runtime_seconds": 1.6990012910027872, "error": null}
{"seed": 3381, "kind": "convex", "n": 33, "ratio_to_baseline": 0.9999999999953147, "runtime_seconds": 0.1699096250013099, "error": null}
{"seed": 3381, "kind": "triangle", "n": 20, "ratio_to_baseline": null, "runtime_seconds": 0.011337291995005216, "error": null}
{"seed": 3381, "kind": "triangle", "n": 29, "ratio_to_baseline": 0.403551952875296, "runtime_seconds": 0.40276033300324343, "error": null}
{"seed": 3381, "kind": "square", "n": 21, "ratio_to_baseline": 0.09831362201644941, "runtime_seconds": 0.1795953750042827, "error": null}
{"seed": 3381, "kind": "square", "n": 23, "ratio_to_baseline": 0.48711119935835484, "runtime_seconds": 0.14231595800083596, "error": null}
{"seed": 3381, "kind": "square", "n": 25, "ratio_to_baseline": 0.5207003768391668, "runtime_seconds": 0.9524729170007049, "error": null}
{"seed": 3381, "kind": "square", "n": 35, "ratio_to_baseline": 0.6814130518168144, "runtime_seconds": 1.1956038330026786, "error": null}
{"seed": 3382, "kind": "convex", "n": 18, "ratio_to_baseline": 0.697630991298919, "runtime_seconds": 0.12292641599924536, "error": null}
{"seed": 3382, "kind": "convex", "n": 20, "ratio_to_baseline": 0.7848599404915588, "runtime_seconds": 0.21541308400628623, "error": null}
{"seed": 3382, "kind": "convex", "n": 23, "ratio_to_baseline": 0.27966539549638203, "runtime_seconds": 0.2129153749992838, "error": null}
{"seed": 3382, "kind": "convex", "n": 25, "ratio_to_baseline": 0.7973029848075162, "runtime_seconds": 0.2967444579990115, "error": null}
{"seed": 3382, "kind": "convex", "n": 31, "ratio_to_baseline": 0.39677390515348643, "runtime_seconds": 1.3878865000006044, "error": null}
{"seed": 3382, "kind": "convex", "n": 33, "ratio_to_baseline": 0.18486525994234665, "runtime_seconds": 0.8289548329994432, "error": null}
{"seed": 3382, "kind": "triangle", "n": 20, "ratio_to_baseline": 0.5391323683061036, "runtime_seconds": 0.21642470900405897, "error": null}
{"seed": 3382, "kind": "triangle", "n": 29, "ratio_to_baseline": null, "runtime_seconds": 0.03106020799896214, "error": null}
{"seed": 3382, "kind": "square", "n": 21, "ratio_to_baseline": 0.06331494797736607, "runtime_seconds": 0.12940900000103284, "error": null}
{"seed": 3382, "kind": "square", "n": 23, "ratio_to_baseline": 0.5849991465676012, "runtime_seconds": 0.11300220799603267, "error": null}
{"seed": 3382, "kind": "square", "n": 25, "ratio_to_baseline": 0.08394337644277526, "runtime_seconds": 0.41843599999992875, "error": null}
{"seed": 3382, "kind": "square", "n": 35, "ratio_to_baseline": 0.03467284152752756, "runtime_seconds": 0.6507952500032843, "error": null}
{"seed": 3383, "kind": "convex", "n": 18, "ratio_to_baseline": 0.6829443644743705, "runtime_seconds": 0.1350999589994899, "error": null}
{"seed": 3383, "kind": "convex", "n": 20, "ratio_to_baseline": 0.8639665700706417, "runtime_seconds": 0.17850816700229188, "error": null}
{"seed": 3383, "kind": "convex", "n": 23, "ratio_to_baseline": 0.24625665717358458, "runtime_seconds": 0.2451975419971859, "error": null}
{"seed": 3383, "kind": "convex", "n": 25, "ratio_to_baseline": 0.7540604025563598, "runtime_seconds": 0.40037258300435496, "error": null}
{"seed": 3383, "kind": "convex", "n": 31, "ratio_to_baseline": 0.7996234450410882, "runtime_seconds": 1.157972625005641, "error": null}
{"seed": 3383, "kind": "convex", "n": 33, "ratio_to_baseline": 0.7216722497653076, "runtime_seconds": 3.059892999997828, "error": null}
{"seed": 3383, "kind": "triangle", "n": 20, "ratio_to_baseline": 0.7280636944381677, "runtime_seconds": 0.08775949999835575, "error": null}
{"seed": 3383, "kind": "triangle", "n": 29, "ratio_to_baseline": 0.41726924020231837, "runtime_seconds": 0.18938079099461902, "error": null}
{"seed": 3383, "kind": "square", "n": 21, "ratio_to_baseline": 0.07912379881614326, "runtime_seconds": 0.11428604200045811, "error": null}
{"seed": 3383, "kind": "square", "n": 23, "ratio_to_baseline": 0.6172683549176425, "runtime_seconds": 0.1742490840042592, "error": null}
{"seed": 3383, "kind": "square", "n": 25, "ratio_to_baseline": 0.011229538887863436, "runtime_seconds": 0.18242308400658658, "error": null}
{"seed": 3383, "kind": "square", "n": 35, "ratio_to_baseline": 0.7602691552381058, "runtime_seconds": 1.312800874999084, "error": null}
{"seed": 3384, "kind": "convex", "n": 18, "ratio_to_baseline": 0.9999999999995857, "runtime_seconds": 0.032883833002415486, "error": null}
{"seed": 3384, "kind": "convex", "n": 20, "ratio_to_baseline": 0.7532551843383242, "runtime_seconds": 0.2644834580059978, "error": null}
{"seed": 3384, "kind": "convex", "n": 23, "ratio_to_baseline": 0.2921180903468685, "runtime_seconds": 0.626324625001871, "error": null}
{"seed": 3384, "kind": "convex", "n": 25, "ratio_to_baseline": 0.9171078691220582, "runtime_seconds": 0.2172394169974723, "error": null}
{"seed": 3384, "kind": "convex", "n": 31, "ratio_to_baseline": 0.22603566635713812, "runtime_seconds": 1.5819116670027142, "error": null}
{"seed": 3384, "kind": "convex", "n": 33, "ratio_to_baseline": 0.41662890596241997, "runtime_seconds": 0.8024065839999821, "error": null}
{"seed": 3384, "kind": "triangle", "n": 20, "ratio_to_baseline": null, "runtime_seconds": 0.01479683300567558, "error": null}
{"seed": 3384, "kind": "triangle", "n": 29, "ratio_to_baseline": null, "runtime_seconds": 0.04371625000203494, "error": null}
{"seed": 3384, "kind": "square", "n": 21, "ratio_to_baseline": 0.8028755534346289, "runtime_seconds": 0.14913958300166996, "error": null}
{"seed": 3384, "kind": "square", "n": 23, "ratio_to_baseline": 0.8471774254727387, "runtime_seconds": 0.14340274999995017, "error": null}
{"seed": 3384, "kind": "square", "n": 25, "ratio_to_baseline": 0.8588366237367703, "runtime_seconds": 0.15104024999891408, "error": null}
{"seed": 3384, "kind": "square", "n": 35, "ratio_to_baseline": 0.8735409949115621, "runtime_seconds": 1.8167597909996402, "error": null}
{"seed": 3385, "kind": "convex", "n": 18, "ratio_to_baseline": 0.728635495426727, "runtime_seconds": 0.1846840419966611, "error": null}
{"seed": 3385, "kind": "convex", "n": 20, "ratio_to_baseline": 0.8078090991699817, "runtime_seconds": 0.09751824999693781, "error": null}
{"seed": 3385, "kind": "convex", "n": 23, "ratio_to_baseline": 0.7601023105845269, "runtime_seconds": 0.43247649999830173, "error": null}
{"seed": 3385, "kind": "convex", "n": 25, "ratio_to_baseline": 0.6748095163380351, "runtime_seconds": 0.39192466699751094, "error": null}
{"seed": 3385, "kind": "convex", "n": 31, "ratio_to_baseline": 0.6579619200194994, "runtime_seconds": 1.6990172500009066, "error": null}
{"seed": 3385, "kind": "convex", "n": 33, "ratio_to_baseline": 0.315400341007337, "runtime_seconds": 1.5170230829971842, "error": null}
{"seed": 3385, "kind": "triangle", "n": 20, "ratio_to_baseline": 0.6782505635641459, "runtime_seconds": 0.12508162500307662, "error": null}
{"seed": 3385, "kind": "triangle", "n": 29, "ratio_to_baseline": 0.35245675611515087, "runtime_seconds": 0.26978545900055906, "error": null}
{"seed": 3385, "kind": "square", "n": 21, "ratio_to_baseline": 0.600476755840157, "runtime_seconds": 0.38324220800132025, "error": null}
{"seed": 3385, "kind": "square", "n": 23, "ratio_to_baseline": 0.0040617298966331575, "runtime_seconds": 0.15011670799867716, "error": null}
{"seed": 3385, "kind": "square", "n": 25, "ratio_to_baseline": 0.0938513090941109, "runtime_seconds": 0.14654637499916134, "error": null}
{"seed": 3385, "kind": "square", "n": 35, "ratio_to_baseline": 0.7499485556364811, "runtime_seconds": 1.237659958002041, "error": null}
{"seed": 3386, "kind": "convex", "n": 18, "ratio_to_baseline": 0.5640989539043213, "runtime_seconds": 0.2611941659997683, "error": null}
{"seed": 3386, "kind": "convex", "n": 20, "ratio_to_baseline": 0.8198364946893083, "runtime_seconds": 0.231213499995647, "error": null}
{"seed": 3386, "kind": "convex", "n": 23, "ratio_to_baseline": 0.35384775558201337, "runtime_seconds": 0.3904904169976362, "error": null}
{"seed": 3386, "kind": "convex", "n": 25, "ratio_to_baseline": 0.6408303207882983, "runtime_seconds": 0.2935847080007079, "error": null}
{"seed": 3386, "kind": "convex", "n": 31, "ratio_to_baseline": 0.8724065894944443, "runtime_seconds": 1.313107250003668, "error": null}
{"seed": 3386, "kind": "convex", "n": 33, "ratio_to_baseline": 0.9999999999953147, "runtime_seconds": 0.17182612499891547, "error": null}
{"seed": 3386, "kind": "triangle", "n": 20, "ratio_to_baseline": 0.5828283651967379, "runtime_seconds": 0.10292866700183367, "error": null}
{"seed": 3386, "kind": "triangle", "n": 29, "ratio_to_baseline": 0.38422358203514, "runtime_seconds": 0.5906398750012158, "error": null}
{"seed": 3386, "kind": "square", "n": 21, "ratio_to_baseline": 0.4332885498057034, "runtime_seconds": 0.17111295899667311, "error": null}
{"seed": 3386, "kind": "square", "n": 23, "ratio_to_baseline": 0.0252127939105434, "runtime_seconds": 0.3644845409944537, "error": null}
{"seed": 3386, "kind": "square", "n": 25, "ratio_to_baseline": 0.502014611639409, "runtime_seconds": 0.2742654159956146, "error": null}
{"seed": 3386, "kind": "square", "n": 35, "ratio_to_baseline": 0.8337477050316612, "runtime_seconds": 1.1950106660005986, "error": null}
{"seed": 3387, "kind": "convex", "n": 18, "ratio_to_baseline": 0.7694901246171567, "runtime_seconds": 0.059370959002990276, "error": null}
{"seed": 3387, "kind": "convex", "n": 20, "ratio_to_baseline": 0.9999999999993341, "runtime_seconds": 0.046447375003481284, "error": null}
{"seed": 3387, "kind": "convex", "n": 23, "ratio_to_baseline": 0.30018372726475395, "runtime_seconds": 0.43628987499687355, "error": null}
{"seed": 3387, "kind": "convex", "n": 25, "ratio_to_baseline": 0.7432349637172302, "runtime_seconds": 0.3168667499994626, "error": null}
{"seed": 3387, "kind": "convex", "n": 31, "ratio_to_baseline": 0.6738244714447431, "runtime_seconds": 0.45273091700073564, "error": null}
{"seed": 3387, "kind": "convex", "n": 33, "ratio_to_baseline": 0.8414082902607903, "runtime_seconds": 3.1066467920027208, "error": null}
{"seed": 3387, "kind": "triangle", "n": 20, "ratio_to_baseline": 0.5871304898676699, "runtime_seconds": 0.04670412500126986, "error": null}
{"seed": 3387, "kind": "triangle", "n": 29, "ratio_to_baseline": null, "runtime_seconds": 0.033681291999528185, "error": null}
{"seed": 3387, "kind": "square", "n": 21, "ratio_to_baseline": 0.1778468968645209, "runtime_seconds": 0.10366504199919291, "error": null}
{"seed": 3387, "kind": "square", "n": 23, "ratio_to_baseline": 0.35779676682639755, "runtime_seconds": 0.1045022499965853, "error": null}
{"seed": 3387, "kind": "square", "n": 25, "ratio_to_baseline": 0.7729239731991691, "runtime_seconds": 0.5337280000021565, "error": null}
{"seed": 3387, "kind": "square", "n": 35, "ratio_to_baseline": 0.7263712564434256, "runtime_seconds": 1.8307091249953373, "error": null}
{"seed": 3388, "kind": "convex", "n": 18, "ratio_to_baseline": 0.5377391140029198, "runtime_seconds": 0.03424870799790369, "error": null}
{"seed": 3388, "kind": "convex", "n": 20, "ratio_to_baseline": 0.3592335320535864, "runtime_seconds": 0.14428320799925132, "error": null}
{"seed": 3388, "kind": "convex", "n": 23, "ratio_to_baseline": 0.9999999999998525, "runtime_seconds": 0.04529799999727402, "error": null}
{"seed": 3388, "kind": "convex", "n": 25, "ratio_to_baseline": 0.9999999999995366, "runtime_seconds": 0.05818937500589527, "error": null}
{"seed": 3388, "kind": "convex", "n": 31, "ratio_to_baseline": 0.14216282930332175, "runtime_seconds": 1.159585084002174, "error": null}
{"seed": 3388, "kind": "convex", "n": 33, "ratio_to_baseline": 0.9438781440680617, "runtime_seconds": 1.3851089589952608, "error": null}
{"seed": 3388, "kind": "triangle", "n": 20, "ratio_to_baseline": 0.762706279296357, "runtime_seconds": 0.12002733400004217, "error": null}
{"seed": 3388, "kind": "triangle", "n": 29, "ratio_to_baseline": null, "runtime_seconds": 0.04235420800250722, "error": null}
{"seed": 3388, "kind": "square", "n": 21, "ratio_to_baseline": 0.5716156699542119, "runtime_seconds": 0.09397029200044926, "error": null}
{"seed": 3388, "kind": "square", "n": 23, "ratio_to_baseline": 0.8774402435725589, "runtime_seconds": 0.2523161249991972, "error": null}
{"seed": 3388, "kind": "square", "n": 25, "ratio_to_baseline": 0.6612794450549149, "runtime_seconds": 0.7570711670050514, "error": null}
{"seed": 3388, "kind": "square", "n": 35, "ratio_to_baseline": 0.04867529548389489, "runtime_seconds": 0.6748964590005926, "error": null}
{"seed": 3389, "kind": "convex", "n": 18, "ratio_to_baseline": 0.5798506339457606, "runtime_seconds": 0.09347166699444642, "error": null}
{"seed": 3389, "kind": "convex", "n": 20, "ratio_to_baseline": 0.5635561874345333, "runtime_seconds": 0.2730095419974532, "error": null}
{"seed": 3389, "kind": "convex", "n": 23, "ratio_to_baseline": 0.9999999999998525, "runtime_seconds": 0.054423292000137735, "error": null}
{"seed": 3389, "kind": "convex", "n": 25, "ratio_to_baseline": 0.9999999999995366, "runtime_seconds": 0.06421166699874448, "error": null}
{"seed": 3389, "kind": "convex", "n": 31, "ratio_to_baseline": 0.48665272799232395, "runtime_seconds": 0.6963826670034905, "error": null}
{"seed": 3389, "kind": "convex", "n": 33, "ratio_to_baseline": 0.9120747628060255, "runtime_seconds": 0.9806758749982691, "error": null}
{"seed": 3389, "kind": "triangle", "n": 20, "ratio_to_baseline": 0.41079798080269525, "runtime_seconds": 0.06098937500064494, "error": null}
{"seed": 3389, "kind": "triangle", "n": 29, "ratio_to_baseline": 0.2352472987294145, "runtime_seconds": 0.3579082920041401, "error": null}
{"seed": 3389, "kind": "square", "n": 21, "ratio_to_baseline": 0.27924288639845235, "runtime_seconds": 0.16492687500431202, "error": null}
{"seed": 3389, "kind": "square", "n": 23, "ratio_to_baseline": 0.6885100724729423, "runtime_seconds": 0.32056208299763966, "error": null}
{"seed": 3389, "kind": "square", "n": 25, "ratio_to_baseline": 0.8271293033846202, "runtime_seconds": 0.2457009999998263, "error": null}
{"seed": 3389, "kind": "square", "n": 35, "ratio_to_baseline": 0.06122519023130678, "runtime_seconds": 0.6762976250029169, "error": null}
{"seed": 3390, "kind": "convex", "n": 18, "ratio_to_baseline": 0.7728212069392755, "runtime_seconds": 0.09932391699840082, "error": null}
{"seed": 3390, "kind": "convex", "n": 20, "ratio_to_baseline": 0.8226200799490999, "runtime_seconds": 0.1560597920033615, "error": null}
{"seed": 3390, "kind": "convex", "n": 23, "ratio_to_baseline": 0.5638642688673113, "runtime_seconds": 0.3601265409961343, "error": null}
{"seed": 3390, "kind": "convex", "n": 25, "ratio_to_baseline": 0.26907104951218097, "runtime_seconds": 0.510963584005367, "error": null}
{"seed": 3390, "kind": "convex", "n": 31, "ratio_to_baseline": 0.2655147948424648, "runtime_seconds": 0.8579887919986504, "error": null}
{"seed": 3390, "kind": "convex", "n": 33, "ratio_to_baseline": 0.535813182714909, "runtime_seconds": 1.1410047500030487, "error": null}
{"seed": 3390, "kind": "triangle", "n": 20, "ratio_to_baseline": 0.26628631931531327, "runtime_seconds": 0.31819112499943003, "error": null}
{"seed": 3390, "kind": "triangle", "n": 29, "ratio_to_baseline": 0.6698221948937394, "runtime_seconds": 0.45660399999906076, "error": null}
{"seed": 3390, "kind": "square", "n": 21, "ratio_to_baseline": 0.5350766999244886, "runtime_seconds": 0.09731399999873247, "error": null}
{"seed": 3390, "kind": "square", "n": 23, "ratio_to_baseline": 0.5932232776613733, "runtime_seconds": 0.1477013750045444, "error": null}
{"seed": 3390, "kind": "square", "n": 25, "ratio_to_baseline": 0.06751702490959431, "runtime_seconds": 0.3073202500017942, "error": null}
{"seed": 3390, "kind": "square", "n": 35, "ratio_to_baseline": 0.7134478125741428, "runtime_seconds": 1.2694285420002416, "error": null}
{"seed": 3391, "kind": "convex", "n": 18, "ratio_to_baseline": 0.5622028745903097, "runtime_seconds": 0.13486812499468215, "error": null}
{"seed": 3391, "kind": "convex", "n": 20, "ratio_to_baseline": 0.9999999999993341, "runtime_seconds": 0.03629504100535996, "error": null}
{"seed": 3391, "kind": "convex", "n": 23, "ratio_to_baseline": 0.9999999999998525, "runtime_seconds": 0.05751762500585755, "error": null}
{"seed": 3391, "kind": "convex", "n": 25, "ratio_to_baseline": 0.7663983832835692, "runtime_seconds": 0.8038502499985043, "error": null}
{"seed": 3391, "kind": "convex", "n": 31, "ratio_to_baseline": 0.25144931262921955, "runtime_seconds": 2.176706332997128, "error": null}
{"seed": 3391, "kind": "convex", "n": 33, "ratio_to_baseline": 0.9999999999953147, "runtime_seconds": 0.17354633400100283, "error": null}
{"seed": 3391, "kind": "triangle", "n": 20, "ratio_to_baseline": null, "runtime_seconds": 0.011936999995668884, "error": null}
{"seed": 3391, "kind": "triangle", "n": 29, "ratio_to_baseline": 0.9068196550055796, "runtime_seconds": 0.39709020799637074, "error": null}
{"seed": 3391, "kind": "square", "n": 21, "ratio_to_baseline": 0.8706812731277379, "runtime_seconds": 0.113961000002746, "error": null}
{"seed": 3391, "kind": "square", "n": 23, "ratio_to_baseline": 0.11656425550621265, "runtime_seconds": 0.20984154200414196, "error": null}
{"seed": 3391, "kind": "square", "n": 25, "ratio_to_baseline": 0.07565460697228348, "runtime_seconds": 0.31334387500101, "error": null}
{"seed": 3391, "kind": "square", "n": 35, "ratio_to_baseline": 0.5448217337116918, "runtime_seconds": 0.8157039589932538, "error": null}
{"seed": 3392, "kind": "convex", "n": 18, "ratio_to_baseline": 0.6166902059085588, "runtime_seconds": 0.11480166699766414, "error": null}
{"seed": 3392, "kind": "convex", "n": 20, "ratio_to_baseline": 0.5930265302650377, "runtime_seconds": 0.07937020900135394, "error": null}
{"seed": 3392, "kind": "convex", "n": 23, "ratio_to_baseline": 0.6866845771154836, "runtime_seconds": 0.4374035000000731, "error": null}
{"seed": 3392, "kind": "convex", "n": 25, "ratio_to_baseline": 0.9999999999995366, "runtime_seconds": 0.07102620899968315, "error": null}
{"seed": 3392, "kind": "convex", "n": 31, "ratio_to_baseline": 0.27077777440784795, "runtime_seconds": 0.7970738750009332, "error": null}
{"seed": 3392, "kind": "convex", "n": 33, "ratio_to_baseline": 0.9999999999953147, "runtime_seconds": 0.20404095800040523, "error": null}
{"seed": 3392, "kind": "triangle", "n": 20, "ratio_to_baseline": 0.9277784146310528, "runtime_seconds": 0.06012633299542358, "error": null}
{"seed": 3392, "kind": "triangle", "n": 29, "ratio_to_baseline": 0.6679550987394074, "runtime_seconds": 0.33722666700487025, "error": null}
{"seed": 3392, "kind": "square", "n": 21, "ratio_to_baseline": 0.1167674919537112, "runtime_seconds": 0.11152958300226601, "error": null}
{"seed": 3392, "kind": "square", "n": 23, "ratio_to_baseline": 0.5450091282396182, "runtime_seconds": 0.222189583000727, "error": null}
{"seed": 3392, "kind": "square", "n": 25, "ratio_to_baseline": 0.848718322698826, "runtime_seconds": 0.27815225000085775, "error": null}
{"seed": 3392, "kind": "square", "n": 35, "ratio_to_baseline": 0.888653445951398, "runtime_seconds": 0.892071832997317, "error": null}
{"seed": 3393, "kind": "convex", "n": 18, "ratio_to_baseline": 0.9999999999995857, "runtime_seconds": 0.03142374999879394, "error": null}
{"seed": 3393, "kind": "convex", "n": 20, "ratio_to_baseline": 0.8459935775733765, "runtime_seconds": 0.23863033299858216, "error": null}
{"seed": 3393, "kind": "convex", "n": 23, "ratio_to_baseline": 0.7529755528887638, "runtime_seconds": 0.2686784580000676, "error": null}
{"seed": 3393, "kind": "convex", "n": 25, "ratio_to_baseline": 0.7664657314232499, "runtime_seconds": 0.8464049169997452, "error": null}
{"seed": 3393, "kind": "convex", "n": 31, "ratio_to_baseline": 0.7323620821829258, "runtime_seconds": 0.8144539589993656, "error": null}
{"seed": 3393, "kind": "convex", "n": 33, "ratio_to_baseline": 0.9999999999953147, "runtime_seconds": 0.15995933300291654, "error": null}
{"seed": 3393, "kind": "triangle", "n": 20, "ratio_to_baseline": 0.5324566202436983, "runtime_seconds": 0.3440276669934974, "error": null}
{"seed": 3393, "kind": "triangle", "n": 29, "ratio_to_baseline": 0.3575812889906708, "runtime_seconds": 0.8625143339959322, "error": null}
{"seed": 3393, "kind": "square", "n": 21, "ratio_to_baseline": 0.07648970286200855, "runtime_seconds": 0.1622429999988526, "error": null}
{"seed": 3393, "kind": "square", "n": 23, "ratio_to_baseline": 0.8405830897823796, "runtime_seconds": 0.21866991700517246, "error": null}
{"seed": 3393, "kind": "square", "n": 25, "ratio_to_baseline": 0.08658453309665115, "runtime_seconds": 0.4165837079999619, "error": null}
{"seed": 3393, "kind": "square", "n": 35, "ratio_to_baseline": 0.8115951006977882, "runtime_seconds": 1.308799792001082, "error": null}
{"seed": 3394, "kind": "convex", "n": 18, "ratio_to_baseline": 0.5441706449209647, "runtime_seconds": 0.08330908400239423, "error": null}
{"seed": 3394, "kind": "convex", "n": 20, "ratio_to_baseline": 0.5930275995243552, "runtime_seconds": 0.07073191700328607, "error": null}
{"seed": 3394, "kind": "convex", "n": 23, "ratio_to_baseline": 0.2840896065845773, "runtime_seconds": 0.2584462919985526, "error": null}
{"seed": 3394, "kind": "convex", "n": 25, "ratio_to_baseline": 0.6243329385674097, "runtime_seconds": 0.48814716700144345, "error": null}
{"seed": 3394, "kind": "convex", "n": 31, "ratio_to_baseline": 0.999999999989406, "runtime_seconds": 0.15880716699757613, "error": null}
{"seed": 3394, "kind": "convex", "n": 33, "ratio_to_baseline": 0.6750230807354743, "runtime_seconds": 0.982241999998223, "error": null}
{"seed": 3394, "kind": "triangle", "n": 20, "ratio_to_baseline": 0.927778223351152, "runtime_seconds": 0.0688926660004654, "error": null}
{"seed": 3394, "kind": "triangle", "n": 29, "ratio_to_baseline": 0.3564621359190421, "runtime_seconds": 0.5687030410044827, "error": null}
{"seed": 3394, "kind": "square", "n": 21, "ratio_to_baseline": 0.7583421133513388, "runtime_seconds": 0.2537310410043574, "error": null}
{"seed": 3394, "kind": "square", "n": 23, "ratio_to_baseline": 0.7306089913679127, "runtime_seconds": 0.3973587500004214, "error": null}
{"seed": 3394, "kind": "square", "n": 25, "ratio_to_baseline": 0.6287251381294847, "runtime_seconds": 0.34051395800634054, "error": null}
{"seed": 3394, "kind": "square", "n": 35, "ratio_to_baseline": 0.8503842381331029, "runtime_seconds": 1.4209882909999578, "error": null}
{"seed": 3395, "kind": "convex", "n": 18, "ratio_to_baseline": 0.5116564439817134, "runtime_seconds": 0.09136962499906076, "error": null}
{"seed": 3395, "kind": "convex", "n": 20, "ratio_to_baseline": 0.6706163088143751, "runtime_seconds": 0.9712537919986062, "error": null}
{"seed": 3395, "kind": "convex", "n": 23, "ratio_to_baseline": 0.9999999999998525, "runtime_seconds": 0.05884558300022036, "error": null}
{"seed": 3395, "kind": "convex", "n": 25, "ratio_to_baseline": 0.5541006425743057, "runtime_seconds": 0.3513336249961867, "error": null}
{"seed": 3395, "kind": "convex", "n": 31, "ratio_to_baseline": 0.999999999989406, "runtime_seconds": 0.12343383400002494, "error": null}
{"seed": 3395, "kind": "convex", "n": 33, "ratio_to_baseline": 0.8698193185435366, "runtime_seconds": 2.6920238329985295, "error": null}
{"seed": 3395, "kind": "triangle", "n": 20, "ratio_to_baseline": 0.3933809580924013, "runtime_seconds": 0.18306195799959823, "error": null}
{"seed": 3395, "kind": "triangle", "n": 29, "ratio_to_baseline": 0.4049449964156247, "runtime_seconds": 0.2793954999942798, "error": null}
{"seed": 3395, "kind": "square", "n": 21, "ratio_to_baseline": 0.8837364817925363, "runtime_seconds": 0.4524719999972149, "error": null}
{"seed": 3395, "kind": "square", "n": 23, "ratio_to_baseline": 0.08088241693920878, "runtime_seconds": 0.5559326670045266, "error": null}
{"seed": 3395, "kind": "square", "n": 25, "ratio_to_baseline": 0.8390967756478579, "runtime_seconds": 0.2564316670031985, "error": null}
{"seed": 3395, "kind": "square", "n": 35, "ratio_to_baseline": 0.5444817780100436, "runtime_seconds": 1.9256902080014697, "error": null}
{"seed": 3396, "kind": "convex", "n": 18, "ratio_to_baseline": 0.5117492118151757, "runtime_seconds": 0.09367316600400954, "error": null}
{"seed": 3396, "kind": "convex", "n": 20, "ratio_to_baseline": 0.9999999999993341, "runtime_seconds": 0.04570833400066476, "error": null}
{"seed": 3396, "kind": "convex", "n": 23, "ratio_to_baseline": 0.42983193794585667, "runtime_seconds": 0.24745887499739183, "error": null}
{"seed": 3396, "kind": "convex", "n": 25, "ratio_to_baseline": 0.2063786712086745, "runtime_seconds": 1.2625197499946808, "error": null}
{"seed": 3396, "kind": "convex", "n": 31, "ratio_to_baseline": 0.999999999989406, "runtime_seconds": 0.1314185000010184, "error": null}
{"seed": 3396, "kind": "convex", "n": 33, "ratio_to_baseline": 0.9999999999953147, "runtime_seconds": 0.16043533400079468, "error": null}
{"seed": 3396, "kind": "triangle", "n": 20, "ratio_to_baseline": 0.780944399978242, "runtime_seconds": 0.12542233300337102, "error": null}
{"seed": 3396, "kind": "triangle", "n": 29, "ratio_to_baseline": 0.8769963598110194, "runtime_seconds": 0.6128169169969624, "error": null}
{"seed": 3396, "kind": "square", "n": 21, "ratio_to_baseline": 0.0750798260382933, "runtime_seconds": 0.11158033399988199, "error": null}
{"seed": 3396, "kind": "square", "n": 23, "ratio_to_baseline": 0.33189415654196697, "runtime_seconds": 0.21862799999507843, "error": null}
{"seed": 3396, "kind": "square", "n": 25, "ratio_to_baseline": 0.03664170264500762, "runtime_seconds": 0.28724029200384393, "error": null}
{"seed": 3396, "kind": "square", "n": 35, "ratio_to_baseline": 0.5980635041424082, "runtime_seconds": 1.4584243749995949, "error": null}
{"seed": 3397, "kind": "convex", "n": 18, "ratio_to_baseline": 0.7029555631276034, "runtime_seconds": 0.2247752080002101, "error": null}
{"seed": 3397, "kind": "convex", "n": 20, "ratio_to_baseline": 0.6020512571383135, "runtime_seconds": 0.20853004200034775, "error": null}
{"seed": 3397, "kind": "convex", "n": 23, "ratio_to_baseline": 0.3112812226813236, "runtime_seconds": 0.4455334580052295, "error": null}
{"seed": 3397, "kind": "convex", "n": 25, "ratio_to_baseline": 0.9999999999995366, "runtime_seconds": 0.08426437500020256, "error": null}
{"seed": 3397, "kind": "convex", "n": 31, "ratio_to_baseline": 0.1718987589895164, "runtime_seconds": 1.5040915829958976, "error": null}
{"seed": 3397, "kind": "convex", "n": 33, "ratio_to_baseline": 0.7532970339852844, "runtime_seconds": 2.2788828339980682, "error": null}
{"seed": 3397, "kind": "triangle", "n": 20, "ratio_to_baseline": 0.5411533093802486, "runtime_seconds": 0.17123949999950128, "error": null}
{"seed": 3397, "kind": "triangle", "n": 29, "ratio_to_baseline": null, "runtime_seconds": 0.05009770800097613, "error": null}
{"seed": 3397, "kind": "square", "n": 21, "ratio_to_baseline": 0.22810602742248412, "runtime_seconds": 0.1035343749972526, "error": null}
{"seed": 3397, "kind": "square", "n": 23, "ratio_to_baseline": 0.5324536763861613, "runtime_seconds": 0.187985958000354, "error": null}
{"seed": 3397, "kind": "square", "n": 25, "ratio_to_baseline": 0.6630442682599653, "runtime_seconds": 0.6808620000010706, "error": null}
{"seed": 3397, "kind": "square", "n": 35, "ratio_to_baseline": 0.5658669225070593, "runtime_seconds": 2.1183434999984456, "error": null}
{"seed": 3398, "kind": "convex", "n": 18, "ratio_to_baseline": 0.9999999999995857, "runtime_seconds": 0.029715583004872315, "error": null}
{"seed": 3398, "kind": "convex", "n": 20, "ratio_to_baseline": 0.8274977644030634, "runtime_seconds": 0.12954837500001304, "error": null}
{"seed": 3398, "kind": "convex", "n": 23, "ratio_to_baseline": 0.6195973955840819, "runtime_seconds": 0.4400017090010806, "error": null}
{"seed": 3398, "kind": "convex", "n": 25, "ratio_to_baseline": 0.7540531641413468, "runtime_seconds": 0.490019917000609, "error": null}
{"seed": 3398, "kind": "convex", "n": 31, "ratio_to_baseline": 0.5006141625631051, "runtime_seconds": 1.4369205410039285, "error": null}
{"seed": 3398, "kind": "convex", "n": 33, "ratio_to_baseline": 0.14895064508159905, "runtime_seconds": 1.0871524999965914, "error": null}
{"seed": 3398, "kind": "triangle", "n": 20, "ratio_to_baseline": 0.029220686749007498, "runtime_seconds": 0.24904508300096495, "error": null}
{"seed": 3398, "kind": "triangle", "n": 29, "ratio_to_baseline": 0.30531005347884, "runtime_seconds": 0.23793687500437954, "error": null}
{"seed": 3398, "kind": "square", "n": 21, "ratio_to_baseline": 0.08393988070755684, "runtime_seconds": 0.1048049169985461, "error": null}
{"seed": 3398, "kind": "square", "n": 23, "ratio_to_baseline": 0.7779160488862359, "runtime_seconds": 0.5489895419959794, "error": null}
{"seed": 3398, "kind": "square", "n": 25, "ratio_to_baseline": 0.07308119994928546, "runtime_seconds": 0.1699494999993476, "error": null}
{"seed": 3398, "kind": "square", "n": 35, "ratio_to_baseline": 0.033536286582020035, "runtime_seconds": 1.0288546250012587, "error": null}
{"seed": 3399, "kind": "convex", "n": 18, "ratio_to_baseline": 0.756151194839434, "runtime_seconds": 0.2314827080044779, "error": null}
{"seed": 3399, "kind": "convex", "n": 20, "ratio_to_baseline": 0.7242774509691963, "runtime_seconds": 0.11168770800577477, "error": null}
{"seed": 3399, "kind": "convex", "n": 23, "ratio_to_baseline": 0.6419269779370844, "runtime_seconds": 0.26393933299550554, "error": null}
{"seed": 3399, "kind": "convex", "n": 25, "ratio_to_baseline": 0.32317066411632916, "runtime_seconds": 0.4177231249996112, "error": null}
{"seed": 3399, "kind": "convex", "n": 31, "ratio_to_baseline": 0.08767677507830965, "runtime_seconds": 1.4930459579991293, "error": null}
{"seed": 3399, "kind": "convex", "n": 33, "ratio_to_baseline": 0.8170140683920746, "runtime_seconds": 1.078360707993852, "error": null}
{"seed": 3399, "kind": "triangle", "n": 20, "ratio_to_baseline": 0.6343932891245864, "runtime_seconds": 0.08959408299415372, "error": null}
{"seed": 3399, "kind": "triangle", "n": 29, "ratio_to_baseline": 0.44191686043850054, "runtime_seconds": 0.5299110829946585, "error": null}
{"seed": 3399, "kind": "square", "n": 21, "ratio_to_baseline": 0.805424402806404, "runtime_seconds": 0.2976923749956768, "error": null}
{"seed": 3399, "kind": "square", "n": 23, "ratio_to_baseline": 0.8154690417452457, "runtime_seconds": 0.18111470800067764, "error": null}
{"seed": 3399, "kind": "square", "n": 25, "ratio_to_baseline": 0.8680802272414299, "runtime_seconds": 0.4770137080049608, "error": null}
{"seed": 3399, "kind": "square", "n": 35, "ratio_to_baseline": 0.568831844332754, "runtime_seconds": 0.8925334590021521, "error": null}
{"seed": 3400, "kind": "convex", "n": 18, "ratio_to_baseline": 0.9999999999995857, "runtime_seconds": 0.029399875005765352, "error": null}
{"seed": 3400, "kind": "convex", "n": 20, "ratio_to_baseline": 0.670702579360583, "runtime_seconds": 1.091994041998987, "error": null}
{"seed": 3400, "kind": "convex", "n": 23, "ratio_to_baseline": 0.9999999999998525, "runtime_seconds": 0.07296437500190223, "error": null}
{"seed": 3400, "kind": "convex", "n": 25, "ratio_to_baseline": 0.20217591562454743, "runtime_seconds": 0.5158230419983738, "error": null}
{"seed": 3400, "kind": "convex", "n": 31, "ratio_to_baseline": 0.22304359521529668, "runtime_seconds": 1.0027242090000072, "error": null}
{"seed": 3400, "kind": "convex", "n": 33, "ratio_to_baseline": 0.7483332361629776, "runtime_seconds": 1.5755812089992105, "error": null}
{"seed": 3400, "kind": "triangle", "n": 20, "ratio_to_baseline": 0.3583068744503102, "runtime_seconds": 0.13573541700316127, "error": null}
{"seed": 3400, "kind": "triangle", "n": 29, "ratio_to_baseline": null, "runtime_seconds": 0.033593957996345125, "error": null}
{"seed": 3400, "kind": "square", "n": 21, "ratio_to_baseline": 0.1679236533142702, "runtime_seconds": 0.33194233299582265, "error": null}
{"seed": 3400, "kind": "square", "n": 23, "ratio_to_baseline": 0.04925578696737231, "runtime_seconds": 0.5007207909948193, "error": null}
{"seed": 3400, "kind": "square", "n": 25, "ratio_to_baseline": 0.02247817315823892, "runtime_seconds": 0.73793754199869, "error": null}
{"seed": 3400, "kind": "square", "n": 35, "ratio_to_baseline": 0.05582802642379623, "runtime_seconds": 0.7410578749986598, "error": null}
{"seed": 3401, "kind": "convex", "n": 18, "ratio_to_baseline": 0.5286455095888476, "runtime_seconds": 0.10770720800064737, "error": null}
{"seed": 3401, "kind": "convex", "n": 20, "ratio_to_baseline": 0.9999999999993341, "runtime_seconds": 0.03208470800018404, "error": null}
{"seed": 3401, "kind": "convex", "n": 23, "ratio_to_baseline": 0.8565090691312071, "runtime_seconds": 0.62960570899304, "error": null}
{"seed": 3401, "kind": "convex", "n": 25, "ratio_to_baseline": 0.12772809020692574, "runtime_seconds": 0.6025010829980602, "error": null}
{"seed": 3401, "kind": "convex", "n": 31, "ratio_to_baseline": 0.5027579862534374, "runtime_seconds": 1.6174492909995024, "error": null}
{"seed": 3401, "kind": "convex", "n": 33, "ratio_to_baseline": 0.40468897321217456, "runtime_seconds": 1.145804167004826, "error": null}
{"seed": 3401, "kind": "triangle", "n": 20, "ratio_to_baseline": 0.4650666721364364, "runtime_seconds": 0.08074229200428817, "error": null}
{"seed": 3401, "kind": "triangle", "n": 29, "ratio_to_baseline": 0.725821593007789, "runtime_seconds": 0.44837050000205636, "error": null}
{"seed": 3401, "kind": "square", "n": 21, "ratio_to_baseline": 0.11478090738627522, "runtime_seconds": 0.12830458400276257, "error": null}
{"seed": 3401, "kind": "square", "n": 23, "ratio_to_baseline": 0.1288555744319831, "runtime_seconds": 0.3091011249998701, "error": null}
{"seed": 3401, "kind": "square", "n": 25, "ratio_to_baseline": 0.6500560238112321, "runtime_seconds": 0.28755412500322564, "error": null}
{"seed": 3401, "kind": "square", "n": 35, "ratio_to_baseline": 0.7095041725115441, "runtime_seconds": 0.9796713339965208, "error": null}
{"seed": 3402, "kind": "convex", "n": 18, "ratio_to_baseline": 0.9999999999995857, "runtime_seconds": 0.02562058300100034, "error": null}
{"seed": 3402, "kind": "convex", "n": 20, "ratio_to_baseline": 0.8340666590877496, "runtime_seconds": 0.19041070799721638, "error": null}
{"seed": 3402, "kind": "convex", "n": 23, "ratio_to_baseline": 0.7546038008677584, "runtime_seconds": 0.5401162919952185, "error": null}
{"seed": 3402, "kind": "convex", "n": 25, "ratio_to_baseline": 0.7877022836610568, "runtime_seconds": 0.5299108330000308, "error": null}
{"seed": 3402, "kind": "convex", "n": 31, "ratio_to_baseline": 0.150612630653346, "runtime_seconds": 1.629732082998089, "error": null}
{"seed": 3402, "kind": "convex", "n": 33, "ratio_to_baseline": 0.43745683608918484, "runtime_seconds": 1.3977507499948842, "error": null}
{"seed": 3402, "kind": "triangle", "n": 20, "ratio_to_baseline": null, "runtime_seconds": 0.01316683299955912, "error": null}
{"seed": 3402, "kind": "triangle", "n": 29, "ratio_to_baseline": 0.612120819284732, "runtime_seconds": 0.5308445000046049, "error": null}
{"seed": 3402, "kind": "square", "n": 21, "ratio_to_baseline": 0.5251424824608113, "runtime_seconds": 0.21525575000123354, "error": null}
{"seed": 3402, "kind": "square", "n": 23, "ratio_to_baseline": 0.5883336808913063, "runtime_seconds": 0.3028928339990671, "error": null}
{"seed": 3402, "kind": "square", "n": 25, "ratio_to_baseline": 0.05434945413415749, "runtime_seconds": 0.259028667001985, "error": null}
{"seed": 3402, "kind": "square", "n": 35, "ratio_to_baseline": 0.9331511431390227, "runtime_seconds": 1.1042631670061382, "error": null}
{"seed": 3403, "kind": "convex", "n": 18, "ratio_to_baseline": 0.9999999999995857, "runtime_seconds": 0.023880291999375913, "error": null}
{"seed": 3403, "kind": "convex", "n": 20, "ratio_to_baseline": 0.6986486521758889, "runtime_seconds": 0.42567474999668775, "error": null}
{"seed": 3403, "kind": "convex", "n": 23, "ratio_to_baseline": 0.2202933647638045, "runtime_seconds": 0.2888830410010996, "error": null}
{"seed": 3403, "kind": "convex", "n": 25, "ratio_to_baseline": 0.7942941598567728, "runtime_seconds": 0.26146137499745237, "error": null}
{"seed": 3403, "kind": "convex", "n": 31, "ratio_to_baseline": 0.8547429579003577, "runtime_seconds": 1.6916872079964378, "error": null}
{"seed": 3403, "kind": "convex", "n": 33, "ratio_to_baseline": 0.5455349201072729, "runtime_seconds": 1.4667919579951558, "error": null}
{"seed": 3403, "kind": "triangle", "n": 20, "ratio_to_baseline": null, "runtime_seconds": 0.016889124999579508, "error": null}
{"seed": 3403, "kind": "triangle", "n": 29, "ratio_to_baseline": 0.060750269818724806, "runtime_seconds": 0.9396997080039, "error": null}
{"seed": 3403, "kind": "square", "n": 21, "ratio_to_baseline": 0.7836229290286456, "runtime_seconds": 0.23033891699742526, "error": null}
{"seed": 3403, "kind": "square", "n": 23, "ratio_to_baseline": 0.6906177552171495, "runtime_seconds": 0.13931008300278336, "error": null}
{"seed": 3403, "kind": "square", "n": 25, "ratio_to_baseline": 0.04838670751931055, "runtime_seconds": 0.15825583299738355, "error": null}
{"seed": 3403, "kind": "square", "n": 35, "ratio_to_baseline": 0.08321369477485882, "runtime_seconds": 0.9935335000045598, "error": null}
{"seed": 3404, "kind": "convex", "n": 18, "ratio_to_baseline": 0.6621270426757441, "runtime_seconds": 0.14596762500150362, "error": null}
{"seed": 3404, "kind": "convex", "n": 20, "ratio_to_baseline": 0.6191665157433877, "runtime_seconds": 0.16122604200063506, "error": null}
{"seed": 3404, "kind": "convex", "n": 23, "ratio_to_baseline": 0.5003587789942603, "runtime_seconds": 0.7073170420044335, "error": null}
{"seed": 3404, "kind": "convex", "n": 25, "ratio_to_baseline": 0.7545992587500125, "runtime_seconds": 0.2809609590040054, "error": null}
{"seed": 3404, "kind": "convex", "n": 31, "ratio_to_baseline": 0.7305389447589012, "runtime_seconds": 0.5247528339968994, "error": null}
{"seed": 3404, "kind": "convex", "n": 33, "ratio_to_baseline": 0.9999999999953147, "runtime_seconds": 0.19447837500047171, "error": null}
{"seed": 3404, "kind": "triangle", "n": 20, "ratio_to_baseline": 0.3654213243364762, "runtime_seconds": 0.11416020899923751, "error": null}
{"seed": 3404, "kind": "triangle", "n": 29, "ratio_to_baseline": 0.881336229580735, "runtime_seconds": 0.21957737500633812, "error": null}
{"seed": 3404, "kind": "square", "n": 21, "ratio_to_baseline": 0.1029354060384477, "runtime_seconds": 0.12414724999689497, "error": null}
{"seed": 3404, "kind": "square", "n": 23, "ratio_to_baseline": 0.5889788394837462, "runtime_seconds": 0.3677157080019242, "error": null}
{"seed": 3404, "kind": "square", "n": 25, "ratio_to_baseline": 0.8491048600122022, "runtime_seconds": 0.24574099999881582, "error": null}
{"seed": 3404, "kind": "square", "n": 35, "ratio_to_baseline": 0.43674646607729095, "runtime_seconds": 0.9816579170001205, "error": null}
{"seed": 3405, "kind": "convex", "n": 18, "ratio_to_baseline": 0.5494870940259371, "runtime_seconds": 0.15325437499996042, "error": null}
{"seed": 3405, "kind": "convex", "n": 20, "ratio_to_baseline": 0.586299585655701, "runtime_seconds": 0.11918245899869362, "error": null}
{"seed": 3405, "kind": "convex", "n": 23, "ratio_to_baseline": 0.17458574750407943, "runtime_seconds": 0.28401008400396677, "error": null}
{"seed": 3405, "kind": "convex", "n": 25, "ratio_to_baseline": 0.007813934535499957, "runtime_seconds": 0.29683937500522006, "error": null}
{"seed": 3405, "kind": "convex", "n": 31, "ratio_to_baseline": 0.11752315730636274, "runtime_seconds": 0.7795737920023385, "error": null}
{"seed": 3405, "kind": "convex", "n": 33, "ratio_to_baseline": 0.9999999999953147, "runtime_seconds": 0.18104454199783504, "error": null}
{"seed": 3405, "kind": "triangle", "n": 20, "ratio_to_baseline": 0.5672144138285887, "runtime_seconds": 0.16716862499743002, "error": null}
{"seed": 3405, "kind": "triangle", "n": 29, "ratio_to_baseline": 0.23463425159457885, "runtime_seconds": 0.32535591600026237, "error": null}
{"seed": 3405, "kind": "square", "n": 21, "ratio_to_baseline": 0.7366989346070191, "runtime_seconds": 0.21591841699409997, "error": null}
{"seed": 3405, "kind": "square", "n": 23, "ratio_to_baseline": 0.0849886020829063, "runtime_seconds": 0.2854046249995008, "error": null}
{"seed": 3405, "kind": "square", "n": 25, "ratio_to_baseline": 0.7825367775544283, "runtime_seconds": 0.3114430830028141, "error": null}
{"seed": 3405, "kind": "square", "n": 35, "ratio_to_baseline": 0.7205660502822928, "runtime_seconds": 1.4057489999977406, "error": null}
{"seed": 3406, "kind": "convex", "n": 18, "ratio_to_baseline": 0.6991769901301421, "runtime_seconds": 0.2731792080012383, "error": null}
{"seed": 3406, "kind": "convex", "n": 20, "ratio_to_baseline": 0.811067401607648, "runtime_seconds": 0.1808075830049347, "error": null}
{"seed": 3406, "kind": "convex", "n": 23, "ratio_to_baseline": 0.30457437744023264, "runtime_seconds": 0.42830066599708516, "error": null}
{"seed": 3406, "kind": "convex", "n": 25, "ratio_to_baseline": 0.9999999999995366, "runtime_seconds": 0.07389508299820591, "error": null}
{"seed": 3406, "kind": "convex", "n": 31, "ratio_to_baseline": 0.6741653865341121, "runtime_seconds": 2.6440082080007414, "error": null}
{"seed": 3406, "kind": "convex", "n": 33, "ratio_to_baseline": 0.42477569681234484, "runtime_seconds": 1.143414208003378, "error": null}
{"seed": 3406, "kind": "triangle", "n": 20, "ratio_to_baseline": 0.5513410059745938, "runtime_seconds": 0.07182887499948265, "error": null}
{"seed": 3406, "kind": "triangle", "n": 29, "ratio_to_baseline": 0.6729412743407386, "runtime_seconds": 0.6231502920054481, "error": null}
{"seed": 3406, "kind": "square", "n": 21, "ratio_to_baseline": 0.8484440562662358, "runtime_seconds": 0.13638750000245636, "error": null}
{"seed": 3406, "kind": "square", "n": 23, "ratio_to_baseline": 0.6124639012896927, "runtime_seconds": 0.24545575000229292, "error": null}
{"seed": 3406, "kind": "square", "n": 25, "ratio_to_baseline": 0.651795749090194, "runtime_seconds": 0.6203888750023907, "error": null}
{"seed": 3406, "kind": "square", "n": 35, "ratio_to_baseline": 0.05950300048590104, "runtime_seconds": 1.10362958299811, "error": null}
{"seed": 3407, "kind": "convex", "n": 18, "ratio_to_baseline": 0.6325202398363482, "runtime_seconds": 0.07406258300034096, "error": null}
{"seed": 3407, "kind": "convex", "n": 20, "ratio_to_baseline": 0.8408635130879205, "runtime_seconds": 0.36176483300369, "error": null}
{"seed": 3407, "kind": "convex", "n": 23, "ratio_to_baseline": 0.632228922649946, "runtime_seconds": 0.1688405419990886, "error": null}
{"seed": 3407, "kind": "convex", "n": 25, "ratio_to_baseline": 0.14930595737420652, "runtime_seconds": 0.37377179200120736, "error": null}
{"seed": 3407, "kind": "convex", "n": 31, "ratio_to_baseline": 0.999999999989406, "runtime_seconds": 0.1156858749964158, "error": null}
{"seed": 3407, "kind": "convex", "n": 33, "ratio_to_baseline": 0.465261950509177, "runtime_seconds": 0.5053065409956616, "error": null}
{"seed": 3407, "kind": "triangle", "n": 20, "ratio_to_baseline": 0.6176900907778001, "runtime_seconds": 0.08947270899807336, "error": null}
{"seed": 3407, "kind": "triangle", "n": 29, "ratio_to_baseline": 0.4180255761437511, "runtime_seconds": 0.744140916998731, "error": null}
{"seed": 3407, "kind": "square", "n": 21, "ratio_to_baseline": 0.0422492707620061, "runtime_seconds": 0.13746687499951804, "error": null}
{"seed": 3407, "kind": "square", "n": 23, "ratio_to_baseline": 0.7591737967886957, "runtime_seconds": 0.1956070419983007, "error": null}
{"seed": 3407, "kind": "square", "n": 25, "ratio_to_baseline": 0.5574042029157719, "runtime_seconds": 0.2957119999991846, "error": null}
{"seed": 3407, "kind": "square", "n": 35, "ratio_to_baseline": 0.060350260546667873, "runtime_seconds": 1.1099946659960551, "error": null}
{"seed": 3408, "kind": "convex", "n": 18, "ratio_to_baseline": 0.8002935339631148, "runtime_seconds": 0.0766039170048316, "error": null}
{"seed": 3408, "kind": "convex", "n": 20, "ratio_to_baseline": 0.815144806515314, "runtime_seconds": 0.19826825000200188, "error": null}
{"seed": 3408, "kind": "convex", "n": 23, "ratio_to_baseline": 0.9999999999998525, "runtime_seconds": 0.06322345799708273, "error": null}
{"seed": 3408, "kind": "convex", "n": 25, "ratio_to_baseline": 0.07618158470548478, "runtime_seconds": 0.4136647079940303, "error": null}
{"seed": 3408, "kind": "convex", "n": 31, "ratio_to_baseline": 0.31205115075813256, "runtime_seconds": 0.8946877499984112, "error": null}
{"seed": 3408, "kind": "convex", "n": 33, "ratio_to_baseline": 0.20763576878524964, "runtime_seconds": 0.9913912909978535, "error": null}
{"seed": 3408, "kind": "triangle", "n": 20, "ratio_to_baseline": 0.7610936233463831, "runtime_seconds": 0.06473087499762187, "error": null}
{"seed": 3408, "kind": "triangle", "n": 29, "ratio_to_baseline": 0.038468479650100695, "runtime_seconds": 0.24737916600133758, "error": null}
{"seed": 3408, "kind": "square", "n": 21, "ratio_to_baseline": 0.3970506089586804, "runtime_seconds": 0.12935354199726135, "error": null}
{"seed": 3408, "kind": "square", "n": 23, "ratio_to_baseline": 0.809469216428066, "runtime_seconds": 0.22340020800038474, "error": null}
{"seed": 3408, "kind": "square", "n": 25, "ratio_to_baseline": 0.7004221123154211, "runtime_seconds": 0.7285421249980573, "error": null}
{"seed": 3408, "kind": "square", "n": 35, "ratio_to_baseline": 0.033840084330027595, "runtime_seconds": 0.6132170420023613, "error": null}
{"seed": 3409, "kind": "convex", "n": 18, "ratio_to_baseline": 0.5377391110771211, "runtime_seconds": 0.04100879199540941, "error": null}
{"seed": 3409, "kind": "convex", "n": 20, "ratio_to_baseline": 0.8634626663298864, "runtime_seconds": 0.13149791599425953, "error": null}
{"seed": 3409, "kind": "convex", "n": 23, "ratio_to_baseline": 0.27481834758726, "runtime_seconds": 0.17651133299659705, "error": null}
{"seed": 3409, "kind": "convex", "n": 25, "ratio_to_baseline": 0.6641557218749943, "runtime_seconds": 0.3845217499983846, "error": null}
{"seed": 3409, "kind": "convex", "n": 31, "ratio_to_baseline": 0.30160931113029, "runtime_seconds": 0.6750009159950423, "error": null}
{"seed": 3409, "kind": "convex", "n": 33, "ratio_to_baseline": 0.6618467298348047, "runtime_seconds": 1.2099484170030337, "error": null}
{"seed": 3409, "kind": "triangle", "n": 20, "ratio_to_baseline": 0.16711751718759887, "runtime_seconds": 0.07280875000287779, "error": null}
{"seed": 3409, "kind": "triangle", "n": 29, "ratio_to_baseline": 0.430124237389702, "runtime_seconds": 0.653879291996418, "error": null}
{"seed": 3409, "kind": "square", "n": 21, "ratio_to_baseline": 0.444656535931422, "runtime_seconds": 0.5141803750011604, "error": null}
{"seed": 3409, "kind": "square", "n": 23, "ratio_to_baseline": 0.8114126817857973, "runtime_seconds": 0.35898608299612533, "error": null}
{"seed": 3409, "kind": "square", "n": 25, "ratio_to_baseline": 0.6608028117611653, "runtime_seconds": 0.5297070829983568, "error": null}
{"seed": 3409, "kind": "square", "n": 35, "ratio_to_baseline": 0.33891306845828517, "runtime_seconds": 0.7676984169956995, "error": null}
{"seed": 3410, "kind": "convex", "n": 18, "ratio_to_baseline": 0.6959523345261098, "runtime_seconds": 0.10774295800365508, "error": null}
{"seed": 3410, "kind": "convex", "n": 20, "ratio_to_baseline": 0.822612880536185, "runtime_seconds": 0.10991645799367689, "error": null}
{"seed": 3410, "kind": "convex", "n": 23, "ratio_to_baseline": 0.6460314239010507, "runtime_seconds": 0.2085622499944293, "error": null}
{"seed": 3410, "kind": "convex", "n": 25, "ratio_to_baseline": 0.4989504637657639, "runtime_seconds": 0.36701904099754756, "error": null}
{"seed": 3410, "kind": "convex", "n": 31, "ratio_to_baseline": 0.3838696390754966, "runtime_seconds": 1.321160208004585, "error": null}
{"seed": 3410, "kind": "convex", "n": 33, "ratio_to_baseline": 0.9202314670862523, "runtime_seconds": 1.926550916999986, "error": null}
{"seed": 3410, "kind": "triangle", "n": 20, "ratio_to_baseline": 0.24586938786375612, "runtime_seconds": 1.2783982910041232, "error": null}
{"seed": 3410, "kind": "triangle", "n": 29, "ratio_to_baseline": 0.650524415818102, "runtime_seconds": 0.3791056249974645, "error": null}
{"seed": 3410, "kind": "square", "n": 21, "ratio_to_baseline": 0.695412313236256, "runtime_seconds": 0.13293200000043726, "error": null}
{"seed": 3410, "kind": "square", "n": 23, "ratio_to_baseline": 0.6274173510453328, "runtime_seconds": 0.16186191599990707, "error": null}
{"seed": 3410, "kind": "square", "n": 25, "ratio_to_baseline": 0.8697396628025603, "runtime_seconds": 0.21367750000354135, "error": null}
{"seed": 3410, "kind": "square", "n": 35, "ratio_to_baseline": 0.03184079095561261, "runtime_seconds": 1.1514047919990844, "error": null}
{"seed": 3411, "kind": "convex", "n": 18, "ratio_to_baseline": 2.3025723935623308e-08, "runtime_seconds": 0.03321637499902863, "error": null}
{"seed": 3411, "kind": "convex", "n": 20, "ratio_to_baseline": 0.7199798056915561, "runtime_seconds": 0.1358102090016473, "error": null}
{"seed": 3411, "kind": "convex", "n": 23, "ratio_to_baseline": 0.6710102016722, "runtime_seconds": 0.3398037079969072, "error": null}
{"seed": 3411, "kind": "convex", "n": 25, "ratio_to_baseline": 0.718058203557467, "runtime_seconds": 0.43265620899910573, "error": null}
{"seed": 3411, "kind": "convex", "n": 31, "ratio_to_baseline": 0.24954711349905945, "runtime_seconds": 0.6853300410002703, "error": null}
{"seed": 3411, "kind": "convex", "n": 33, "ratio_to_baseline": 0.49310091742813417, "runtime_seconds": 1.990086167003028, "error": null}
{"seed": 3411, "kind": "triangle", "n": 20, "ratio_to_baseline": null, "runtime_seconds": 0.01332104200264439, "error": null}
{"seed": 3411, "kind": "triangle", "n": 29, "ratio_to_baseline": null, "runtime_seconds": 0.05626499999925727, "error": null}
{"seed": 3411, "kind": "square", "n": 21, "ratio_to_baseline": 0.1480180568855189, "runtime_seconds": 0.5084744579944527, "error": null}
{"seed": 3411, "kind": "square", "n": 23, "ratio_to_baseline": 0.04768252450112892, "runtime_seconds": 0.18879174999892712, "error": null}
{"seed": 3411, "kind": "square", "n": 25, "ratio_to_baseline": 0.0677903018408753, "runtime_seconds": 0.27428462500392925, "error": null}
{"seed": 3411, "kind": "square", "n": 35, "ratio_to_baseline": 0.013918295886252511, "runtime_seconds": 1.325828500004718, "error": null}
{"seed": 3412, "kind": "convex", "n": 18, "ratio_to_baseline": 0.9999999999995857, "runtime_seconds": 0.023305540998990182, "error": null}
{"seed": 3412, "kind": "convex", "n": 20, "ratio_to_baseline": 0.8226586023554376, "runtime_seconds": 0.12976625000010245, "error": null}
{"seed": 3412, "kind": "convex", "n": 23, "ratio_to_baseline": 0.5931380914228253, "runtime_seconds": 0.1956894159957301, "error": null}
{"seed": 3412, "kind": "convex", "n": 25, "ratio_to_baseline": 0.6088251978170967, "runtime_seconds": 0.4086589170037769, "error": null}
{"seed": 3412, "kind": "convex", "n": 31, "ratio_to_baseline": 0.28329234011782983, "runtime_seconds": 0.47541095800261246, "error": null}
{"seed": 3412, "kind": "convex", "n": 33, "ratio_to_baseline": 0.9999999999953147, "runtime_seconds": 0.19729970899788896, "error": null}
{"seed": 3412, "kind": "triangle", "n": 20, "ratio_to_baseline": 0.2502314211989779, "runtime_seconds": 0.11178487500001211, "error": null}
{"seed": 3412, "kind": "triangle", "n": 29, "ratio_to_baseline": 0.6009248676785567, "runtime_seconds": 0.48960487499425653, "error": null}
{"seed": 3412, "kind": "square", "n": 21, "ratio_to_baseline": 0.4394970877240702, "runtime_seconds": 0.19514266600162955, "error": null}
{"seed": 3412, "kind": "square", "n": 23, "ratio_to_baseline": 0.6841220088767791, "runtime_seconds": 0.263826541005983, "error": null}
{"seed": 3412, "kind": "square", "n": 25, "ratio_to_baseline": 0.7382211536269734, "runtime_seconds": 0.19204712499777088, "error": null}
{"seed": 3412, "kind": "square", "n": 35, "ratio_to_baseline": 0.027561567764176002, "runtime_seconds": 1.3292505409990554, "error": null}
{"seed": 3413, "kind": "convex", "n": 18, "ratio_to_baseline": 0.7755605479551383, "runtime_seconds": 0.10644812499958789, "error": null}
{"seed": 3413, "kind": "convex", "n": 20, "ratio_to_baseline": 0.8459985183269843, "runtime_seconds": 0.23461941600544378, "error": null}
{"seed": 3413, "kind": "convex", "n": 23, "ratio_to_baseline": 0.37140374033212975, "runtime_seconds": 0.49178808300348464, "error": null}
{"seed": 3413, "kind": "convex", "n": 25, "ratio_to_baseline": 0.1390945061917991, "runtime_seconds": 0.6791851250018226, "error": null}
{"seed": 3413, "kind": "convex", "n": 31, "ratio_to_baseline": 0.30466336268149125, "runtime_seconds": 0.7116845409982488, "error": null}
{"seed": 3413, "kind": "convex", "n": 33, "ratio_to_baseline": 0.31037556824008444, "runtime_seconds": 1.5624630829988746, "error": null}
{"seed": 3413, "kind": "triangle", "n": 20, "ratio_to_baseline": 0.5431696457857064, "runtime_seconds": 0.20340133299760055, "error": null}
{"seed": 3413, "kind": "triangle", "n": 29, "ratio_to_baseline": 0.35908294379469924, "runtime_seconds": 0.6079765419999603, "error": null}
{"seed": 3413, "kind": "square", "n": 21, "ratio_to_baseline": 0.0644130197890582, "runtime_seconds": 0.09585704199707834, "error": null}
{"seed": 3413, "kind": "square", "n": 23, "ratio_to_baseline": 0.8655358305109287, "runtime_seconds": 0.20967595800175332, "error": null}
{"seed": 3413, "kind": "square", "n": 25, "ratio_to_baseline": 0.06310904700327916, "runtime_seconds": 0.7191787089977879, "error": null}
{"seed": 3413, "kind": "square", "n": 35, "ratio_to_baseline": 0.7679988094864737, "runtime_seconds": 0.6872148750044289, "error": null}
{"seed": 3414, "kind": "convex", "n": 18, "ratio_to_baseline": 0.7561634054102687, "runtime_seconds": 0.16829158399923472, "error": null}
{"seed": 3414, "kind": "convex", "n": 20, "ratio_to_baseline": 0.8077555018231095, "runtime_seconds": 0.12161870799900498, "error": null}
{"seed": 3414, "kind": "convex", "n": 23, "ratio_to_baseline": 0.8155797271089199, "runtime_seconds": 0.3397084999960498, "error": null}
{"seed": 3414, "kind": "convex", "n": 25, "ratio_to_baseline": 0.166655276438117, "runtime_seconds": 0.6277438749966677, "error": null}
{"seed": 3414, "kind": "convex", "n": 31, "ratio_to_baseline": 0.28329235770023126, "runtime_seconds": 0.5337909160007257, "error": null}
{"seed": 3414, "kind": "convex", "n": 33, "ratio_to_baseline": 0.9999999999953147, "runtime_seconds": 0.15126412499375874, "error": null}
{"seed": 3414, "kind": "triangle", "n": 20, "ratio_to_baseline": 0.5688777528871136, "runtime_seconds": 0.2169607499963604, "error": null}
{"seed": 3414, "kind": "triangle", "n": 29, "ratio_to_baseline": 0.4269339913661353, "runtime_seconds": 0.7811800830022548, "error": null}
{"seed": 3414, "kind": "square", "n": 21, "ratio_to_baseline": 0.1886381898327959, "runtime_seconds": 0.24169354200421367, "error": null}
{"seed": 3414, "kind": "square", "n": 23, "ratio_to_baseline": 0.41417738892783773, "runtime_seconds": 0.28105979099927936, "error": null}
{"seed": 3414, "kind": "square", "n": 25, "ratio_to_baseline": 0.6378885104079275, "runtime_seconds": 0.11260229199979221, "error": null}
{"seed": 3414, "kind": "square", "n": 35, "ratio_to_baseline": 0.04747204486478635, "runtime_seconds": 0.4041540000034729, "error": null}
{"seed": 3415, "kind": "convex", "n": 18, "ratio_to_baseline": 0.9999999999995857, "runtime_seconds": 0.023960416998306755, "error": null}
{"seed": 3415, "kind": "convex", "n": 20, "ratio_to_baseline": 0.7378505240172166, "runtime_seconds": 0.21089637499972014, "error": null}
{"seed": 3415, "kind": "convex", "n": 23, "ratio_to_baseline": 0.7573397476504499, "runtime_seconds": 0.29549229200347327, "error": null}
{"seed": 3415, "kind": "convex", "n": 25, "ratio_to_baseline": 0.9999999999995366, "runtime_seconds": 0.06941708300291793, "error": null}
{"seed": 3415, "kind": "convex", "n": 31, "ratio_to_baseline": 0.21178948281182725, "runtime_seconds": 1.0713255829978152, "error": null}
{"seed": 3415, "kind": "convex", "n": 33, "ratio_to_baseline": 0.9999999999953147, "runtime_seconds": 0.19363979199988535, "error": null}
{"seed": 3415, "kind": "triangle", "n": 20, "ratio_to_baseline": 0.7793553905010617, "runtime_seconds": 0.16755266700056382, "error": null}
{"seed": 3415, "kind": "triangle", "n": 29, "ratio_to_baseline": 0.7095727458869163, "runtime_seconds": 0.3231634170006146, "error": null}
{"seed": 3415, "kind": "square", "n": 21, "ratio_to_baseline": 0.4294917295120172, "runtime_seconds": 0.19397262499842327, "error": null}
{"seed": 3415, "kind": "square", "n": 23, "ratio_to_baseline": 0.04767493571371822, "runtime_seconds": 0.17235012500168523, "error": null}
{"seed": 3415, "kind": "square", "n": 25, "ratio_to_baseline": 0.43657831091627675, "runtime_seconds": 0.33926420799980406, "error": null}
{"seed": 3415, "kind": "square", "n": 35, "ratio_to_baseline": 0.046167708719256434, "runtime_seconds": 1.7394139579992043, "error": null}
{"seed": 3416, "kind": "convex", "n": 18, "ratio_to_baseline": 0.7396166934935169, "runtime_seconds": 0.12683437499799766, "error": null}
{"seed": 3416, "kind": "convex", "n": 20, "ratio_to_baseline": 0.8128927660559563, "runtime_seconds": 0.12461125000118045, "error": null}
{"seed": 3416, "kind": "convex", "n": 23, "ratio_to_baseline": 0.6985696510798872, "runtime_seconds": 0.48458845800632844, "error": null}
{"seed": 3416, "kind": "convex", "n": 25, "ratio_to_baseline": 0.9999999999995366, "runtime_seconds": 0.06703537499561207, "error": null}
{"seed": 3416, "kind": "convex", "n": 31, "ratio_to_baseline": 0.19546809540333038, "runtime_seconds": 6.180061375001969, "error": null}
{"seed": 3416, "kind": "convex", "n": 33, "ratio_to_baseline": 0.9999999999953147, "runtime_seconds": 0.15778187500109198, "error": null}
{"seed": 3416, "kind": "triangle", "n": 20, "ratio_to_baseline": 0.7215276722898712, "runtime_seconds": 0.10456487500050571, "error": null}
{"seed": 3416, "kind": "triangle", "n": 29, "ratio_to_baseline": 0.05618620687048111, "runtime_seconds": 0.3872515420007403, "error": null}
{"seed": 3416, "kind": "square", "n": 21, "ratio_to_baseline": 0.3970264614894666, "runtime_seconds": 0.14661691600485938, "error": null}
{"seed": 3416, "kind": "square", "n": 23, "ratio_to_baseline": 0.7734507148920766, "runtime_seconds": 0.25372391600103583, "error": null}
{"seed": 3416, "kind": "square", "n": 25, "ratio_to_baseline": 0.11340963944341395, "runtime_seconds": 0.36400329200114356, "error": null}
{"seed": 3416, "kind": "square", "n": 35, "ratio_to_baseline": 0.5577187321669518, "runtime_seconds": 1.5676314169977559, "error": null}
{"seed": 3417, "kind": "convex", "n": 18, "ratio_to_baseline": 0.7672772231515859, "runtime_seconds": 0.06248083399987081, "error": null}
{"seed": 3417, "kind": "convex", "n": 20, "ratio_to_baseline": 0.8460198898548819, "runtime_seconds": 0.22451545899821213, "error": null}
{"seed": 3417, "kind": "convex", "n": 23, "ratio_to_baseline": 0.7203869148340261, "runtime_seconds": 0.26463849999709055, "error": null}
{"seed": 3417, "kind": "convex", "n": 25, "ratio_to_baseline": 0.1439516377676776, "runtime_seconds": 0.1755530840018764, "error": null}
{"seed": 3417, "kind": "convex", "n": 31, "ratio_to_baseline": 0.6132583435199324, "runtime_seconds": 1.4586201249985606, "error": null}
{"seed": 3417, "kind": "convex", "n": 33, "ratio_to_baseline": 0.448974617236382, "runtime_seconds": 1.3915274169994518, "error": null}
{"seed": 3417, "kind": "triangle", "n": 20, "ratio_to_baseline": 0.534187681159297, "runtime_seconds": 0.2562964169992483, "error": null}
{"seed": 3417, "kind": "triangle", "n": 29, "ratio_to_baseline": 0.7383955772837525, "runtime_seconds": 0.48390762499911943, "error": null}
{"seed": 3417, "kind": "square", "n": 21, "ratio_to_baseline": 0.06119612679083972, "runtime_seconds": 0.22967449999850942, "error": null}
{"seed": 3417, "kind": "square", "n": 23, "ratio_to_baseline": 0.5828934314897842, "runtime_seconds": 0.14816150000115158, "error": null}
{"seed": 3417, "kind": "square", "n": 25, "ratio_to_baseline": 0.801427077833161, "runtime_seconds": 0.1382638329960173, "error": null}
{"seed": 3417, "kind": "square", "n": 35, "ratio_to_baseline": 0.059787601297317264, "runtime_seconds": 0.6323755420016823, "error": null}
{"seed": 3418, "kind": "convex", "n": 18, "ratio_to_baseline": 0.6987208407590757, "runtime_seconds": 0.12063408300309675, "error": null}
{"seed": 3418, "kind": "convex", "n": 20, "ratio_to_baseline": 0.9999999999993341, "runtime_seconds": 0.03046166699641617, "error": null}
{"seed": 3418, "kind": "convex", "n": 23, "ratio_to_baseline": 0.5931381328057641, "runtime_seconds": 0.18569249999563908, "error": null}
{"seed": 3418, "kind": "convex", "n": 25, "ratio_to_baseline": 0.7901404264574864, "runtime_seconds": 0.2861357500005397, "error": null}
{"seed": 3418, "kind": "convex", "n": 31, "ratio_to_baseline": 0.999999999989406, "runtime_seconds": 0.11475424999662209, "error": null}
{"seed": 3418, "kind": "convex", "n": 33, "ratio_to_baseline": 0.9999999999953147, "runtime_seconds": 0.18497391699929722, "error": null}
{"seed": 3418, "kind": "triangle", "n": 20, "ratio_to_baseline": 0.07939887708389408, "runtime_seconds": 0.13647729100193828, "error": null}
{"seed": 3418, "kind": "triangle", "n": 29, "ratio_to_baseline": 0.3616594093582667, "runtime_seconds": 0.5892196250060806, "error": null}
{"seed": 3418, "kind": "square", "n": 21, "ratio_to_baseline": 0.7671364036403184, "runtime_seconds": 0.13834362500347197, "error": null}
{"seed": 3418, "kind": "square", "n": 23, "ratio_to_baseline": 0.6640766264156461, "runtime_seconds": 0.14082470800349256, "error": null}
{"seed": 3418, "kind": "square", "n": 25, "ratio_to_baseline": 0.05402751063522507, "runtime_seconds": 0.4102205419985694, "error": null}
{"seed": 3418, "kind": "square", "n": 35, "ratio_to_baseline": 0.6796235241965997, "runtime_seconds": 0.7894523329960066, "error": null}
{"seed": 3419, "kind": "convex", "n": 18, "ratio_to_baseline": 0.7029609619959316, "runtime_seconds": 0.13503879200288793, "error": null}
{"seed": 3419, "kind": "convex", "n": 20, "ratio_to_baseline": 0.6020004164012516, "runtime_seconds": 0.24263287499343278, "error": null}
{"seed": 3419, "kind": "convex", "n": 23, "ratio_to_baseline": 0.3235493245039196, "runtime_seconds": 0.4873240840024664, "error": null}
{"seed": 3419, "kind": "convex", "n": 25, "ratio_to_baseline": 0.7171537701178681, "runtime_seconds": 0.37337620800099103, "error": null}
{"seed": 3419, "kind": "convex", "n": 31, "ratio_to_baseline": 0.4754190913507437, "runtime_seconds": 0.5789304579957388, "error": null}
{"seed": 3419, "kind": "convex", "n": 33, "ratio_to_baseline": 0.7323987326815755, "runtime_seconds": 1.6475901669982704, "error": null}
{"seed": 3419, "kind": "triangle", "n": 20, "ratio_to_baseline": 0.3988183922749552, "runtime_seconds": 0.09708237500308314, "error": null}
{"seed": 3419, "kind": "triangle", "n": 29, "ratio_to_baseline": 0.40251155665895794, "runtime_seconds": 0.23908020900125848, "error": null}
{"seed": 3419, "kind": "square", "n": 21, "ratio_to_baseline": 0.6354572371841779, "runtime_seconds": 0.08440116699784994, "error": null}
{"seed": 3419, "kind": "square", "n": 23, "ratio_to_baseline": 0.5685712769708677, "runtime_seconds": 0.11660104100155877, "error": null}
{"seed": 3419, "kind": "square", "n": 25, "ratio_to_baseline": 0.10425245628299996, "runtime_seconds": 0.5161423750032554, "error": null}
{"seed": 3419, "kind": "square", "n": 35, "ratio_to_baseline": 0.02863080231858379, "runtime_seconds": 0.5855211250018328, "error": null}
